transaction_id,account_id,transaction_date,amount,transaction_type,category,description,merchant,currency,status
1,5192,2023-07-01,-4141.39,DR,cash,ATM Withdrawal,Walmart,USD,Failed
2,5211,"Apr 17, 2023",-6018.86,debit,travel,Travel,CVS Pharmacy,USD,Complete
3,5241,08-May-2023,8683.36,DR,purchase,Netflix,Netflix,USD,declined
4,5338,28-Sep-2023,6396.68,debit,Salary,Netflix,Netflix,MXN,COMPLETED
5,5293,"Mar 16, 2024",-9248.18,DR,bills,bills,Apple,USD,pending
6,5163,13-Jun-2024,-2194.98,Debit,Cash,Cash,Apple,USD,Pending
7,5105,04/06/2023,4156.06,Debit,Transfer,,Amazon,USD,failed
8,5324,02-Jan-2024,6199.31,Credit,atm,ATM Withdrawal,United Airlines,USD,C
9,5043,05/28/2023,1054.74,credit,food,Food & Dining,Starbucks,USD,completed
10,5254,"Jan 06, 2024",957.28,DR,Bills,United Airlines,United Airlines,USD,failed
11,5231,2023-06-14,97.32,debit,ATM Withdrawal,ATM Withdrawal,CVS Pharmacy,USD,P
12,5380,2023-09-18,5758.45,Debit,Xfer,Whole Foods,Whole Foods,USD,COMPLETED
13,5113,27-Mar-2023,2600.56,credit,ATM Withdrawal,null,Apple,USD,FAILED
14,5254,22-Mar-2024,-2376.63,DEBIT,healthcare,healthcare,Spotify,USD,F
15,5106,05/14/2024,4026.08,CREDIT,medical,United Airlines,United Airlines,USD,Pending
16,5324,07-Mar-2023,-8449.88,DEBIT,TRAVEL,null,Apple,USD,Completed
17,5059,07/04/2023,7513.72,credit,Retail,Shell,Shell,USD,completed
18,5005,23-Nov-2023,2031.62,CREDIT,food & drink,food & drink,United Airlines,USD,P
19,5112,"Apr 16, 2023",-5452.94,DR,payroll,null,Amazon,USD,Completed
20,5141,2024-03-07,4302.01,DR,TRANSFER,,Apple,USD,C
21,5068,17-Feb-2024,3205.87,credit,Food & Dining,Starbucks,Starbucks,MXN,pending
22,5041,17-Nov-2023,3737.22,CR,Travel,Travel,Walmart,USD,Completed
23,5115,2023-02-18,999.68,DR,DINING,Food & Dining,Shell,USD,C
24,5023,"Apr 24, 2023",713.83,DR,Restaurants,Food & Dining,Spotify,USD,COMPLETED
25,5164,01-Jun-2023,4244.96,Credit,Health,unknown,Starbucks,CAD,Complete
26,5048,"Sep 28, 2023",3354.24,Credit,payroll,Payroll,Walmart,USD,Complete
27,5007,08/10/2023,1786.03,CREDIT,Hotel,Travel,Apple,EUR,declined
28,5067,"Aug 13, 2023",9263.14,Credit,Retail,Retail,Starbucks,USD,failed
29,5158,15-Apr-2023,8323.99,Credit,Cash,ATM Withdrawal,Target,USD,PENDING
30,5339,"Jun 27, 2024",2523.73,credit,hotel,null,Target,USD,P
31,5171,24-Feb-2023,3513.55,DR,Airline,N/A,Spotify,MXN,P
32,5222,2023-04-22,-9110.27,debit,restaurants,Netflix,Netflix,USD,Complete
33,5318,19-Feb-2024,-963.29,DEBIT,medical,Shell,Shell,USD,FAILED
34,5002,2023-04-07,-8624.03,DEBIT,cash,cash,Apple,USD,COMPLETED
35,5171,2024-04-11,6327.63,debit,ATM,Target,Target,USD,PENDING
36,5299,2023-01-02,-4489.93,DEBIT,airline,Walmart,Walmart,USD,F
37,5377,10-Dec-2023,-6981.01,DEBIT,HOTEL,Amazon,Amazon,USD,FAILED
38,5171,06/14/2024,2565.14,debit,travel,Apple,Apple,USD,PENDING
39,5016,"Sep 08, 2023",1960.72,credit,Medical,Medical,Apple,MXN,C
40,5348,24-Dec-2023,-5597.32,DEBIT,Retail,Shopping,Google,USD,pending
41,5233,12/22/2023,-9209.99,Debit,payroll,Starbucks,Starbucks,USD,PENDING
42,5148,"Mar 08, 2023",4312.2,credit,Payroll,Amazon,Amazon,USD,failed
43,5001,02/21/2023,-3327.72,Debit,PAYROLL,null,Google,USD,Failed
44,5042,25-Oct-2023,-4495.72,DR,Utilities,Utilities,Starbucks,USD,Failed
45,5224,"Nov 27, 2023",-7293.01,DR,CASH,CASH,Starbucks,USD,pending
46,5224,"Apr 09, 2023",4198.62,CREDIT,cash,unknown,CVS Pharmacy,USD,PENDING
47,5015,28-Jan-2023,-7180.88,DEBIT,Healthcare,Healthcare,Netflix,USD,F
48,5202,2023-05-09,57.55,CR,Health,Starbucks,Starbucks,USD,Failed
49,5050,10/25/2023,-8211.12,debit,hotel,hotel,CVS Pharmacy,CAD,declined
50,5346,06/08/2023,6832.13,CR,direct deposit,Payroll,Amazon,USD,P
51,5050,2023-09-11,4501.08,CR,Utilities,unknown,unknown,USD,pending
52,5248,2023-07-08,8053.57,CR,UTILITIES,UTILITIES,Apple,USD,COMPLETED
53,5382,2023-09-04,7046.07,CR,cash,unknown,Apple,USD,Pending
54,5342,"Oct 09, 2023",6628.0,DR,medical,Healthcare,Spotify,MXN,Failed
55,5156,04-Feb-2023,-8627.12,Debit,Travel,Travel,Target,USD,Pending
56,5362,21-Jun-2024,597.21,CREDIT,MEDICAL,Target,Target,USD,declined
57,5202,11-Mar-2023,-9144.31,Debit,Hotel,null,Shell,USD,completed
58,5024,01/31/2023,918.04,CREDIT,atm,ATM Withdrawal,Google,MXN,declined
59,5090,2024-01-29,-589.24,debit,Healthcare,Healthcare,Shell,USD,Pending
60,5056,05-Apr-2024,9394.28,Credit,healthcare,healthcare,CVS Pharmacy,USD,Complete
61,5380,2023-06-15,5021.5,credit,health,health,Apple,USD,Completed
62,5072,"Jan 06, 2023",3876.85,credit,purchase,purchase,Google,USD,Declined
63,5107,2024-04-30,-5875.93,Debit,SHOPPING,Shopping,United Airlines,USD,COMPLETED
64,5265,02-Nov-2023,4738.27,CREDIT,TRANSFER,,Starbucks,CAD,FAILED
65,5184,"Mar 11, 2023",-711.31,DEBIT,ATM Withdrawal,Walmart,Walmart,USD,failed
66,5016,2023-02-03,2479.11,debit,Retail,Retail,Apple,USD,PENDING
67,5038,2023-02-06,9024.17,credit,Shopping,Shopping,Starbucks,USD,Completed
68,5255,06/03/2024,3328.1,Credit,utility,,Amazon,USD,failed
69,5351,"Jan 19, 2023",-3678.3,Debit,Travel,Travel,Walmart,USD,declined
70,5316,01/12/2024,3260.35,Credit,shopping,N/A,Amazon,USD,FAILED
71,5386,16-Feb-2023,7720.1,CR,restaurants,restaurants,Shell,EUR,C
72,5067,02/12/2024,6237.95,Credit,travel,unknown,Shell,CAD,FAILED
73,5155,"Jan 11, 2024",5005.49,credit,Direct Deposit,United Airlines,United Airlines,USD,completed
74,5105,05/21/2023,7048.39,CREDIT,UTIL,N/A,N/A,USD,failed
75,5392,"Apr 09, 2024",-4740.12,DR,Transfer,,,GBP,Completed
76,5196,29-Jan-2024,-2133.04,DR,Travel,Travel,null,USD,declined
77,5312,"Dec 11, 2023",-7194.14,DR,Direct Deposit,Netflix,Netflix,USD,Declined
78,5274,04/19/2024,6832.87,DEBIT,MEDICAL,Healthcare,Whole Foods,USD,C
79,5350,08-Oct-2023,7327.95,DR,Xfer,Transfer,Apple,USD,completed
80,5158,11/25/2023,4216.74,CR,PAYROLL,,CVS Pharmacy,USD,Completed
81,5297,03/23/2023,-9056.33,DEBIT,DD,DD,CVS Pharmacy,USD,failed
82,5090,05/31/2023,1088.13,CR,restaurants,Food & Dining,null,CAD,FAILED
83,5133,2023-09-21,5134.65,CREDIT,food & drink,Food & Dining,CVS Pharmacy,EUR,Complete
84,5105,30-Nov-2023,-7815.76,DR,purchase,N/A,N/A,USD,pending
85,5334,2024-01-19,5908.58,debit,Airline,Airline,Amazon,USD,F
86,5161,"Jun 07, 2024",-3599.6,Debit,shopping,Shopping,Whole Foods,USD,Declined
87,5271,02/22/2023,-3011.61,DEBIT,HOTEL,null,Shell,USD,Pending
88,5384,2023-04-29,6961.85,CREDIT,Bills,Netflix,Netflix,USD,failed
89,5248,08/24/2023,-2183.52,Debit,Hotel,United Airlines,United Airlines,USD,F
90,5147,2023-12-16,-775.23,Debit,Shopping,Shopping,CVS Pharmacy,USD,completed
91,5215,"Sep 27, 2023",-1201.65,debit,travel,,Netflix,MXN,Pending
92,5066,2024-02-16,2787.93,CREDIT,utility,Amazon,Amazon,USD,PENDING
93,5210,05-Apr-2024,-7198.01,Debit,Medical,,Amazon,USD,pending
94,5165,2024-03-25,6864.34,credit,cash,N/A,Shell,USD,C
95,5166,01/29/2024,-1695.77,DR,purchase,Shopping,Starbucks,EUR,C
96,5141,13-May-2024,-8410.93,DEBIT,airline,airline,Apple,USD,completed
97,5106,04-Jun-2024,5685.12,Credit,ATM,ATM,Amazon,CAD,C
98,5293,"Mar 12, 2024",7895.03,credit,TRAVEL,United Airlines,United Airlines,USD,completed
99,5071,13-Oct-2023,7634.79,Credit,wire transfer,Netflix,Netflix,USD,PENDING
100,5323,2024-06-09,8476.7,CREDIT,wire transfer,Transfer,Apple,USD,Complete
101,5071,01/21/2024,1859.75,CR,utility,utility,Starbucks,USD,failed
102,5046,12-Jun-2024,4126.59,Credit,Utilities,N/A,N/A,USD,failed
103,5299,"Aug 29, 2023",-5039.85,DEBIT,Retail,CVS Pharmacy,CVS Pharmacy,USD,P
104,5247,"Oct 30, 2023",-1068.38,DEBIT,Xfer,Transfer,Apple,USD,COMPLETED
105,5238,11/23/2023,6621.5,CR,wire transfer,Transfer,Apple,USD,C
106,5138,"Jun 03, 2024",-7437.08,DEBIT,UTILITIES,unknown,CVS Pharmacy,GBP,C
107,5028,10/02/2023,-3229.15,DEBIT,airline,Travel,Target,USD,Failed
108,5313,04-Dec-2023,-5128.25,debit,cash,ATM Withdrawal,Shell,USD,failed
109,5026,15-Jun-2024,-5087.45,DR,UTIL,Target,Target,USD,pending
110,5111,09/12/2023,8032.23,credit,Food & Dining,Amazon,Amazon,USD,C
111,5013,2023-08-24,2589.08,DR,Utilities,null,Walmart,MXN,Completed
112,5008,05-Jun-2023,-1846.5,DEBIT,Wire,Amazon,Amazon,USD,PENDING
113,5104,13-Apr-2023,3578.14,Credit,salary,salary,CVS Pharmacy,USD,pending
114,5009,"May 23, 2024",7245.89,CR,Medical,Medical,Amazon,USD,PENDING
115,5190,"May 03, 2024",3158.8,credit,xfer,xfer,Whole Foods,USD,completed
116,5073,17-Feb-2024,-560.8,DR,airline,null,Amazon,USD,Declined
117,5003,02-Oct-2023,5343.33,CR,UTILITIES,null,Whole Foods,USD,FAILED
118,5248,2024-06-10,4044.74,debit,TRANSFER,Transfer,CVS Pharmacy,EUR,declined
119,5218,22-May-2024,-7630.16,DR,CASH,Starbucks,Starbucks,USD,Failed
120,5191,19-Jun-2023,4971.36,CREDIT,ATM Withdrawal,ATM Withdrawal,Whole Foods,USD,COMPLETED
121,5269,04/30/2024,3955.46,credit,food & drink,Food & Dining,Whole Foods,USD,P
122,5235,05-Dec-2023,5937.62,credit,Transfer,Transfer,Whole Foods,USD,declined
123,5099,2023-10-09,-5552.87,DR,Salary,Salary,Target,USD,C
124,5092,"Sep 27, 2023",-7570.61,DR,transfer,transfer,Google,USD,COMPLETED
125,5002,08/26/2023,8830.77,Debit,Utilities,,Amazon,USD,pending
126,5341,28-Apr-2024,-4754.06,DR,SHOPPING,Shell,Shell,CAD,P
127,5041,2023-08-08,-7919.41,DR,CASH,unknown,Starbucks,USD,failed
128,5179,07/02/2023,8126.18,CREDIT,food & drink,unknown,Netflix,USD,Pending
129,5092,2023-01-11,-3430.06,DEBIT,Bills,Netflix,Netflix,USD,Completed
130,5332,"Oct 09, 2023",418.17,DEBIT,Hotel,,Amazon,USD,PENDING
131,5089,2024-04-29,-3511.2,Debit,Transfer,N/A,Target,USD,Declined
132,5062,2023-02-27,-2985.93,DEBIT,Travel,Google,Google,USD,Declined
133,5345,2023-11-21,-6860.57,debit,cash,ATM Withdrawal,Apple,USD,Complete
134,5390,05/28/2024,2533.77,debit,CASH,ATM Withdrawal,United Airlines,USD,C
135,5141,12/26/2023,4429.93,credit,wire transfer,Transfer,Walmart,USD,COMPLETED
136,5163,21-Jan-2023,100.16,CR,ATM Cash,ATM Cash,Whole Foods,USD,FAILED
137,5387,16-May-2023,3604.07,DEBIT,Payroll,Payroll,Whole Foods,USD,COMPLETED
138,5152,"Sep 23, 2023",878.82,CREDIT,Airline,Airline,Netflix,USD,Completed
139,5300,30-Jan-2024,-5403.19,DR,cash,ATM Withdrawal,Google,USD,P
140,5396,"Aug 04, 2023",-4443.57,Debit,Direct Deposit,Payroll,Shell,USD,Pending
141,5360,04/18/2023,8559.83,CR,purchase,Walmart,Walmart,USD,C
142,5084,04/23/2024,207.6,CR,ATM Cash,CVS Pharmacy,CVS Pharmacy,USD,FAILED
143,5192,"Dec 12, 2023",2852.35,Credit,Hotel,Travel,Starbucks,USD,COMPLETED
144,5263,2023-06-20,9039.24,Debit,Direct Deposit,Amazon,Amazon,USD,F
145,5393,05/25/2023,3762.55,Debit,Retail,Retail,Walmart,USD,Declined
146,5105,2024-03-23,1465.16,CREDIT,Xfer,,Shell,USD,P
147,5352,02/08/2024,6350.48,Credit,Bills,,Shell,USD,F
148,5168,17-Oct-2023,3742.18,debit,MEDICAL,Shell,Shell,MXN,P
149,5001,"Feb 12, 2024",1312.62,Credit,Xfer,Xfer,Shell,USD,pending
150,5078,2023-10-19,-6415.42,DEBIT,Salary,unknown,United Airlines,USD,F
151,5043,"Dec 21, 2023",-7633.92,Debit,Wire,unknown,Amazon,GBP,pending
152,5395,25-Feb-2023,2457.91,CR,Salary,Google,Google,USD,completed
153,5092,"Mar 10, 2024",6410.15,CREDIT,health,null,Spotify,USD,Completed
154,5238,16-Oct-2023,-8245.15,debit,food,Food & Dining,Shell,USD,P
155,5137,"Jul 03, 2023",-3962.66,DEBIT,DD,DD,Amazon,USD,COMPLETED
156,5044,"Apr 07, 2023",-1374.98,DEBIT,CASH,ATM Withdrawal,Whole Foods,USD,completed
157,5168,2024-01-17,5789.25,credit,DINING,Google,Google,USD,declined
158,5327,2023-11-06,-213.62,DEBIT,medical,medical,United Airlines,USD,Failed
159,5134,07-Nov-2023,7590.26,CR,utility,utility,United Airlines,USD,C
160,5257,16-Feb-2023,6443.3,DR,healthcare,unknown,Starbucks,USD,Failed
161,5326,"Nov 22, 2023",2136.61,Credit,Xfer,,Google,USD,failed
162,5305,"Dec 03, 2023",8833.86,CREDIT,medical,null,Target,GBP,Complete
163,5273,2023-06-24,3828.51,credit,Medical,Medical,Shell,USD,FAILED
164,5272,01/14/2024,7133.4,CR,direct deposit,Spotify,Spotify,USD,Failed
165,5221,"Mar 01, 2024",5286.62,Credit,Restaurants,Food & Dining,Target,USD,completed
166,5203,08/12/2023,-5422.51,Debit,Utilities,unknown,Shell,USD,declined
167,5307,13-Oct-2023,3450.8,DR,purchase,unknown,CVS Pharmacy,GBP,COMPLETED
168,5091,"Feb 14, 2024",5060.79,CR,Payroll,N/A,Walmart,USD,pending
169,5211,07/13/2023,1317.3,credit,restaurants,restaurants,Shell,USD,Failed
170,5321,"Apr 28, 2024",-216.81,DR,wire transfer,Target,Target,USD,FAILED
171,5123,"Jun 29, 2023",3066.56,debit,airline,airline,Apple,USD,F
172,5091,2024-04-17,8284.94,Credit,wire transfer,Transfer,Walmart,USD,failed
173,5347,2024-02-21,-669.4,DEBIT,Hotel,,Spotify,USD,PENDING
174,5372,2023-03-03,-7869.1,debit,Salary,Salary,Walmart,USD,Declined
175,5135,25-Apr-2023,3923.07,Credit,ATM Withdrawal,ATM Withdrawal,Walmart,USD,PENDING
176,5364,18-May-2024,2470.74,CR,UTILITIES,Google,Google,USD,Failed
177,5019,05/24/2023,2740.8,CREDIT,cash,Starbucks,Starbucks,USD,PENDING
178,5366,2024-03-26,-7065.72,Debit,PAYROLL,PAYROLL,Whole Foods,USD,Failed
179,5156,06/01/2023,-3460.17,DR,Restaurants,Apple,Apple,USD,P
180,5192,2024-01-23,8272.56,CR,TRAVEL,unknown,unknown,USD,Complete
181,5159,2023-07-31,2644.72,credit,utilities,utilities,CVS Pharmacy,USD,FAILED
182,5104,2024-01-08,5951.19,credit,F&D,Food & Dining,Netflix,USD,PENDING
183,5291,06/19/2024,2433.43,Credit,utilities,Utilities,CVS Pharmacy,USD,Failed
184,5137,"Oct 12, 2023",-6966.97,Debit,Xfer,,Whole Foods,USD,completed
185,5275,2023-02-22,6022.47,credit,purchase,purchase,Whole Foods,USD,Failed
186,5250,"Nov 04, 2023",8180.96,Credit,F&D,Starbucks,Starbucks,MXN,PENDING
187,5324,30-Jun-2023,4591.67,DEBIT,retail,N/A,Apple,USD,completed
188,5388,"Jul 06, 2023",3033.15,CR,Travel,Walmart,Walmart,USD,completed
189,5227,"Dec 17, 2023",7398.74,Credit,atm,ATM Withdrawal,Shell,USD,failed
190,5154,"Aug 04, 2023",-1486.53,Debit,ATM Withdrawal,N/A,Netflix,USD,F
191,5372,03-Oct-2023,-4484.35,DEBIT,UTIL,null,Shell,USD,C
192,5218,2024-02-07,-7241.35,DR,Healthcare,Healthcare,Starbucks,USD,Complete
193,5339,"Sep 20, 2023",-225.93,DR,DD,Spotify,Spotify,USD,completed
194,5039,"Sep 06, 2023",6867.34,CR,ATM Withdrawal,ATM Withdrawal,United Airlines,USD,C
195,5311,"Jan 20, 2024",534.03,CREDIT,food,food,Walmart,USD,declined
196,5384,03/17/2023,-6958.53,Debit,purchase,CVS Pharmacy,CVS Pharmacy,USD,Failed
197,5280,09/24/2023,1335.3,CREDIT,Payroll,Payroll,CVS Pharmacy,USD,Pending
198,5240,"Aug 22, 2023",3164.28,DEBIT,hotel,,Apple,USD,pending
199,5250,19-Feb-2023,-154.9,debit,food & drink,CVS Pharmacy,CVS Pharmacy,USD,failed
200,5035,2023-03-19,5052.21,credit,TRANSFER,unknown,Whole Foods,USD,Declined
201,5142,"Apr 21, 2024",6179.56,CREDIT,TRAVEL,Travel,Google,CAD,pending
202,5295,"Oct 28, 2023",180.26,DR,F&D,F&D,Shell,USD,F
203,5295,30-Dec-2023,7343.65,Debit,atm,ATM Withdrawal,Netflix,USD,Pending
204,5162,08/24/2023,2878.53,DEBIT,utilities,N/A,Amazon,USD,completed
205,5193,2023-01-27,3614.58,DR,airline,airline,Walmart,USD,P
206,5297,2024-06-12,7188.0,CREDIT,transfer,Whole Foods,Whole Foods,MXN,PENDING
207,5131,2024-06-04,-154.37,DR,WIRE,,Starbucks,USD,Declined
208,5334,04-Nov-2023,-803.2,DR,utility,Utilities,Starbucks,USD,COMPLETED
209,5128,01-Jul-2023,4927.39,debit,DINING,Apple,Apple,MXN,Failed
210,5213,06/11/2023,-1659.88,Debit,healthcare,Healthcare,Walmart,USD,PENDING
211,5105,2023-11-10,3545.88,CREDIT,Health,,Shell,USD,Completed
212,5377,2023-05-28,5125.47,Debit,Healthcare,,Whole Foods,USD,completed
213,5058,02-May-2024,-8133.48,Debit,Hotel,Hotel,CVS Pharmacy,USD,Pending
214,5337,01/10/2024,4682.12,Credit,WIRE,WIRE,Target,USD,failed
215,5043,08-Apr-2023,8425.83,DEBIT,Medical,Medical,CVS Pharmacy,EUR,Pending
216,5217,01/19/2024,-6996.16,DR,cash,ATM Withdrawal,Amazon,USD,Declined
217,5122,"Jun 15, 2023",112.26,CREDIT,Medical,N/A,Spotify,USD,Complete
218,5233,27-Sep-2023,7077.38,CREDIT,travel,Target,Target,USD,F
219,5250,04/12/2024,7251.3,CREDIT,wire transfer,Transfer,Netflix,USD,Complete
220,5235,04/24/2023,1200.72,CR,xfer,unknown,Walmart,USD,Declined
221,5262,2023-07-19,6465.78,Credit,ATM Cash,Target,Target,USD,P
222,5118,"Jun 27, 2024",1508.96,Credit,ATM Withdrawal,ATM Withdrawal,Spotify,USD,C
223,5026,15-Feb-2024,8559.19,CR,Salary,Payroll,Google,USD,completed
224,5129,11/16/2023,-5825.0,debit,utility,N/A,Target,USD,F
225,5082,03/05/2024,1837.83,credit,MEDICAL,N/A,Starbucks,USD,completed
226,5372,05-Jun-2023,1353.74,CREDIT,Bills,Utilities,Netflix,USD,F
227,5322,27-Apr-2024,4164.15,CR,utility,Google,Google,USD,Completed
228,5196,2023-09-19,4046.72,CR,WIRE,Walmart,Walmart,USD,Complete
229,5341,21-May-2024,-539.14,DEBIT,medical,Healthcare,Starbucks,GBP,Completed
230,5052,"May 12, 2024",4702.78,DEBIT,bills,unknown,Spotify,USD,Completed
231,5309,2023-04-21,1116.88,CREDIT,TRANSFER,Google,Google,USD,failed
232,5226,2024-04-16,-7725.21,DR,F&D,Target,Target,USD,completed
233,5150,27-Feb-2024,8069.74,CREDIT,dining,null,Whole Foods,USD,F
234,5025,"Nov 29, 2023",7302.04,CREDIT,Airline,Travel,Target,USD,Pending
235,5181,08/22/2023,2906.13,credit,purchase,unknown,CVS Pharmacy,USD,Complete
236,5136,05/12/2024,-7656.22,Debit,SHOPPING,null,null,USD,declined
237,5260,31-Oct-2023,5875.86,credit,Cash,Target,Target,USD,pending
238,5069,01/30/2024,5827.88,CREDIT,xfer,xfer,Amazon,USD,failed
239,5141,01/27/2023,7916.02,Credit,airline,Travel,Whole Foods,USD,C
240,5125,"Jan 22, 2023",3938.58,Credit,HOTEL,unknown,Netflix,USD,FAILED
241,5134,01/08/2024,3517.8,Credit,Salary,Walmart,Walmart,USD,Declined
242,5360,09/10/2023,9319.62,CR,ATM,Spotify,Spotify,USD,FAILED
243,5360,08/18/2023,5455.89,CR,Airline,Travel,Walmart,CAD,P
244,5230,2023-02-28,8242.12,credit,Retail,null,Google,GBP,pending
245,5361,17-May-2023,-6287.45,DEBIT,healthcare,Healthcare,Netflix,USD,Failed
246,5028,01/02/2024,-5831.97,Debit,TRANSFER,Transfer,Target,USD,failed
247,5254,03-May-2023,-895.44,DR,Shopping,Shopping,Target,USD,completed
248,5160,12/30/2023,4089.0,credit,CASH,Whole Foods,Whole Foods,USD,failed
249,5325,25-Mar-2023,-7142.49,debit,Retail,Shopping,Amazon,USD,COMPLETED
250,5001,"Jun 25, 2024",3105.84,CREDIT,Food & Dining,Food & Dining,Whole Foods,USD,P
251,5112,2023-12-20,5697.72,CR,transfer,Transfer,CVS Pharmacy,USD,declined
252,5276,04-May-2023,-1024.75,Debit,direct deposit,unknown,Target,USD,declined
253,5338,02/03/2024,6353.03,CREDIT,travel,N/A,CVS Pharmacy,EUR,Completed
254,5184,"Mar 02, 2023",-8054.01,DR,travel,travel,Target,GBP,C
255,5321,"Mar 12, 2024",3582.76,CR,medical,CVS Pharmacy,CVS Pharmacy,USD,PENDING
256,5395,22-Oct-2023,-1787.56,Debit,Food & Dining,,Amazon,CAD,Complete
257,5181,"Feb 23, 2023",4830.05,CREDIT,Health,Health,Walmart,USD,declined
258,5114,2023-11-24,4705.62,debit,Xfer,Google,Google,USD,Completed
259,5124,05-Dec-2023,7852.61,DR,Cash,N/A,Spotify,USD,failed
260,5293,"Nov 14, 2023",-6998.28,debit,utility,Whole Foods,Whole Foods,USD,Failed
261,5006,2024-02-09,1225.31,credit,dining,dining,CVS Pharmacy,USD,P
262,5168,2023-06-21,2706.38,DEBIT,Salary,,Whole Foods,USD,Complete
263,5066,14-Jun-2024,4549.31,DR,dining,,Spotify,USD,FAILED
264,5074,03/28/2024,-7301.45,debit,restaurants,Starbucks,Starbucks,USD,PENDING
265,5103,27-Feb-2023,1455.27,credit,medical,N/A,Whole Foods,USD,Completed
266,5226,2023-03-13,-5021.76,Debit,bills,null,null,USD,P
267,5274,2023-01-18,-8861.67,Debit,CASH,ATM Withdrawal,N/A,USD,Declined
268,5199,"May 03, 2023",5969.09,credit,UTILITIES,CVS Pharmacy,CVS Pharmacy,USD,failed
269,5316,"Feb 01, 2024",6487.69,CREDIT,airline,Target,Target,USD,Complete
270,5074,10/21/2023,9491.84,CREDIT,Cash,ATM Withdrawal,Starbucks,USD,PENDING
271,5211,"Aug 21, 2023",-7981.45,DR,healthcare,unknown,CVS Pharmacy,USD,PENDING
272,5187,12/12/2023,3789.99,Credit,Purchase,Whole Foods,Whole Foods,USD,declined
273,5238,23-Feb-2024,2916.23,CR,Purchase,,CVS Pharmacy,USD,Completed
274,5103,08/11/2023,8454.39,DR,retail,unknown,unknown,USD,Failed
275,5342,06/26/2023,6092.12,Credit,PAYROLL,PAYROLL,CVS Pharmacy,USD,F
276,5250,11/20/2023,-7476.35,debit,food,food,Shell,USD,Complete
277,5158,09-Mar-2023,8637.92,CR,retail,Target,Target,USD,completed
278,5288,06/13/2023,3944.85,DR,atm,ATM Withdrawal,Starbucks,USD,failed
279,5076,"Mar 31, 2024",-1289.05,DR,Transfer,Transfer,Shell,USD,PENDING
280,5011,"May 18, 2024",9384.26,credit,SHOPPING,SHOPPING,Starbucks,USD,completed
281,5343,2023-07-21,6758.67,credit,SHOPPING,null,CVS Pharmacy,USD,COMPLETED
282,5187,09/16/2023,-2663.06,debit,bills,N/A,N/A,USD,C
283,5230,03/19/2024,2592.67,CR,Shopping,Shopping,Amazon,USD,FAILED
284,5294,20-Jan-2023,1897.4,DR,Salary,null,Shell,USD,pending
285,5363,2023-12-17,6831.89,CR,ATM Withdrawal,CVS Pharmacy,CVS Pharmacy,USD,Declined
286,5261,2023-04-27,-7659.35,Debit,DINING,Food & Dining,Whole Foods,USD,Completed
287,5371,2023-01-14,8634.75,CR,purchase,Shopping,Walmart,CAD,FAILED
288,5072,2023-07-24,-872.1,debit,transfer,N/A,Google,USD,Pending
289,5321,2024-06-26,7766.92,CR,Bills,N/A,Google,USD,COMPLETED
290,5260,01/07/2023,9254.83,Credit,transfer,transfer,Walmart,USD,Declined
291,5165,22-Aug-2023,-6035.69,DR,Cash,Cash,Starbucks,USD,P
292,5004,"Sep 15, 2023",-615.14,debit,PAYROLL,Payroll,Google,GBP,FAILED
293,5346,"Apr 01, 2023",7328.4,credit,retail,Shell,Shell,USD,FAILED
294,5246,15-Jan-2024,7252.66,Credit,Airline,N/A,Amazon,USD,PENDING
295,5237,11/29/2023,8252.61,Debit,medical,Amazon,Amazon,USD,pending
296,5324,"Jun 02, 2023",133.51,Debit,Medical,N/A,Amazon,USD,COMPLETED
297,5139,"Dec 12, 2023",4725.07,DEBIT,Utilities,unknown,CVS Pharmacy,USD,Declined
298,5082,"May 14, 2024",9133.71,CR,food & drink,food & drink,Netflix,GBP,pending
299,5252,14-Jan-2023,-3217.18,DR,PAYROLL,PAYROLL,Shell,USD,Pending
300,5290,"Apr 29, 2024",4247.8,Credit,Transfer,Shell,Shell,USD,P
301,5175,"Dec 06, 2023",9172.04,Credit,utilities,N/A,Whole Foods,USD,declined
302,5010,17-Nov-2023,7127.08,credit,Wire,Transfer,Google,USD,PENDING
303,5200,17-Jul-2023,3456.57,CR,PAYROLL,Amazon,Amazon,USD,Declined
304,5318,05/09/2024,2591.92,CREDIT,ATM Cash,ATM Withdrawal,Apple,USD,C
305,5376,03/04/2023,-7589.26,DR,bills,Whole Foods,Whole Foods,USD,Completed
306,5015,"Mar 07, 2024",-4417.46,Debit,wire transfer,Spotify,Spotify,USD,completed
307,5141,2024-04-11,-6710.11,Debit,Direct Deposit,Walmart,Walmart,USD,P
308,5245,2024-01-13,-7902.31,debit,ATM Withdrawal,Shell,Shell,USD,Pending
309,5290,2023-02-10,4718.93,Debit,DINING,Whole Foods,Whole Foods,USD,Pending
310,5174,2023-03-25,-7133.33,debit,Medical,Medical,Netflix,USD,PENDING
311,5082,04/29/2023,2273.78,debit,Direct Deposit,Direct Deposit,Amazon,USD,COMPLETED
312,5071,"May 27, 2024",3682.1,DR,SHOPPING,Shopping,Apple,USD,Completed
313,5103,2023-02-06,5536.44,CREDIT,utilities,Target,Target,USD,C
314,5285,2024-01-19,-7930.98,DEBIT,healthcare,United Airlines,United Airlines,USD,PENDING
315,5015,01-Apr-2024,1756.72,Credit,healthcare,healthcare,Google,USD,declined
316,5304,11/07/2023,517.44,DEBIT,Retail,Whole Foods,Whole Foods,USD,Complete
317,5256,02/02/2024,-9350.2,Debit,Retail,Shopping,Starbucks,USD,Failed
318,5055,2023-01-01,-8143.22,debit,Food & Dining,Food & Dining,Target,USD,Pending
319,5111,07/15/2023,8326.35,debit,Health,Starbucks,Starbucks,MXN,PENDING
320,5105,"May 04, 2023",1659.35,CR,dining,Food & Dining,Google,EUR,FAILED
321,5355,2023-06-06,-3777.22,debit,Utilities,Utilities,Amazon,USD,F
322,5144,2023-10-16,7618.64,Credit,airline,N/A,Amazon,GBP,P
323,5360,05/15/2024,8060.49,credit,utility,CVS Pharmacy,CVS Pharmacy,GBP,failed
324,5191,"May 30, 2023",-6073.85,DR,Purchase,null,Target,USD,Pending
325,5222,03/30/2023,3162.31,CR,PAYROLL,Payroll,Apple,USD,Pending
326,5260,2023-05-29,-6010.99,Debit,retail,N/A,United Airlines,USD,declined
327,5058,28-May-2024,-5467.34,Debit,food,null,Shell,USD,P
328,5337,02/07/2024,3336.43,credit,bills,bills,CVS Pharmacy,USD,FAILED
329,5001,2024-05-31,1372.23,Credit,WIRE,WIRE,Whole Foods,GBP,Completed
330,5009,"Feb 01, 2023",1968.12,credit,payroll,Walmart,Walmart,USD,failed
331,5207,2023-01-11,-3684.21,DR,DD,unknown,Spotify,USD,Completed
332,5256,24-Nov-2023,-2430.67,DR,Shopping,,Spotify,USD,Completed
333,5195,2023-02-09,4511.81,credit,travel,N/A,Google,USD,pending
334,5384,2023-12-12,9348.02,CR,bills,bills,Walmart,GBP,Failed
335,5346,"Jan 29, 2023",-4770.19,DR,travel,travel,Walmart,USD,declined
336,5232,10/28/2023,2758.43,credit,ATM,N/A,Walmart,USD,PENDING
337,5128,06-Jan-2023,-7073.3,Debit,health,,Whole Foods,USD,Complete
338,5366,2024-03-31,-1562.95,debit,TRANSFER,United Airlines,United Airlines,CAD,failed
339,5279,19-Apr-2023,319.57,DR,medical,,Apple,USD,pending
340,5260,07-Sep-2023,230.01,Credit,ATM,Netflix,Netflix,EUR,PENDING
341,5035,2023-07-09,-5317.27,Debit,Healthcare,Healthcare,unknown,USD,completed
342,5269,"Sep 30, 2023",8363.77,CR,Restaurants,N/A,CVS Pharmacy,EUR,Complete
343,5051,06/26/2023,6017.63,credit,MEDICAL,Healthcare,Netflix,USD,PENDING
344,5263,2023-03-16,5956.31,CREDIT,atm,N/A,United Airlines,USD,Completed
345,5165,"Feb 09, 2024",-6381.06,DR,restaurants,N/A,Target,USD,failed
346,5387,2023-06-11,4952.43,credit,bills,Utilities,United Airlines,USD,FAILED
347,5398,30-May-2023,2635.92,CREDIT,food & drink,Spotify,Spotify,USD,Declined
348,5241,2024-06-07,-7195.71,Debit,Hotel,Shell,Shell,USD,failed
349,5138,10/05/2023,2974.68,Credit,Direct Deposit,Starbucks,Starbucks,USD,P
350,5347,26-Feb-2024,5679.13,Credit,direct deposit,direct deposit,Google,USD,failed
351,5352,06-Jan-2024,7581.49,Debit,shopping,shopping,Whole Foods,USD,declined
352,5332,2024-05-23,3721.1,CR,shopping,Spotify,Spotify,USD,completed
353,5193,07-Feb-2024,1795.63,CR,food,unknown,Netflix,USD,Complete
354,5137,02/22/2023,9326.14,CR,Health,Health,Walmart,USD,completed
355,5186,"Feb 25, 2023",2635.6,DEBIT,food,food,Apple,USD,Completed
356,5339,03-Mar-2023,3207.92,DEBIT,food,Spotify,Spotify,USD,Declined
357,5122,05-Jun-2023,7242.57,DR,food & drink,,Walmart,USD,completed
358,5049,10-Sep-2023,-2299.99,Debit,healthcare,null,Whole Foods,USD,Failed
359,5308,"Jan 31, 2024",-2206.48,DR,airline,Travel,United Airlines,USD,P
360,5392,"Oct 06, 2023",4669.95,CREDIT,utility,null,null,USD,Failed
361,5106,17-Jan-2024,735.81,DR,CASH,unknown,Shell,USD,C
362,5128,"Oct 25, 2023",-5704.54,debit,Bills,Utilities,Walmart,USD,pending
363,5293,20-Dec-2023,195.67,CR,Retail,Retail,Starbucks,USD,C
364,5188,2023-09-24,1601.98,Credit,TRAVEL,TRAVEL,Shell,USD,completed
365,5363,12-Jun-2023,-2379.47,DEBIT,Transfer,Transfer,United Airlines,USD,Complete
366,5210,"Nov 16, 2023",-635.33,debit,cash,cash,CVS Pharmacy,USD,Complete
367,5009,07/20/2023,-7342.17,Debit,TRANSFER,TRANSFER,Shell,USD,P
368,5096,2023-09-09,-8126.51,debit,food & drink,,Target,USD,COMPLETED
369,5068,09/05/2023,7440.21,CR,retail,retail,Google,USD,failed
370,5311,"Feb 13, 2023",1291.95,CR,Wire,unknown,Google,USD,failed
371,5267,12/29/2023,-2389.33,Debit,health,Healthcare,Amazon,USD,Failed
372,5189,"Nov 02, 2023",-3635.05,debit,Wire,Wire,Whole Foods,USD,PENDING
373,5303,"May 24, 2023",2323.43,CR,Salary,CVS Pharmacy,CVS Pharmacy,EUR,declined
374,5105,19-Apr-2024,-9116.41,Debit,Cash,,Amazon,USD,declined
375,5198,2024-03-19,3371.0,CR,xfer,CVS Pharmacy,CVS Pharmacy,USD,Pending
376,5100,2023-11-14,9424.95,DEBIT,ATM,N/A,Shell,CAD,pending
377,5172,2024-04-16,3102.85,credit,retail,Shopping,United Airlines,USD,COMPLETED
378,5194,"Dec 05, 2023",1368.4,Credit,Airline,Airline,Starbucks,USD,Completed
379,5023,07-Nov-2023,-1848.49,DR,DINING,DINING,Spotify,USD,Completed
380,5034,"Jun 17, 2023",6909.03,Credit,Restaurants,Food & Dining,Target,USD,completed
381,5343,15-Apr-2024,6915.53,CR,retail,Netflix,Netflix,USD,P
382,5080,"Jun 16, 2024",-2149.66,DEBIT,Direct Deposit,Payroll,Google,MXN,Failed
383,5154,2023-09-21,5273.08,Credit,transfer,Target,Target,USD,pending
384,5381,"Feb 14, 2024",3147.19,CR,MEDICAL,,Amazon,EUR,Declined
385,5222,"Jun 07, 2023",9294.43,CREDIT,medical,,CVS Pharmacy,USD,Failed
386,5110,2024-02-20,-2234.32,Debit,health,Healthcare,Walmart,USD,completed
387,5378,01/09/2023,-4071.73,Debit,cash,Amazon,Amazon,USD,Declined
388,5188,2024-01-01,1570.44,credit,Transfer,Transfer,Walmart,USD,Declined
389,5099,06/24/2023,-9438.08,DEBIT,health,Healthcare,Starbucks,CAD,PENDING
390,5311,"Sep 24, 2023",7372.94,CR,CASH,Amazon,Amazon,USD,failed
391,5084,29-Apr-2024,-9041.24,DR,hotel,hotel,Starbucks,USD,Complete
392,5237,06/02/2023,755.73,credit,ATM,ATM,CVS Pharmacy,USD,FAILED
393,5038,17-Oct-2023,3040.21,CR,Purchase,Purchase,Apple,USD,declined
394,5243,"Feb 04, 2023",3713.15,debit,shopping,null,CVS Pharmacy,USD,F
395,5364,11/28/2023,-7750.11,DR,TRAVEL,N/A,N/A,USD,pending
396,5048,05/13/2024,400.2,CR,shopping,null,Google,CAD,Completed
397,5395,01/10/2023,3258.81,CREDIT,Purchase,Purchase,Netflix,USD,COMPLETED
398,5171,2024-06-01,8451.18,Credit,Salary,unknown,Google,USD,FAILED
399,5303,"Oct 25, 2023",2703.33,credit,Travel,Travel,United Airlines,CAD,declined
400,5162,08/17/2023,-2853.38,debit,Airline,Travel,Amazon,USD,Complete
401,5231,02-Sep-2023,-4085.67,DEBIT,Healthcare,Healthcare,unknown,USD,PENDING
402,5298,08/07/2023,-8124.87,DR,payroll,Payroll,Apple,USD,failed
403,5220,23-Mar-2023,2333.92,credit,Purchase,Purchase,Google,USD,failed
404,5150,2023-09-21,-8606.66,Debit,healthcare,Healthcare,Netflix,USD,COMPLETED
405,5063,2023-01-04,-7397.54,DEBIT,Utilities,,Shell,USD,P
406,5063,2024-05-07,-3385.1,DR,payroll,Payroll,Spotify,EUR,COMPLETED
407,5075,"Dec 17, 2023",7744.76,CR,cash,null,null,USD,completed
408,5263,"Feb 17, 2024",1807.17,credit,utilities,N/A,CVS Pharmacy,USD,Pending
409,5329,13-Jan-2024,346.57,CREDIT,Utilities,,Shell,USD,FAILED
410,5004,19-Nov-2023,1274.62,credit,travel,Travel,Netflix,CAD,Failed
411,5017,11/21/2023,-5102.74,debit,UTIL,Apple,Apple,USD,Declined
412,5195,06-Jun-2023,8072.65,CREDIT,DD,,Google,USD,Completed
413,5014,19-Oct-2023,6762.39,credit,shopping,Starbucks,Starbucks,USD,declined
414,5064,07-Jul-2023,-7603.73,DEBIT,bills,Netflix,Netflix,USD,completed
415,5207,2023-02-11,884.1,debit,Salary,Payroll,Spotify,USD,declined
416,5245,2023-02-13,3857.49,Credit,hotel,Travel,Target,EUR,PENDING
417,5112,10-May-2023,9094.31,Credit,CASH,CASH,unknown,USD,PENDING
418,5281,"Sep 01, 2023",2005.36,Credit,F&D,United Airlines,United Airlines,USD,C
419,5128,08-May-2023,6159.56,credit,Medical,Medical,Google,USD,Failed
420,5095,"May 03, 2023",6755.44,Credit,utilities,utilities,Apple,USD,Complete
421,5142,04/26/2023,-6814.03,debit,restaurants,Food & Dining,Target,USD,Declined
422,5189,11/29/2023,6265.78,CR,medical,N/A,Target,USD,Pending
423,5097,"Sep 06, 2023",9016.91,DEBIT,HOTEL,Amazon,Amazon,USD,Complete
424,5212,24-Apr-2023,-2693.46,debit,PAYROLL,PAYROLL,Shell,USD,PENDING
425,5103,10/10/2023,2562.31,CR,Hotel,N/A,N/A,USD,pending
426,5113,05-Jun-2024,-2543.65,DEBIT,ATM,null,Netflix,USD,Completed
427,5033,20-Apr-2023,-2395.69,Debit,UTIL,,Amazon,USD,Failed
428,5175,"Jan 02, 2023",1780.85,DR,airline,Apple,Apple,USD,completed
429,5195,28-Apr-2024,3085.47,CREDIT,utilities,unknown,Netflix,USD,Complete
430,5221,2023-01-17,5369.44,debit,TRANSFER,Transfer,Google,MXN,failed
431,5281,"Mar 27, 2024",7011.49,credit,atm,ATM Withdrawal,Spotify,USD,C
432,5330,04/05/2024,3238.39,credit,Utilities,Utilities,Spotify,USD,PENDING
433,5353,2023-10-11,7194.84,CR,CASH,ATM Withdrawal,Shell,USD,P
434,5299,2023-08-23,4058.08,CREDIT,Payroll,Payroll,Target,USD,failed
435,5293,01/22/2023,-1635.48,debit,Direct Deposit,Whole Foods,Whole Foods,USD,PENDING
436,5032,04/05/2024,1278.76,CREDIT,bills,Utilities,United Airlines,EUR,Declined
437,5082,"Apr 30, 2024",1628.89,DR,Healthcare,Healthcare,Target,EUR,pending
438,5118,"Jun 20, 2023",8420.8,Credit,DD,Spotify,Spotify,USD,Pending
439,5134,08/08/2023,3855.85,CR,restaurants,Food & Dining,Walmart,USD,Complete
440,5378,06/30/2024,3749.37,Debit,WIRE,WIRE,Whole Foods,USD,declined
441,5026,06/04/2024,5120.99,credit,Xfer,Xfer,Netflix,CAD,Completed
442,5219,"May 17, 2024",7627.46,credit,utilities,Utilities,Walmart,USD,FAILED
443,5390,2023-11-26,6473.04,CREDIT,TRAVEL,Travel,,USD,F
444,5341,2023-01-25,3064.4,credit,food,,CVS Pharmacy,USD,F
445,5276,16-Jan-2024,6832.92,CREDIT,Food & Dining,Netflix,Netflix,USD,C
446,5082,2023-03-29,-6347.7,DEBIT,cash,Starbucks,Starbucks,USD,pending
447,5241,11-Feb-2023,-250.36,debit,medical,Healthcare,Apple,USD,Pending
448,5371,06/12/2024,3849.84,Credit,PAYROLL,Starbucks,Starbucks,USD,Pending
449,5339,"Feb 20, 2023",-7805.17,DR,SHOPPING,SHOPPING,Amazon,USD,Complete
450,5211,2024-04-16,9488.04,Debit,purchase,,Amazon,USD,C
451,5271,05/08/2023,-5943.37,Debit,Restaurants,unknown,Whole Foods,USD,FAILED
452,5392,12-Jul-2023,2544.83,credit,Wire,Wire,Spotify,USD,P
453,5293,"Nov 11, 2023",-1507.47,DR,Medical,Medical,Google,USD,completed
454,5159,15-Sep-2023,-8297.85,DEBIT,WIRE,Transfer,Shell,USD,COMPLETED
455,5207,"Aug 23, 2023",5163.41,Credit,SHOPPING,CVS Pharmacy,CVS Pharmacy,USD,pending
456,5144,"Oct 25, 2023",-6942.68,Debit,restaurants,Food & Dining,Target,USD,failed
457,5353,15-Dec-2023,6525.17,Credit,Restaurants,Restaurants,Whole Foods,GBP,Declined
458,5270,"Sep 21, 2023",-1161.59,Debit,Purchase,,Spotify,USD,FAILED
459,5064,19-Feb-2023,5636.92,Credit,utilities,utilities,United Airlines,USD,Completed
460,5209,"Feb 05, 2023",8722.32,CR,TRANSFER,null,Walmart,USD,F
461,5283,"Jun 21, 2024",-8659.44,debit,Food & Dining,Food & Dining,Shell,USD,P
462,5066,2024-06-20,6540.08,CR,restaurants,null,Spotify,USD,declined
463,5002,07-Aug-2023,5792.95,debit,Medical,Healthcare,Netflix,USD,P
464,5150,08/20/2023,-5034.41,debit,Bills,Bills,Google,USD,Failed
465,5309,2024-06-01,2282.11,CREDIT,ATM,Starbucks,Starbucks,USD,COMPLETED
466,5267,"Feb 22, 2024",5989.91,CREDIT,food & drink,N/A,United Airlines,USD,F
467,5381,02/17/2023,-7090.51,debit,TRANSFER,Amazon,Amazon,USD,pending
468,5204,04/01/2023,1463.77,CREDIT,F&D,Target,Target,USD,declined
469,5175,"Dec 31, 2023",4836.71,credit,F&D,F&D,CVS Pharmacy,USD,Failed
470,5108,06/21/2024,-7122.05,DEBIT,direct deposit,CVS Pharmacy,CVS Pharmacy,EUR,C
471,5122,03-May-2024,439.1,CREDIT,Cash,,,USD,FAILED
472,5356,2023-01-19,9435.32,credit,food & drink,null,Target,USD,C
473,5299,19-Jun-2023,-5679.98,DR,health,unknown,Apple,USD,completed
474,5268,30-Oct-2023,7443.76,Credit,cash,ATM Withdrawal,Walmart,USD,F
475,5257,2023-11-14,-8460.24,DEBIT,utilities,unknown,Netflix,EUR,Failed
476,5359,01/24/2023,-3781.54,debit,TRAVEL,TRAVEL,Starbucks,MXN,Pending
477,5344,"Jan 06, 2024",-1316.83,debit,bills,Utilities,Shell,USD,COMPLETED
478,5356,"Mar 20, 2024",-5218.35,Debit,Shopping,Target,Target,USD,completed
479,5282,01/27/2024,-3866.38,debit,Medical,Medical,Apple,EUR,F
480,5271,18-Nov-2023,-1142.65,DEBIT,purchase,Shopping,Starbucks,USD,Declined
481,5016,2023-06-18,-10.29,DR,airline,Travel,unknown,USD,Declined
482,5391,2024-02-01,772.45,CREDIT,Utilities,,,USD,P
483,5029,10/13/2023,-5984.06,debit,xfer,N/A,Netflix,GBP,failed
484,5211,"May 28, 2023",-2095.63,debit,food & drink,food & drink,Starbucks,USD,Completed
485,5366,2024-04-04,-3831.18,Debit,CASH,null,null,USD,FAILED
486,5321,30-Apr-2024,9328.85,credit,Healthcare,Healthcare,null,USD,Complete
487,5102,2023-07-27,848.19,CREDIT,airline,N/A,United Airlines,GBP,P
488,5041,"Apr 20, 2024",-8070.83,Debit,restaurants,Food & Dining,Amazon,USD,Complete
489,5385,03/08/2024,-4876.78,Debit,UTILITIES,null,Whole Foods,USD,completed
490,5342,"Oct 31, 2023",-5629.68,Debit,direct deposit,null,null,USD,P
491,5023,"Apr 07, 2023",2705.94,Credit,Medical,Healthcare,United Airlines,MXN,declined
492,5073,04/19/2024,8694.2,credit,TRAVEL,Travel,Spotify,EUR,failed
493,5100,09/25/2023,5439.37,CR,healthcare,healthcare,United Airlines,USD,declined
494,5059,"Jun 11, 2024",-6474.87,debit,cash,unknown,Amazon,USD,pending
495,5349,05/02/2023,6651.36,CR,HOTEL,Travel,Netflix,USD,Pending
496,5392,2023-01-03,1365.34,Debit,MEDICAL,null,Target,USD,failed
497,5338,2024-01-10,5121.67,credit,food & drink,food & drink,Target,USD,completed
498,5293,23-May-2023,-3780.94,debit,retail,Shopping,Spotify,USD,COMPLETED
499,5065,08-Feb-2023,323.12,Credit,purchase,Spotify,Spotify,USD,failed
500,5067,"Nov 02, 2023",6986.8,credit,purchase,Shopping,CVS Pharmacy,USD,FAILED
501,5336,03/27/2024,-8774.75,DR,wire transfer,Transfer,Apple,USD,declined
502,5316,"Apr 07, 2024",7412.58,credit,Salary,unknown,Netflix,USD,P
503,5077,22-Mar-2024,7952.09,Credit,TRAVEL,Travel,Amazon,CAD,pending
504,5330,"Jul 10, 2023",-493.73,debit,UTIL,United Airlines,United Airlines,USD,failed
505,5234,09-Feb-2023,-1596.07,Debit,food,food,Starbucks,USD,declined
506,5269,07-Feb-2024,1863.82,DEBIT,Hotel,N/A,Target,USD,Declined
507,5114,"Jul 19, 2023",3847.16,CREDIT,wire transfer,wire transfer,Shell,USD,declined
508,5176,03-Feb-2024,1633.47,Credit,cash,ATM Withdrawal,Spotify,USD,Complete
509,5259,19-Apr-2023,3475.77,CR,Medical,Healthcare,Netflix,USD,Failed
510,5165,"May 14, 2024",2130.74,credit,direct deposit,,Walmart,USD,COMPLETED
511,5025,2023-07-23,2242.94,credit,retail,Starbucks,Starbucks,USD,C
512,5233,2023-04-21,3114.45,CREDIT,purchase,purchase,CVS Pharmacy,EUR,F
513,5219,2024-04-03,-153.52,Debit,Shopping,Walmart,Walmart,USD,COMPLETED
514,5234,01/28/2024,-5334.55,Debit,WIRE,Target,Target,USD,pending
515,5084,"May 21, 2023",-7686.62,DR,retail,null,Spotify,USD,P
516,5227,"Oct 14, 2023",1313.94,CREDIT,PAYROLL,Shell,Shell,USD,F
517,5163,22-Oct-2023,1225.39,credit,cash,ATM Withdrawal,United Airlines,USD,COMPLETED
518,5004,02/10/2023,7615.6,Credit,DINING,Food & Dining,Whole Foods,USD,F
519,5167,2023-11-21,-53.91,debit,Xfer,Target,Target,USD,C
520,5146,06/16/2024,5571.53,CR,medical,N/A,Google,USD,PENDING
521,5327,03/27/2024,-1423.04,Debit,Salary,Salary,Walmart,GBP,FAILED
522,5279,2023-04-19,-7945.38,Debit,atm,ATM Withdrawal,Spotify,CAD,pending
523,5379,01/09/2023,3946.58,Credit,Xfer,unknown,Netflix,USD,pending
524,5266,31-Mar-2023,7475.98,CR,TRAVEL,Google,Google,USD,PENDING
525,5070,01/24/2024,5427.01,credit,ATM Cash,ATM Withdrawal,Apple,EUR,pending
526,5028,07/06/2023,6131.85,CR,travel,travel,Google,USD,Declined
527,5015,"Nov 30, 2023",1475.17,Credit,atm,Walmart,Walmart,USD,failed
528,5300,03/19/2023,5255.24,CREDIT,Direct Deposit,Whole Foods,Whole Foods,EUR,P
529,5158,01-Oct-2023,4646.99,CR,Healthcare,Healthcare,United Airlines,USD,Completed
530,5293,"Dec 07, 2023",5487.71,CR,direct deposit,Payroll,CVS Pharmacy,USD,COMPLETED
531,5293,"Jun 28, 2023",1540.69,CR,travel,Whole Foods,Whole Foods,USD,COMPLETED
532,5297,2024-06-15,1418.63,credit,utilities,utilities,United Airlines,USD,COMPLETED
533,5020,15-Feb-2023,5762.9,CR,salary,Whole Foods,Whole Foods,USD,COMPLETED
534,5122,08-Feb-2024,1919.75,DEBIT,Food & Dining,Food & Dining,Spotify,USD,PENDING
535,5035,12/22/2023,8284.19,credit,atm,Apple,Apple,USD,failed
536,5013,2023-04-05,4541.23,Credit,Direct Deposit,,Whole Foods,USD,PENDING
537,5043,2023-08-04,-5783.01,debit,travel,N/A,Target,MXN,pending
538,5239,2023-05-23,5755.85,credit,food,food,United Airlines,USD,declined
539,5093,02/12/2023,4242.22,CR,Transfer,Transfer,Spotify,USD,C
540,5293,07/17/2023,-3205.14,Debit,medical,Walmart,Walmart,USD,COMPLETED
541,5052,04/03/2023,-7503.66,Debit,Payroll,Payroll,Shell,USD,Failed
542,5147,2024-01-20,7980.08,CREDIT,ATM,ATM,Walmart,USD,FAILED
543,5342,12/20/2023,-6598.63,debit,ATM Cash,Walmart,Walmart,USD,Complete
544,5218,01/03/2024,3484.19,Debit,retail,Shopping,Walmart,USD,COMPLETED
545,5247,2023-02-25,3437.95,Credit,Healthcare,unknown,Target,USD,FAILED
546,5370,29-Mar-2023,8188.8,Debit,medical,Walmart,Walmart,EUR,C
547,5082,08-Jan-2023,6748.44,Credit,utility,,Spotify,USD,PENDING
548,5289,07-Apr-2024,8484.01,credit,Retail,Apple,Apple,USD,C
549,5218,2023-06-26,4556.45,CR,UTIL,Utilities,unknown,GBP,F
550,5061,2024-06-10,-1969.38,DR,Transfer,,Starbucks,USD,COMPLETED
551,5217,2024-06-12,4910.58,CREDIT,Food & Dining,Food & Dining,Spotify,USD,Pending
552,5361,03/04/2023,1857.92,credit,travel,N/A,N/A,MXN,completed
553,5025,10/22/2023,9061.98,Credit,retail,Shopping,Google,USD,Completed
554,5290,21-Mar-2024,5051.54,CREDIT,ATM Withdrawal,unknown,United Airlines,USD,Completed
555,5105,04-May-2023,1890.97,Credit,food & drink,unknown,CVS Pharmacy,USD,declined
556,5202,2024-03-23,-3356.37,Debit,ATM,unknown,unknown,EUR,pending
557,5213,"Mar 11, 2024",-9168.3,debit,xfer,,,USD,completed
558,5130,02/08/2023,5563.28,credit,Restaurants,Food & Dining,Shell,USD,Pending
559,5089,"Feb 13, 2023",7674.6,CR,Payroll,Payroll,Netflix,USD,failed
560,5034,2023-07-23,-6509.29,DR,HOTEL,HOTEL,United Airlines,USD,Complete
561,5249,10/21/2023,4559.49,Credit,dining,dining,United Airlines,USD,FAILED
562,5353,06/11/2024,9458.87,debit,payroll,Payroll,United Airlines,USD,Complete
563,5240,22-Feb-2023,-1004.96,Debit,TRAVEL,Travel,Apple,USD,Declined
564,5280,"Mar 27, 2023",6501.6,CR,UTIL,Utilities,Walmart,USD,FAILED
565,5276,2024-05-30,-7745.71,DR,Payroll,null,Target,USD,declined
566,5183,06/18/2024,9337.15,CREDIT,bills,Utilities,Netflix,USD,F
567,5014,2023-09-23,4506.45,credit,F&D,United Airlines,United Airlines,USD,Failed
568,5207,04/04/2023,-4854.02,DEBIT,transfer,unknown,Netflix,USD,FAILED
569,5386,"Feb 06, 2024",2538.51,Credit,Travel,Travel,Walmart,USD,Pending
570,5219,2023-02-15,1682.6,Credit,airline,null,Shell,USD,Failed
571,5338,"Feb 12, 2024",-6080.35,DR,ATM Withdrawal,ATM Withdrawal,United Airlines,USD,FAILED
572,5136,15-Mar-2024,4304.61,credit,Restaurants,Food & Dining,unknown,USD,pending
573,5073,06/13/2023,7220.71,DR,retail,N/A,N/A,USD,P
574,5205,"Jun 29, 2024",-391.29,DEBIT,bills,Utilities,Netflix,USD,pending
575,5012,03/06/2023,702.53,credit,xfer,xfer,Spotify,USD,FAILED
576,5209,21-Apr-2023,-4514.07,debit,utilities,N/A,N/A,USD,P
577,5262,04/07/2023,-7407.93,Debit,Medical,CVS Pharmacy,CVS Pharmacy,USD,completed
578,5316,"Apr 10, 2023",6178.06,DEBIT,Medical,unknown,Walmart,USD,declined
579,5383,03/08/2023,-2458.31,debit,CASH,ATM Withdrawal,CVS Pharmacy,USD,C
580,5041,"Mar 29, 2024",4911.71,Credit,Salary,United Airlines,United Airlines,USD,P
581,5217,12-Sep-2023,-5876.56,DR,Health,Spotify,Spotify,USD,F
582,5338,"Feb 20, 2023",5830.51,Debit,TRANSFER,Transfer,Whole Foods,USD,Pending
583,5059,03/14/2023,4014.16,Credit,travel,unknown,Shell,USD,FAILED
584,5332,09-May-2023,-3113.38,DR,xfer,xfer,,USD,C
585,5272,"Sep 14, 2023",-2787.22,DR,ATM,null,Google,USD,PENDING
586,5211,21-Feb-2023,-4140.7,DEBIT,purchase,Shopping,CVS Pharmacy,USD,Failed
587,5231,12-Nov-2023,-1827.54,debit,shopping,N/A,Shell,USD,declined
588,5196,05/14/2023,3978.55,debit,ATM Cash,ATM Withdrawal,Shell,USD,Completed
589,5356,"Mar 11, 2024",1774.82,DEBIT,ATM Cash,CVS Pharmacy,CVS Pharmacy,USD,pending
590,5069,20-Nov-2023,264.59,credit,Wire,,Netflix,GBP,Completed
591,5004,01/16/2023,5594.11,CR,WIRE,Transfer,Target,USD,COMPLETED
592,5296,"Jan 02, 2024",-8844.43,Debit,Travel,Travel,Target,USD,COMPLETED
593,5374,"Apr 24, 2023",1937.76,CR,ATM,ATM Withdrawal,Shell,USD,PENDING
594,5284,12/25/2023,-9342.33,Debit,ATM Withdrawal,Google,Google,USD,declined
595,5130,06-Jan-2024,-299.61,DEBIT,Payroll,Payroll,CVS Pharmacy,USD,Declined
596,5101,"Mar 20, 2023",8972.47,CR,transfer,Transfer,Spotify,USD,PENDING
597,5225,"Feb 12, 2024",-6313.07,Debit,utilities,utilities,Netflix,USD,Declined
598,5038,01-May-2024,120.84,credit,Purchase,Amazon,Amazon,USD,FAILED
599,5326,07/19/2023,5784.76,Credit,F&D,Netflix,Netflix,USD,Failed
600,5118,"Dec 05, 2023",113.23,credit,UTIL,,United Airlines,USD,P
601,5147,2024-06-10,3281.39,DEBIT,Wire,Wire,United Airlines,USD,Declined
602,5274,06-Jan-2024,5726.69,credit,WIRE,WIRE,Apple,USD,failed
603,5306,"May 07, 2023",-4337.23,DEBIT,cash,cash,Spotify,USD,declined
604,5392,03/04/2023,4572.31,CR,DD,CVS Pharmacy,CVS Pharmacy,USD,pending
605,5120,02/07/2023,-6749.78,Debit,Wire,Wire,Target,USD,Failed
606,5053,2023-06-04,-286.76,Debit,WIRE,WIRE,Netflix,USD,COMPLETED
607,5075,2023-05-05,142.56,debit,food,Food & Dining,United Airlines,USD,declined
608,5016,2024-06-04,1157.05,DEBIT,Hotel,Hotel,Starbucks,USD,declined
609,5284,10/24/2023,-2318.46,debit,Purchase,Purchase,Netflix,USD,Pending
610,5159,02/23/2024,6425.0,Credit,purchase,Shopping,United Airlines,USD,Pending
611,5143,2023-12-04,-7924.03,debit,medical,Healthcare,Walmart,USD,declined
612,5332,"Feb 07, 2024",8241.42,Credit,SHOPPING,null,null,USD,completed
613,5205,03-Oct-2023,4967.01,Credit,Travel,Travel,Whole Foods,CAD,pending
614,5274,2024-02-19,5766.26,Credit,Cash,unknown,Netflix,USD,P
615,5350,"May 11, 2024",292.0,DR,wire transfer,unknown,Spotify,USD,Completed
616,5355,2023-08-31,8961.1,CR,ATM,ATM Withdrawal,Starbucks,GBP,F
617,5293,13-Jan-2024,7447.88,CREDIT,ATM,ATM Withdrawal,CVS Pharmacy,USD,failed
618,5383,05/22/2023,3659.03,credit,Airline,Apple,Apple,USD,completed
619,5312,"Feb 17, 2024",2530.31,CR,Cash,ATM Withdrawal,Walmart,USD,F
620,5363,28-Sep-2023,8704.44,CREDIT,SHOPPING,null,Amazon,CAD,F
621,5259,2023-05-10,1200.99,CR,DINING,Food & Dining,Amazon,USD,failed
622,5205,08/13/2023,2614.26,Credit,Retail,Retail,CVS Pharmacy,EUR,declined
623,5287,2023-12-02,555.84,Debit,Payroll,Payroll,Whole Foods,USD,pending
624,5038,02/03/2024,4574.49,debit,Shopping,null,Spotify,GBP,declined
625,5056,2023-03-30,-4060.91,debit,shopping,shopping,CVS Pharmacy,USD,Complete
626,5023,2023-02-03,7691.98,debit,travel,Google,Google,USD,P
627,5365,12/02/2023,7702.11,CR,Direct Deposit,unknown,Spotify,CAD,Pending
628,5068,21-Sep-2023,7277.15,credit,salary,Payroll,Whole Foods,USD,Complete
629,5395,14-Mar-2023,3157.42,DR,Restaurants,Restaurants,N/A,USD,declined
630,5373,"Jan 04, 2024",4978.65,Credit,Airline,Travel,Target,USD,pending
631,5140,03/21/2024,4254.7,Credit,F&D,Netflix,Netflix,USD,COMPLETED
632,5163,22-Aug-2023,-8623.75,DEBIT,health,Healthcare,Shell,USD,PENDING
633,5228,10/11/2023,3421.65,CREDIT,F&D,F&D,United Airlines,USD,Failed
634,5094,2023-01-10,-8572.07,debit,food & drink,food & drink,Apple,USD,completed
635,5043,"Apr 13, 2023",901.08,debit,Hotel,Travel,CVS Pharmacy,USD,failed
636,5360,2023-07-01,227.01,CREDIT,CASH,CASH,Starbucks,USD,Completed
637,5043,"May 19, 2023",8560.71,CREDIT,Cash,ATM Withdrawal,,USD,completed
638,5164,24-Apr-2023,8196.96,CREDIT,shopping,Shopping,Spotify,USD,PENDING
639,5145,14-Feb-2023,-7267.59,Debit,travel,Travel,Google,USD,declined
640,5119,03/09/2023,9334.41,Credit,Food & Dining,Food & Dining,Amazon,USD,Completed
641,5143,12/23/2023,8343.85,DEBIT,ATM,Walmart,Walmart,USD,declined
642,5316,"Jun 28, 2023",7219.91,CREDIT,SHOPPING,Shopping,Shell,USD,Completed
643,5031,"Feb 22, 2024",-6119.55,DR,Travel,,United Airlines,USD,C
644,5023,05-Sep-2023,6596.99,Credit,Airline,Airline,Google,EUR,Completed
645,5002,07-Feb-2024,-3581.9,Debit,HOTEL,Travel,Apple,USD,completed
646,5253,2023-08-06,2424.23,Debit,Medical,Medical,Target,USD,failed
647,5294,2023-06-03,2103.34,credit,UTILITIES,Utilities,,USD,failed
648,5216,2023-02-17,-54.37,DR,shopping,Shopping,N/A,USD,pending
649,5202,30-Mar-2024,-1293.63,DEBIT,UTILITIES,null,CVS Pharmacy,USD,Pending
650,5290,07/10/2023,-5637.89,DR,transfer,unknown,unknown,USD,failed
651,5092,2023-01-09,3516.05,credit,Cash,Cash,CVS Pharmacy,USD,Completed
652,5228,2023-04-28,7997.77,debit,wire transfer,wire transfer,Target,USD,completed
653,5181,"Jun 21, 2024",6866.78,credit,WIRE,WIRE,Walmart,USD,P
654,5191,"Dec 07, 2023",5405.69,CR,wire transfer,Transfer,Walmart,USD,FAILED
655,5026,12/14/2023,5082.76,Credit,Bills,,United Airlines,USD,declined
656,5089,06/05/2024,-9133.77,debit,DD,Payroll,CVS Pharmacy,USD,Completed
657,5091,2023-08-07,5940.46,Credit,PAYROLL,Target,Target,USD,completed
658,5143,10/13/2023,6221.27,credit,Airline,Travel,Shell,USD,failed
659,5065,01/14/2023,-6023.78,DEBIT,ATM,N/A,Target,USD,PENDING
660,5184,"May 11, 2023",-3543.47,Debit,Xfer,Amazon,Amazon,USD,pending
661,5101,2023-01-03,6795.13,CR,food & drink,food & drink,United Airlines,USD,COMPLETED
662,5394,2023-03-14,9411.36,CR,DINING,DINING,Spotify,USD,Failed
663,5384,2024-06-27,8969.12,DEBIT,Utilities,Utilities,Target,EUR,completed
664,5215,"May 13, 2024",3486.11,CREDIT,Food & Dining,Food & Dining,United Airlines,USD,pending
665,5120,08-Feb-2024,5418.55,CREDIT,ATM,null,null,USD,C
666,5336,"Feb 07, 2023",-3720.01,DEBIT,Hotel,Spotify,Spotify,USD,Completed
667,5155,21-Jan-2024,1803.65,DR,Cash,Cash,Target,USD,F
668,5211,2023-05-21,5271.1,Debit,Purchase,,CVS Pharmacy,USD,COMPLETED
669,5328,09/03/2023,6251.48,DR,payroll,Whole Foods,Whole Foods,USD,PENDING
670,5096,2024-01-10,-5050.94,DEBIT,food & drink,Food & Dining,Whole Foods,USD,FAILED
671,5188,25-Jun-2024,-266.87,DEBIT,Hotel,unknown,United Airlines,USD,Pending
672,5233,16-Feb-2024,8996.45,Credit,DD,unknown,CVS Pharmacy,USD,pending
673,5373,2024-05-29,604.97,DEBIT,health,Healthcare,Shell,USD,Failed
674,5171,10-Nov-2023,-1761.78,Debit,wire transfer,null,United Airlines,USD,COMPLETED
675,5058,2023-09-03,8266.23,Credit,dining,Spotify,Spotify,USD,COMPLETED
676,5198,"May 06, 2023",9478.12,Credit,Payroll,Payroll,Target,USD,C
677,5398,2023-11-21,6825.03,DR,Direct Deposit,Payroll,Apple,CAD,P
678,5331,2023-05-05,8737.73,credit,hotel,CVS Pharmacy,CVS Pharmacy,USD,Pending
679,5081,"Aug 03, 2023",-9209.91,Debit,purchase,Shopping,Apple,USD,completed
680,5255,07/18/2023,-6157.35,debit,ATM Cash,ATM Cash,Google,USD,declined
681,5228,2024-04-18,5484.82,CREDIT,TRAVEL,Travel,CVS Pharmacy,USD,C
682,5032,17-Feb-2023,1449.6,credit,purchase,Shopping,Shell,USD,Completed
683,5013,2023-06-05,6930.41,CREDIT,TRAVEL,unknown,Whole Foods,EUR,Completed
684,5310,2023-11-05,-6577.15,DR,bills,bills,Target,EUR,completed
685,5102,"Jan 23, 2024",6737.57,DR,SHOPPING,SHOPPING,Target,USD,Pending
686,5066,"Jan 18, 2024",8485.99,Credit,purchase,purchase,Target,USD,FAILED
687,5316,"Jul 14, 2023",2730.34,Credit,ATM,null,Whole Foods,USD,completed
688,5260,"Dec 25, 2023",3773.02,CR,dining,Food & Dining,United Airlines,USD,F
689,5259,06/12/2023,-367.42,Debit,Bills,Bills,Netflix,USD,FAILED
690,5046,19-May-2024,-7239.66,DEBIT,Health,Health,CVS Pharmacy,USD,COMPLETED
691,5108,10-Aug-2023,-9046.75,debit,atm,atm,Target,USD,FAILED
692,5341,2023-07-08,9104.41,DR,CASH,null,Apple,USD,Complete
693,5326,2024-05-05,-8123.44,DEBIT,Utilities,unknown,Whole Foods,USD,failed
694,5162,08/23/2023,-6205.76,debit,payroll,,United Airlines,USD,failed
695,5030,04-Jun-2024,2178.54,CR,Salary,null,Shell,USD,Completed
696,5186,23-Nov-2023,7593.38,credit,payroll,Payroll,Google,USD,completed
697,5290,17-Dec-2023,2581.11,credit,Retail,unknown,Whole Foods,USD,P
698,5255,2024-01-02,4533.55,debit,ATM,ATM Withdrawal,Apple,EUR,Failed
699,5334,"May 23, 2024",6925.43,credit,transfer,N/A,Google,GBP,PENDING
700,5273,"Apr 09, 2024",5381.18,Credit,Healthcare,Healthcare,CVS Pharmacy,USD,completed
701,5309,"Jul 09, 2023",-6194.67,debit,Cash,null,Netflix,USD,Pending
702,5122,01-Aug-2023,1096.12,CREDIT,Direct Deposit,Direct Deposit,Netflix,MXN,Complete
703,5064,29-May-2023,1150.87,CREDIT,DINING,unknown,Starbucks,USD,F
704,5146,"May 06, 2024",12.31,CR,Food & Dining,unknown,Netflix,USD,pending
705,5153,03-Apr-2024,-8405.84,DR,Airline,Amazon,Amazon,EUR,Completed
706,5012,21-Feb-2024,2990.67,Credit,UTIL,,United Airlines,USD,Failed
707,5096,04/20/2024,1045.03,CREDIT,travel,United Airlines,United Airlines,USD,Complete
708,5026,"Jan 15, 2024",-1703.66,Debit,Travel,Whole Foods,Whole Foods,USD,Complete
709,5041,18-Nov-2023,-5811.77,DEBIT,DD,Shell,Shell,USD,FAILED
710,5114,11/11/2023,7521.43,credit,payroll,payroll,Spotify,USD,Declined
711,5362,09/22/2023,-2709.06,DEBIT,salary,salary,null,USD,Complete
712,5025,2023-12-03,5752.06,Credit,healthcare,Healthcare,Target,USD,declined
713,5390,01-Apr-2024,-6567.39,debit,ATM,ATM,Netflix,MXN,C
714,5323,27-Feb-2024,4490.39,Debit,SHOPPING,,,USD,Declined
715,5156,2024-01-26,-6873.85,debit,transfer,transfer,Shell,USD,F
716,5059,2023-07-28,8155.62,DR,hotel,null,CVS Pharmacy,USD,F
717,5041,"Aug 12, 2023",6705.55,Credit,xfer,xfer,United Airlines,USD,completed
718,5038,08/17/2023,8407.79,Debit,Shopping,Shopping,Apple,USD,Declined
719,5128,07/19/2023,2781.88,Credit,salary,,,USD,FAILED
720,5297,01-Mar-2024,-7804.95,debit,health,null,Target,USD,F
721,5299,"Feb 21, 2023",6211.62,CR,ATM Cash,Walmart,Walmart,USD,Complete
722,5020,06-Nov-2023,3026.78,CREDIT,UTILITIES,,Netflix,USD,pending
723,5174,07/05/2023,6933.68,Debit,hotel,Travel,Target,USD,COMPLETED
724,5009,"May 18, 2023",5449.79,debit,Retail,N/A,United Airlines,EUR,completed
725,5376,06-May-2023,-4335.34,debit,health,CVS Pharmacy,CVS Pharmacy,USD,Complete
726,5384,28-Feb-2023,6097.03,credit,ATM Withdrawal,N/A,Google,USD,COMPLETED
727,5121,2023-01-30,6809.3,Debit,UTIL,Utilities,Spotify,USD,PENDING
728,5368,"Jun 16, 2023",7572.36,CREDIT,CASH,Google,Google,USD,failed
729,5280,04/18/2024,6101.19,CREDIT,WIRE,Spotify,Spotify,USD,Completed
730,5198,01/04/2024,8287.9,CR,bills,bills,Walmart,USD,Pending
731,5307,02/11/2023,-3745.53,DEBIT,Retail,Retail,CVS Pharmacy,USD,PENDING
732,5294,03/20/2023,1235.78,credit,ATM,Amazon,Amazon,USD,FAILED
733,5284,2024-03-01,-4317.48,DEBIT,food,Shell,Shell,MXN,FAILED
734,5182,"Jul 02, 2023",8414.73,CR,Purchase,,Target,USD,FAILED
735,5131,"Sep 13, 2023",4317.38,CREDIT,bills,bills,Walmart,USD,pending
736,5348,11/25/2023,8075.13,Credit,Salary,Whole Foods,Whole Foods,USD,C
737,5155,03/29/2024,4771.43,CREDIT,Restaurants,Food & Dining,Amazon,USD,Declined
738,5192,01/22/2024,5815.12,Credit,Shopping,unknown,Spotify,USD,pending
739,5325,08/03/2023,7040.53,DEBIT,cash,Target,Target,USD,Failed
740,5079,2023-01-18,8415.43,credit,Healthcare,Target,Target,USD,Failed
741,5372,11-Jun-2023,2716.17,Credit,cash,,Shell,MXN,Complete
742,5224,"Sep 08, 2023",-6135.0,DEBIT,TRAVEL,Travel,N/A,USD,Pending
743,5340,2023-09-23,923.32,credit,food & drink,Amazon,Amazon,USD,Failed
744,5274,18-Aug-2023,7779.94,credit,ATM,ATM Withdrawal,Shell,EUR,FAILED
745,5191,2023-06-07,3963.57,DR,MEDICAL,Spotify,Spotify,USD,C
746,5285,"Mar 01, 2023",9393.82,debit,Medical,unknown,Netflix,USD,failed
747,5269,06-May-2024,-2980.63,DR,UTILITIES,Utilities,United Airlines,USD,Failed
748,5223,2023-05-13,-6256.13,DR,UTIL,Target,Target,EUR,FAILED
749,5033,2023-02-16,5811.86,credit,PAYROLL,Payroll,Netflix,USD,PENDING
750,5315,04/02/2024,-7223.58,DEBIT,ATM Cash,ATM Withdrawal,Netflix,USD,FAILED
751,5282,2023-01-21,-8314.37,debit,restaurants,Amazon,Amazon,USD,declined
752,5101,15-Jun-2023,5168.19,credit,shopping,shopping,Amazon,USD,C
753,5126,2024-06-26,-6743.24,Debit,bills,Utilities,Spotify,USD,PENDING
754,5204,06/30/2024,7815.21,Credit,healthcare,N/A,Netflix,USD,failed
755,5105,2023-08-08,8551.32,credit,Hotel,Hotel,CVS Pharmacy,GBP,pending
756,5283,2023-11-09,9244.93,Debit,Transfer,Transfer,Target,USD,Pending
757,5096,2024-04-17,-3091.66,debit,WIRE,unknown,Walmart,USD,F
758,5323,01/15/2024,6031.0,credit,ATM,null,Walmart,USD,Failed
759,5228,02/24/2024,8723.18,CREDIT,WIRE,Netflix,Netflix,USD,Pending
760,5339,"May 24, 2024",-6418.12,Debit,CASH,CASH,United Airlines,USD,Failed
761,5182,"Apr 07, 2023",-4258.62,Debit,ATM Withdrawal,ATM Withdrawal,Apple,USD,F
762,5228,"Nov 02, 2023",8185.84,CR,cash,United Airlines,United Airlines,GBP,completed
763,5392,24-Mar-2024,206.12,CR,medical,CVS Pharmacy,CVS Pharmacy,CAD,failed
764,5317,19-Oct-2023,715.97,DEBIT,Medical,Medical,CVS Pharmacy,USD,pending
765,5376,06/30/2024,2783.9,debit,Wire,null,null,USD,declined
766,5006,"Dec 01, 2023",-7939.26,Debit,ATM,unknown,unknown,USD,P
767,5309,03/04/2023,2571.05,CREDIT,DINING,Food & Dining,Amazon,USD,Pending
768,5248,2023-11-09,5652.95,credit,bills,bills,Whole Foods,USD,declined
769,5229,15-Jan-2024,-7.0,DR,Food & Dining,Food & Dining,Spotify,GBP,Completed
770,5184,01-Feb-2024,5301.04,Credit,payroll,unknown,Apple,USD,PENDING
771,5292,02/23/2023,-6209.81,Debit,Travel,,,USD,Pending
772,5353,06-May-2023,2578.87,DEBIT,restaurants,,Starbucks,USD,P
773,5206,"Jan 19, 2024",8930.05,Debit,ATM Withdrawal,ATM Withdrawal,United Airlines,USD,Pending
774,5218,02-Jul-2023,1718.42,CREDIT,ATM Cash,N/A,Apple,USD,F
775,5016,"Sep 22, 2023",-4564.32,DEBIT,Airline,Whole Foods,Whole Foods,USD,COMPLETED
776,5050,2023-08-26,59.01,Debit,UTIL,Utilities,Target,USD,FAILED
777,5128,02/08/2024,1756.75,CR,CASH,N/A,Apple,USD,PENDING
778,5081,11-Mar-2024,5866.49,CREDIT,Direct Deposit,Direct Deposit,Spotify,USD,failed
779,5178,"May 24, 2023",3858.36,CREDIT,Shopping,Shopping,Walmart,USD,Completed
780,5173,23-Feb-2023,2931.57,CR,food & drink,food & drink,Whole Foods,MXN,Pending
781,5396,25-May-2023,8301.65,DEBIT,salary,unknown,Spotify,USD,Complete
782,5134,2023-10-24,3167.68,debit,Utilities,Utilities,United Airlines,USD,FAILED
783,5103,"Sep 03, 2023",-8895.28,Debit,Cash,,Target,USD,Complete
784,5005,20-Oct-2023,3002.4,credit,healthcare,healthcare,United Airlines,EUR,declined
785,5168,08/20/2023,965.41,credit,Travel,CVS Pharmacy,CVS Pharmacy,USD,C
786,5196,23-May-2024,-4206.14,Debit,WIRE,WIRE,Walmart,USD,Complete
787,5203,2023-05-20,5976.87,CREDIT,Salary,Payroll,Spotify,USD,completed
788,5025,"Jun 29, 2024",2165.58,CREDIT,Retail,Walmart,Walmart,EUR,declined
789,5148,06/24/2023,-2631.61,DEBIT,Salary,CVS Pharmacy,CVS Pharmacy,USD,Declined
790,5397,05/17/2024,-6745.09,Debit,Purchase,Purchase,Amazon,USD,completed
791,5226,18-Apr-2024,2843.48,CR,transfer,Shell,Shell,USD,declined
792,5169,2023-04-12,-4042.39,Debit,Direct Deposit,Direct Deposit,Walmart,USD,FAILED
793,5112,"Jan 31, 2023",4776.88,credit,bills,Utilities,Spotify,USD,C
794,5173,"Jan 12, 2023",-7917.41,debit,DINING,DINING,United Airlines,USD,Complete
795,5192,02-Apr-2023,4794.12,CR,Purchase,Purchase,Apple,USD,COMPLETED
796,5345,02/09/2024,1158.55,credit,food,,Netflix,USD,C
797,5069,2023-11-19,-2312.58,debit,Shopping,Shopping,Walmart,USD,C
798,5168,"Mar 04, 2023",2016.47,DR,ATM Withdrawal,ATM Withdrawal,Netflix,USD,pending
799,5388,2024-02-16,-750.15,DR,Cash,ATM Withdrawal,Spotify,USD,failed
800,5171,"Nov 26, 2023",3484.45,CR,Healthcare,N/A,Shell,USD,Complete
801,5300,2024-05-14,3294.47,credit,ATM Withdrawal,ATM Withdrawal,United Airlines,USD,Declined
802,5261,09/03/2023,-1727.07,DR,HOTEL,Shell,Shell,EUR,COMPLETED
803,5267,"Mar 26, 2023",2422.18,credit,health,Spotify,Spotify,MXN,failed
804,5105,2023-12-09,7868.41,credit,Salary,Salary,Netflix,GBP,PENDING
805,5110,09-Jan-2023,-4623.27,Debit,PAYROLL,,Starbucks,USD,completed
806,5271,2023-08-24,-2009.23,debit,purchase,purchase,Apple,MXN,COMPLETED
807,5259,12-Oct-2023,8276.23,CREDIT,Airline,,Whole Foods,USD,COMPLETED
808,5252,2023-05-07,8438.64,credit,Airline,Airline,Starbucks,MXN,C
809,5107,"May 30, 2024",1953.49,CREDIT,WIRE,Whole Foods,Whole Foods,USD,F
810,5244,04/05/2024,-896.69,debit,Restaurants,,Shell,USD,Completed
811,5096,05/11/2023,-3313.12,debit,healthcare,Healthcare,Target,USD,Failed
812,5018,31-Dec-2023,1273.4,DEBIT,HOTEL,Travel,CVS Pharmacy,USD,Failed
813,5111,13-Jun-2023,9479.39,credit,DD,Payroll,Google,USD,failed
814,5074,"May 28, 2023",268.5,CR,salary,salary,Starbucks,USD,COMPLETED
815,5091,01/18/2024,7998.99,Debit,WIRE,WIRE,Google,USD,pending
816,5052,2023-04-21,1828.79,DR,Food & Dining,Food & Dining,CVS Pharmacy,USD,P
817,5205,"Apr 04, 2024",8875.44,debit,ATM,null,Whole Foods,USD,FAILED
818,5070,2023-03-13,3888.66,debit,shopping,Shopping,Shell,USD,completed
819,5254,2023-09-07,9075.54,debit,ATM Withdrawal,ATM Withdrawal,CVS Pharmacy,USD,F
820,5399,"Feb 05, 2023",-1523.19,DR,TRAVEL,unknown,Apple,CAD,COMPLETED
821,5096,05/03/2023,-3004.71,DEBIT,Restaurants,Food & Dining,Walmart,USD,PENDING
822,5004,04/10/2024,2327.1,Credit,direct deposit,Target,Target,EUR,COMPLETED
823,5048,2024-02-11,-3252.71,DEBIT,DINING,Apple,Apple,USD,C
824,5380,04/01/2024,-3570.99,DR,TRAVEL,null,Whole Foods,EUR,pending
825,5041,2024-04-21,-9219.89,DEBIT,Payroll,null,Shell,USD,Completed
826,5068,"Apr 19, 2023",3037.54,credit,TRANSFER,Netflix,Netflix,USD,FAILED
827,5311,2024-02-28,5282.47,DR,salary,Amazon,Amazon,USD,C
828,5234,23-Sep-2023,4164.62,credit,restaurants,restaurants,CVS Pharmacy,USD,completed
829,5224,11/04/2023,3835.4,Credit,Food & Dining,Food & Dining,Google,USD,F
830,5167,"Aug 24, 2023",-4844.17,debit,direct deposit,Netflix,Netflix,USD,C
831,5222,07/11/2023,8129.13,Debit,CASH,ATM Withdrawal,Google,USD,Pending
832,5169,"Jan 02, 2023",2069.92,DR,UTILITIES,UTILITIES,United Airlines,USD,Failed
833,5057,01/05/2023,-1153.4,debit,food,food,Google,USD,COMPLETED
834,5351,21-May-2024,7050.82,CR,Bills,Netflix,Netflix,USD,P
835,5043,03/11/2024,-3691.44,DEBIT,Airline,N/A,Walmart,USD,completed
836,5050,19-Jun-2024,879.34,CREDIT,wire transfer,wire transfer,Target,USD,Completed
837,5097,"Sep 24, 2023",3449.32,Credit,food,Amazon,Amazon,USD,pending
838,5295,09/14/2023,-8200.82,Debit,direct deposit,,,USD,declined
839,5330,17-Jan-2023,-7315.14,Debit,CASH,ATM Withdrawal,Spotify,USD,COMPLETED
840,5201,05/25/2023,4758.07,CREDIT,food & drink,N/A,Shell,GBP,C
841,5082,2023-08-16,-166.25,Debit,Retail,Shopping,Shell,USD,failed
842,5215,2023-03-13,6000.06,debit,ATM Cash,unknown,Amazon,USD,Failed
843,5089,2023-08-13,-4052.04,Debit,Restaurants,Restaurants,Amazon,USD,Complete
844,5066,"Mar 13, 2024",851.84,CREDIT,wire transfer,United Airlines,United Airlines,GBP,Complete
845,5396,09/22/2023,-6891.63,DEBIT,Salary,United Airlines,United Airlines,USD,pending
846,5013,20-Apr-2023,2248.44,Credit,wire transfer,wire transfer,Target,USD,Pending
847,5286,"Mar 07, 2024",-9492.15,Debit,WIRE,WIRE,Target,USD,pending
848,5232,04-Jan-2023,3974.48,CREDIT,health,Healthcare,Target,USD,declined
849,5319,03/28/2024,-5185.34,DEBIT,health,Healthcare,Walmart,USD,failed
850,5107,01/06/2024,-3922.01,DEBIT,Food & Dining,Food & Dining,Target,USD,Pending
851,5140,"Aug 03, 2023",-2919.46,DR,Payroll,Shell,Shell,USD,Failed
852,5378,2023-12-31,-2440.13,debit,ATM Withdrawal,ATM Withdrawal,Apple,USD,completed
853,5344,"May 19, 2024",5229.55,CR,bills,bills,N/A,USD,C
854,5116,"Dec 12, 2023",-6878.42,DEBIT,PAYROLL,United Airlines,United Airlines,USD,Declined
855,5397,19-Jan-2023,935.13,Debit,purchase,Shopping,Apple,USD,F
856,5372,07/10/2023,-279.39,debit,UTILITIES,unknown,unknown,USD,COMPLETED
857,5052,2024-06-01,-9380.83,debit,Healthcare,Healthcare,CVS Pharmacy,USD,completed
858,5142,"Feb 03, 2023",2829.94,credit,restaurants,Food & Dining,Google,USD,Failed
859,5239,2024-02-29,-8404.06,Debit,food,Spotify,Spotify,USD,completed
860,5298,19-Oct-2023,8239.82,credit,hotel,hotel,CVS Pharmacy,USD,Pending
861,5272,2023-06-19,4489.74,CR,Transfer,Transfer,CVS Pharmacy,USD,PENDING
862,5058,03/01/2024,262.13,credit,Wire,Wire,Target,USD,failed
863,5306,"Jan 29, 2024",4659.4,CR,salary,null,Amazon,EUR,P
864,5055,2023-01-08,2725.27,CREDIT,ATM Cash,ATM Withdrawal,Netflix,CAD,COMPLETED
865,5334,"Sep 21, 2023",7585.03,Debit,Direct Deposit,,Amazon,MXN,P
866,5181,2024-04-11,6330.96,CREDIT,Salary,Salary,Google,MXN,Failed
867,5187,2023-05-26,-522.67,DEBIT,wire transfer,wire transfer,CVS Pharmacy,MXN,Complete
868,5187,17-Feb-2023,2680.38,credit,PAYROLL,Payroll,Starbucks,USD,Complete
869,5013,2023-01-11,7016.87,credit,payroll,payroll,Whole Foods,USD,completed
870,5189,03/14/2023,-6837.38,DR,medical,Whole Foods,Whole Foods,USD,Complete
871,5159,"Apr 03, 2023",-3096.26,DEBIT,Transfer,unknown,Target,USD,Declined
872,5063,"Nov 24, 2023",5242.64,credit,airline,N/A,Walmart,USD,Pending
873,5051,"May 18, 2023",3535.73,credit,bills,Utilities,Target,USD,F
874,5344,"Apr 17, 2024",-6976.61,DEBIT,atm,null,United Airlines,GBP,COMPLETED
875,5019,02-Jan-2024,-967.48,debit,WIRE,unknown,United Airlines,USD,P
876,5329,24-Aug-2023,-2057.66,DEBIT,Travel,Travel,CVS Pharmacy,USD,Declined
877,5155,"May 30, 2024",4361.22,debit,Purchase,Purchase,United Airlines,USD,declined
878,5231,"Jul 10, 2023",4263.15,Debit,Payroll,Payroll,Target,USD,Declined
879,5362,07/31/2023,-6903.25,DR,shopping,N/A,Target,USD,FAILED
880,5259,05/01/2024,-8511.35,DEBIT,F&D,Food & Dining,Whole Foods,USD,FAILED
881,5172,"Jan 15, 2024",-58.25,Debit,UTIL,unknown,Shell,USD,C
882,5398,"Jan 10, 2023",-6477.53,DR,shopping,CVS Pharmacy,CVS Pharmacy,USD,Pending
883,5131,"Jun 12, 2023",732.18,debit,health,health,Target,USD,Declined
884,5207,2023-05-14,-1713.31,Debit,airline,N/A,Walmart,USD,Declined
885,5190,16-May-2024,1147.45,DR,MEDICAL,Healthcare,Netflix,USD,C
886,5138,02/18/2024,-3561.2,DR,Utilities,Utilities,Target,USD,declined
887,5093,2024-02-28,-9470.4,Debit,food,null,Walmart,USD,P
888,5013,"Mar 15, 2023",8393.73,Credit,HOTEL,Travel,Whole Foods,USD,declined
889,5176,"Jan 12, 2023",-5541.79,DR,Restaurants,Restaurants,Starbucks,USD,Declined
890,5058,2024-03-27,2647.77,Credit,cash,,Spotify,USD,F
891,5167,09/24/2023,8369.39,CREDIT,DINING,DINING,Whole Foods,USD,PENDING
892,5359,2023-06-11,5139.18,credit,TRAVEL,Apple,Apple,CAD,F
893,5289,"Mar 15, 2024",7889.4,CR,DINING,DINING,Target,USD,P
894,5330,"Nov 08, 2023",5587.48,CREDIT,shopping,Amazon,Amazon,USD,Declined
895,5002,03/04/2024,7158.85,debit,hotel,Travel,Walmart,USD,COMPLETED
896,5096,2023-03-21,7840.33,Credit,purchase,purchase,Netflix,USD,COMPLETED
897,5081,12/23/2023,1960.55,Credit,utilities,null,null,EUR,declined
898,5334,2023-12-06,9247.57,CREDIT,purchase,purchase,Google,EUR,Declined
899,5208,05/31/2024,5926.3,Credit,Direct Deposit,N/A,Starbucks,USD,declined
900,5084,12-Mar-2024,7712.72,Credit,ATM,ATM Withdrawal,Starbucks,CAD,COMPLETED
901,5297,"Feb 28, 2023",-7138.14,Debit,hotel,hotel,CVS Pharmacy,USD,completed
902,5247,04/15/2024,2640.35,DR,DD,null,Spotify,USD,Pending
903,5319,"Apr 11, 2023",3758.08,credit,atm,atm,Google,EUR,pending
904,5141,2024-04-29,6344.24,DR,shopping,,Target,USD,completed
905,5230,08/23/2023,-5425.71,DEBIT,Food & Dining,Food & Dining,Whole Foods,USD,completed
906,5182,2023-08-24,95.35,Debit,SHOPPING,,Apple,EUR,PENDING
907,5303,2024-04-17,4428.84,CREDIT,ATM Withdrawal,ATM Withdrawal,Target,USD,FAILED
908,5131,"Nov 26, 2023",-6991.82,DEBIT,transfer,unknown,United Airlines,USD,Declined
909,5295,07/23/2023,-7197.0,DR,utilities,Amazon,Amazon,USD,PENDING
910,5367,10/24/2023,545.58,CREDIT,Medical,Netflix,Netflix,USD,FAILED
911,5224,04-May-2024,-7491.3,DEBIT,Cash,Target,Target,CAD,declined
912,5111,2023-11-23,7464.7,Debit,Shopping,Shopping,null,USD,Pending
913,5374,02/20/2024,-8387.89,Debit,ATM Cash,ATM Withdrawal,Starbucks,USD,completed
914,5087,"Jun 16, 2023",-829.21,Debit,UTIL,,Apple,USD,COMPLETED
915,5356,2024-03-30,-3894.73,debit,DINING,null,Target,GBP,Declined
916,5146,02/10/2023,5838.36,Credit,restaurants,restaurants,Whole Foods,USD,COMPLETED
917,5153,04/19/2024,-9021.61,debit,TRANSFER,unknown,Netflix,USD,PENDING
918,5338,08-Feb-2023,-2670.09,debit,Retail,Retail,United Airlines,MXN,FAILED
919,5270,12/29/2023,5438.64,Debit,Food & Dining,Food & Dining,United Airlines,USD,failed
920,5057,07/30/2023,3899.07,DEBIT,UTILITIES,UTILITIES,Starbucks,CAD,FAILED
921,5051,"Feb 03, 2024",8549.42,Credit,SHOPPING,CVS Pharmacy,CVS Pharmacy,USD,PENDING
922,5216,2023-02-02,6579.5,DEBIT,health,,United Airlines,USD,Pending
923,5175,04/13/2023,9481.05,CR,Travel,Travel,Google,USD,declined
924,5087,21-Oct-2023,2923.39,credit,Bills,unknown,Starbucks,USD,F
925,5172,07/21/2023,2428.26,debit,MEDICAL,null,Shell,USD,Declined
926,5390,21-May-2023,5394.72,CR,MEDICAL,Healthcare,United Airlines,USD,failed
927,5007,01/04/2023,4758.67,CREDIT,shopping,Shopping,Starbucks,USD,pending
928,5372,13-Oct-2023,-7412.4,debit,UTIL,N/A,Walmart,USD,Completed
929,5157,"May 15, 2024",892.61,DEBIT,Health,Healthcare,unknown,USD,P
930,5386,04/07/2024,2436.61,CR,Retail,N/A,United Airlines,USD,P
931,5035,01/12/2024,-4935.42,debit,payroll,Payroll,Google,USD,Completed
932,5398,2024-06-13,390.55,DR,DD,United Airlines,United Airlines,USD,declined
933,5019,"Aug 22, 2023",2537.32,Credit,Bills,N/A,N/A,USD,failed
934,5109,"Jan 23, 2023",6658.31,credit,medical,N/A,Target,USD,declined
935,5244,"Oct 15, 2023",-7325.65,DR,Transfer,null,Amazon,USD,F
936,5106,29-Feb-2024,6457.82,CR,UTIL,unknown,unknown,USD,Declined
937,5012,"Nov 06, 2023",7870.31,debit,atm,unknown,Walmart,USD,Completed
938,5209,02/05/2024,-7970.05,DR,utilities,Utilities,Spotify,USD,failed
939,5291,"Jun 13, 2023",5338.03,CREDIT,travel,Travel,Whole Foods,USD,PENDING
940,5378,01/07/2023,-7889.53,Debit,health,Healthcare,Whole Foods,USD,failed
941,5395,"Sep 01, 2023",6527.65,debit,SHOPPING,null,Spotify,USD,Completed
942,5195,07/03/2023,-7785.68,debit,wire transfer,Starbucks,Starbucks,USD,failed
943,5126,"Feb 25, 2023",8280.0,credit,ATM Cash,unknown,Walmart,USD,P
944,5003,2024-01-31,2575.98,credit,Health,Healthcare,Netflix,USD,pending
945,5334,"Sep 16, 2023",6213.81,Credit,ATM Cash,ATM Withdrawal,Walmart,USD,declined
946,5307,"Jun 09, 2023",2834.97,debit,Health,Health,Walmart,USD,pending
947,5077,2024-06-25,-8985.81,DEBIT,cash,null,Amazon,USD,COMPLETED
948,5265,2024-06-03,1747.4,DEBIT,retail,unknown,United Airlines,USD,Declined
949,5057,2023-06-25,-3723.78,Debit,Hotel,Hotel,CVS Pharmacy,USD,declined
950,5216,"Jul 19, 2023",-2559.3,DR,direct deposit,Payroll,Shell,USD,completed
951,5092,2023-01-12,2834.14,CREDIT,PAYROLL,PAYROLL,Amazon,USD,Complete
952,5235,2024-01-08,1735.89,CR,Utilities,Utilities,Google,USD,Failed
953,5193,04-Apr-2024,-8723.84,DR,DINING,DINING,null,USD,FAILED
954,5392,"Mar 11, 2024",6649.47,CREDIT,payroll,Whole Foods,Whole Foods,USD,Declined
955,5262,"May 31, 2023",8305.77,CR,wire transfer,N/A,Starbucks,USD,COMPLETED
956,5102,05/11/2023,366.15,CR,Bills,Walmart,Walmart,USD,Failed
957,5159,05/11/2024,-7110.95,Debit,atm,ATM Withdrawal,United Airlines,USD,pending
958,5214,02/12/2024,9012.01,DR,WIRE,WIRE,Spotify,USD,Complete
959,5165,2024-05-03,4890.78,CR,MEDICAL,United Airlines,United Airlines,USD,completed
960,5127,09/18/2023,-4971.42,DEBIT,ATM,ATM Withdrawal,Whole Foods,USD,COMPLETED
961,5065,2024-02-17,-42.98,debit,Food & Dining,Target,Target,GBP,FAILED
962,5334,"Aug 21, 2023",6945.62,Credit,Restaurants,Whole Foods,Whole Foods,USD,COMPLETED
963,5326,04/26/2024,5619.06,CREDIT,ATM,Google,Google,USD,declined
964,5006,"Dec 04, 2023",4927.09,Credit,ATM,,CVS Pharmacy,USD,Failed
965,5053,2023-09-25,-8696.13,debit,healthcare,Healthcare,Target,USD,PENDING
966,5338,01/09/2024,-8884.87,DR,utility,CVS Pharmacy,CVS Pharmacy,USD,Declined
967,5004,11/14/2023,8924.14,credit,UTILITIES,N/A,Walmart,USD,failed
968,5317,"Nov 20, 2023",121.95,CR,Healthcare,Walmart,Walmart,USD,Completed
969,5116,03/05/2024,9177.02,credit,transfer,N/A,Whole Foods,GBP,Completed
970,5098,02-Nov-2023,-2792.98,DEBIT,ATM Cash,null,Amazon,USD,pending
971,5014,"Mar 30, 2024",1223.24,credit,health,CVS Pharmacy,CVS Pharmacy,USD,completed
972,5399,03/15/2023,9285.86,CREDIT,Travel,Whole Foods,Whole Foods,USD,completed
973,5138,2023-12-27,9230.23,CREDIT,healthcare,Healthcare,Netflix,USD,Pending
974,5232,"Sep 24, 2023",6356.56,credit,Salary,unknown,unknown,USD,Completed
975,5026,2023-10-19,-8476.58,DEBIT,restaurants,restaurants,Starbucks,USD,Failed
976,5365,2023-06-03,-7640.78,DR,ATM,ATM,Google,EUR,P
977,5191,13-Feb-2024,6271.02,debit,Payroll,Payroll,Google,USD,declined
978,5196,10/17/2023,5703.37,Credit,Health,Healthcare,Target,USD,declined
979,5098,"Apr 24, 2024",-8075.19,debit,direct deposit,Payroll,Netflix,USD,Failed
980,5087,02/12/2023,-5138.55,DEBIT,TRANSFER,,Apple,USD,pending
981,5052,2023-04-09,-2619.66,debit,retail,Shopping,Apple,USD,Failed
982,5336,2024-02-17,9444.86,Debit,Restaurants,null,CVS Pharmacy,USD,PENDING
983,5140,2024-01-08,-4562.87,debit,direct deposit,N/A,Whole Foods,USD,F
984,5033,"Oct 24, 2023",698.5,CREDIT,Health,N/A,United Airlines,USD,pending
985,5068,02/22/2024,-3104.48,DR,atm,null,Amazon,USD,completed
986,5379,"Nov 05, 2023",3553.34,CR,DINING,Food & Dining,United Airlines,USD,Pending
987,5027,2024-02-07,-3764.76,debit,Utilities,N/A,Apple,USD,C
988,5005,04-May-2023,5573.51,Debit,restaurants,restaurants,Target,USD,Completed
989,5312,26-Sep-2023,6541.63,CR,shopping,shopping,Google,USD,Declined
990,5058,11-Jul-2023,471.57,DR,Healthcare,CVS Pharmacy,CVS Pharmacy,USD,C
991,5140,2023-05-21,-2716.1,DEBIT,food & drink,Food & Dining,Walmart,USD,failed
992,5288,"May 04, 2023",-5978.25,DEBIT,Medical,Medical,United Airlines,USD,Declined
993,5086,"Jan 15, 2024",4687.08,CREDIT,ATM,ATM Withdrawal,Whole Foods,USD,F
994,5216,05/23/2023,-290.56,Debit,Salary,unknown,unknown,MXN,F
995,5033,2024-01-10,675.49,debit,Shopping,N/A,Apple,USD,PENDING
996,5049,11/20/2023,-3295.83,debit,Healthcare,Healthcare,Walmart,USD,Failed
997,5168,11-Nov-2023,-538.78,DEBIT,Airline,null,Apple,USD,Failed
998,5028,11/23/2023,-5440.79,DR,travel,null,United Airlines,USD,Pending
999,5199,"May 07, 2023",8370.63,CR,utilities,null,Netflix,USD,P
1000,5004,19-Jan-2024,7334.2,CR,Travel,Travel,Walmart,USD,Declined
1001,5004,"Apr 13, 2023",243.54,CR,atm,atm,Target,USD,F
1002,5350,"May 17, 2023",9483.77,DEBIT,bills,N/A,Target,USD,pending
1003,5317,07/11/2023,4173.87,Debit,PAYROLL,PAYROLL,Amazon,USD,failed
1004,5094,23-Jan-2023,6543.34,Credit,xfer,Target,Target,MXN,COMPLETED
1005,5109,2023-11-01,-5744.57,debit,travel,Shell,Shell,USD,Declined
1006,5138,2023-12-17,547.94,CREDIT,Cash,Cash,Spotify,USD,P
1007,5114,"May 08, 2023",-6808.18,DEBIT,Food & Dining,Food & Dining,Target,USD,declined
1008,5066,2024-05-19,4435.72,credit,HOTEL,unknown,Netflix,USD,pending
1009,5153,05/04/2024,33.76,debit,dining,Shell,Shell,USD,COMPLETED
1010,5323,2023-10-22,-6083.33,DEBIT,Transfer,N/A,Starbucks,USD,PENDING
1011,5389,2024-01-11,-4308.26,debit,Cash,Cash,Amazon,CAD,FAILED
1012,5208,2023-07-15,-8046.17,DR,Purchase,Google,Google,USD,Failed
1013,5230,"Oct 01, 2023",4614.68,credit,retail,Google,Google,USD,Declined
1014,5307,21-Mar-2023,327.59,CREDIT,Salary,Salary,null,USD,COMPLETED
1015,5214,2024-03-22,-1212.68,DEBIT,Direct Deposit,Payroll,Target,USD,Pending
1016,5316,10/23/2023,-2389.79,Debit,shopping,shopping,Target,USD,Declined
1017,5303,"Jun 27, 2024",-2852.33,Debit,salary,Payroll,Google,USD,Declined
1018,5263,28-May-2024,1948.58,CR,atm,ATM Withdrawal,Netflix,USD,pending
1019,5268,20-Feb-2023,-732.76,DEBIT,Health,null,CVS Pharmacy,USD,Completed
1020,5386,"Nov 29, 2023",4216.87,DR,Health,Health,Spotify,USD,Complete
1021,5203,03-May-2023,-5452.76,DR,Food & Dining,Shell,Shell,USD,FAILED
1022,5231,2024-06-02,-3140.84,DR,Medical,Medical,Shell,USD,C
1023,5241,03/17/2024,66.05,CR,Payroll,United Airlines,United Airlines,USD,failed
1024,5030,01-Jan-2024,3635.46,credit,Wire,Starbucks,Starbucks,USD,completed
1025,5395,"Jun 08, 2024",47.91,Credit,Airline,Travel,Netflix,USD,P
1026,5398,08/27/2023,4465.07,CR,purchase,Shopping,United Airlines,USD,declined
1027,5319,2023-11-02,8705.0,DR,PAYROLL,PAYROLL,Shell,USD,Completed
1028,5312,"Oct 12, 2023",-2557.32,DR,Xfer,Xfer,Spotify,USD,Declined
1029,5140,"Dec 11, 2023",-2553.63,DR,cash,cash,Amazon,USD,Pending
1030,5386,22-Jan-2024,-9384.65,debit,Airline,Travel,Whole Foods,USD,declined
1031,5173,16-Feb-2023,9334.63,DEBIT,CASH,CASH,Walmart,CAD,Pending
1032,5267,15-Oct-2023,1817.3,debit,dining,unknown,CVS Pharmacy,USD,PENDING
1033,5186,01/10/2024,-634.52,DEBIT,xfer,Netflix,Netflix,USD,F
1034,5329,06/16/2024,4886.36,credit,Health,Health,Apple,USD,declined
1035,5220,02/01/2023,5212.5,DEBIT,Purchase,Shopping,Starbucks,USD,Declined
1036,5228,2023-07-17,3827.72,Credit,F&D,,Netflix,USD,P
1037,5257,2023-06-03,8420.48,CREDIT,PAYROLL,null,Netflix,USD,declined
1038,5079,2023-08-30,6887.14,CR,Cash,Cash,Netflix,USD,declined
1039,5088,"Aug 22, 2023",-342.12,DR,Travel,Travel,Google,USD,failed
1040,5283,15-Oct-2023,5519.21,credit,HOTEL,HOTEL,Shell,USD,Failed
1041,5269,"Mar 21, 2023",7115.25,credit,dining,Food & Dining,Shell,USD,P
1042,5298,"Nov 06, 2023",9381.89,DR,retail,N/A,Netflix,USD,Complete
1043,5269,2023-01-24,6510.17,Debit,ATM,ATM Withdrawal,Target,USD,failed
1044,5171,2023-04-01,-8819.86,DR,transfer,,Target,USD,Completed
1045,5206,02/02/2024,448.17,Credit,food,unknown,Spotify,USD,P
1046,5311,25-Aug-2023,-8600.34,DR,UTIL,Utilities,Whole Foods,USD,pending
1047,5252,"Dec 02, 2023",8191.53,Credit,Hotel,Travel,Google,USD,F
1048,5250,2024-03-28,965.73,Credit,utility,Shell,Shell,USD,PENDING
1049,5347,03-Feb-2023,6115.58,Credit,shopping,Shopping,Starbucks,USD,C
1050,5189,2024-06-05,-9232.68,DEBIT,Utilities,Utilities,Google,USD,declined
1051,5117,2023-11-27,3806.26,credit,restaurants,Food & Dining,United Airlines,USD,Failed
1052,5328,24-Mar-2024,5108.87,Debit,HOTEL,Apple,Apple,USD,pending
1053,5263,"Oct 26, 2023",9275.13,DEBIT,Salary,United Airlines,United Airlines,USD,Declined
1054,5012,03/09/2023,8907.56,CR,healthcare,Healthcare,Netflix,USD,Pending
1055,5299,05/25/2024,-6711.27,Debit,Retail,Shopping,United Airlines,USD,COMPLETED
1056,5290,2023-04-01,-3499.37,DEBIT,retail,N/A,Starbucks,USD,Declined
1057,5378,"Jan 17, 2024",5955.25,Credit,wire transfer,wire transfer,Amazon,USD,C
1058,5150,2024-01-29,3693.99,CREDIT,Airline,null,Apple,USD,C
1059,5380,"Apr 28, 2023",-4199.12,Debit,Healthcare,Healthcare,Walmart,USD,failed
1060,5147,12-Apr-2023,7250.71,CR,UTILITIES,UTILITIES,Amazon,USD,FAILED
1061,5250,04/05/2024,6991.73,DR,Payroll,N/A,Amazon,EUR,Declined
1062,5325,2023-12-23,6717.55,Credit,F&D,unknown,CVS Pharmacy,USD,pending
1063,5212,03/21/2024,-1326.58,DR,Transfer,Transfer,Amazon,USD,COMPLETED
1064,5349,"Aug 14, 2023",688.45,CR,Payroll,United Airlines,United Airlines,USD,Failed
1065,5380,"Jan 17, 2023",8210.46,CREDIT,WIRE,Transfer,Starbucks,USD,C
1066,5151,28-Jan-2023,2331.23,credit,atm,unknown,United Airlines,USD,declined
1067,5158,05/24/2023,500.14,Credit,health,Healthcare,United Airlines,USD,Failed
1068,5300,01-Jan-2024,-6020.57,Debit,MEDICAL,Healthcare,United Airlines,USD,C
1069,5312,16-Feb-2023,8809.37,CREDIT,restaurants,Google,Google,USD,completed
1070,5374,08/02/2023,-8790.99,DR,direct deposit,Payroll,Netflix,USD,C
1071,5241,04-Sep-2023,-2401.31,DR,Utilities,Utilities,CVS Pharmacy,USD,COMPLETED
1072,5184,2023-04-06,6618.79,CR,xfer,Target,Target,USD,Completed
1073,5299,26-Nov-2023,4188.28,DR,Direct Deposit,Payroll,N/A,USD,Completed
1074,5052,05/06/2024,2964.88,CREDIT,Utilities,,Starbucks,USD,PENDING
1075,5274,2024-02-27,987.8,CR,CASH,,Walmart,USD,failed
1076,5269,11/24/2023,-1225.17,debit,Medical,Medical,United Airlines,USD,declined
1077,5370,03/15/2023,-1703.28,debit,SHOPPING,,Amazon,USD,Declined
1078,5172,2023-12-10,8697.45,credit,food & drink,,Target,GBP,pending
1079,5246,02/07/2023,717.11,Debit,wire transfer,wire transfer,Whole Foods,USD,COMPLETED
1080,5070,"May 20, 2023",300.29,Debit,Payroll,Payroll,N/A,USD,failed
1081,5015,04/08/2023,1082.67,DEBIT,food,Apple,Apple,USD,COMPLETED
1082,5265,01/23/2024,-1504.92,DEBIT,Xfer,Xfer,Shell,USD,C
1083,5096,27-May-2024,7339.12,CR,Medical,unknown,Target,USD,pending
1084,5099,"Oct 02, 2023",518.78,CREDIT,CASH,CASH,CVS Pharmacy,USD,C
1085,5339,"Jan 05, 2024",-4483.56,DR,cash,,Target,USD,Pending
1086,5171,2023-03-09,-7258.53,Debit,salary,N/A,Netflix,USD,pending
1087,5154,18-Apr-2023,7436.4,Credit,salary,salary,Google,USD,C
1088,5227,"Oct 05, 2023",6837.23,CREDIT,medical,medical,Google,USD,F
1089,5325,"Dec 14, 2023",-2752.25,DR,utilities,Utilities,Shell,USD,COMPLETED
1090,5329,13-Apr-2024,7077.25,Credit,healthcare,null,Apple,USD,P
1091,5169,05/27/2024,-6353.51,DR,healthcare,Healthcare,CVS Pharmacy,USD,pending
1092,5050,2023-12-29,8990.29,Credit,utility,unknown,Whole Foods,MXN,F
1093,5107,"Apr 30, 2024",-560.78,debit,Cash,ATM Withdrawal,United Airlines,USD,P
1094,5072,"Jan 31, 2024",-1120.22,DEBIT,Direct Deposit,N/A,Starbucks,USD,COMPLETED
1095,5166,10/12/2023,-5492.87,Debit,CASH,CASH,United Airlines,USD,Failed
1096,5056,2024-04-16,8842.17,DEBIT,CASH,ATM Withdrawal,Starbucks,USD,COMPLETED
1097,5329,02/28/2024,-2775.96,DR,Health,Health,Netflix,USD,Pending
1098,5113,2023-04-24,9081.4,debit,food,Food & Dining,Starbucks,GBP,Complete
1099,5116,2023-08-26,-2047.5,DR,direct deposit,Starbucks,Starbucks,USD,Completed
1100,5289,29-Sep-2023,9072.67,CR,Transfer,Transfer,N/A,USD,completed
1101,5206,"Jan 11, 2023",-7330.99,Debit,payroll,,Netflix,GBP,declined
1102,5061,18-Feb-2024,8323.75,Credit,food,Whole Foods,Whole Foods,USD,C
1103,5284,2023-09-25,1991.32,DR,ATM,unknown,Apple,USD,Declined
1104,5303,04/13/2023,3631.11,credit,bills,bills,Walmart,MXN,F
1105,5362,2023-04-11,9465.41,CR,Payroll,Netflix,Netflix,USD,completed
1106,5062,16-May-2023,3013.26,credit,Airline,N/A,CVS Pharmacy,USD,pending
1107,5151,14-Mar-2024,682.53,credit,bills,Utilities,CVS Pharmacy,USD,failed
1108,5195,05/06/2023,2371.03,CREDIT,PAYROLL,Payroll,Walmart,USD,declined
1109,5172,12-Aug-2023,-3904.75,Debit,Shopping,Shopping,Shell,USD,Pending
1110,5090,23-May-2024,-20.16,DEBIT,payroll,CVS Pharmacy,CVS Pharmacy,USD,pending
1111,5200,17-Oct-2023,-291.91,DR,Utilities,Utilities,Shell,GBP,Declined
1112,5095,"Apr 04, 2024",1483.44,CREDIT,WIRE,Transfer,Starbucks,USD,PENDING
1113,5012,"Feb 13, 2023",8160.84,DEBIT,xfer,N/A,N/A,USD,Declined
1114,5093,2023-09-24,-7391.5,debit,dining,Spotify,Spotify,USD,F
1115,5389,04/13/2023,5095.3,Debit,TRAVEL,TRAVEL,Apple,MXN,Complete
1116,5074,01-Jun-2023,-5283.07,DEBIT,atm,ATM Withdrawal,Shell,USD,Completed
1117,5140,2023-04-05,4298.07,Credit,Restaurants,Restaurants,Walmart,USD,Pending
1118,5342,01/31/2023,3028.18,CR,shopping,Shopping,Apple,USD,F
1119,5224,10/24/2023,-9086.82,debit,wire transfer,Transfer,Amazon,USD,Declined
1120,5038,25-Jan-2023,5909.94,CREDIT,payroll,payroll,Spotify,USD,F
1121,5391,06/06/2024,2735.87,CR,xfer,Transfer,Apple,USD,COMPLETED
1122,5044,"Jun 06, 2024",3663.11,CR,Utilities,Utilities,Whole Foods,USD,failed
1123,5075,"Apr 10, 2023",6276.55,CR,UTILITIES,Utilities,Whole Foods,USD,Pending
1124,5170,11/27/2023,-7450.57,DEBIT,Retail,Shopping,Starbucks,USD,Declined
1125,5215,16-Mar-2024,3413.86,DR,Restaurants,,United Airlines,USD,PENDING
1126,5124,"Aug 28, 2023",3527.55,credit,Airline,Travel,CVS Pharmacy,USD,declined
1127,5115,"Mar 04, 2024",-5584.0,Debit,xfer,,Whole Foods,USD,Failed
1128,5315,14-Jun-2023,2559.59,CR,Medical,Medical,Amazon,USD,Complete
1129,5381,2023-05-25,2020.41,debit,PAYROLL,Starbucks,Starbucks,USD,Pending
1130,5127,"Feb 12, 2024",-5078.95,DEBIT,wire transfer,Transfer,CVS Pharmacy,USD,COMPLETED
1131,5143,18-Jun-2023,584.56,Credit,Retail,Spotify,Spotify,USD,Pending
1132,5093,2023-08-16,-6080.7,Debit,wire transfer,wire transfer,N/A,USD,Failed
1133,5223,02/06/2024,5864.13,credit,CASH,CASH,Target,EUR,Completed
1134,5155,03/31/2023,5145.41,credit,medical,null,Spotify,USD,pending
1135,5310,08/03/2023,3764.65,CREDIT,Travel,Travel,Walmart,USD,P
1136,5024,06-Nov-2023,1757.81,debit,Shopping,Shopping,Whole Foods,USD,PENDING
1137,5310,05/13/2024,-20.58,Debit,Transfer,Transfer,United Airlines,USD,Declined
1138,5175,"Jan 21, 2024",608.84,CREDIT,salary,salary,null,USD,Complete
1139,5001,"Oct 20, 2023",7636.31,Credit,Purchase,,Apple,USD,declined
1140,5274,2023-03-19,-3580.65,DEBIT,DD,unknown,unknown,USD,F
1141,5181,07/20/2023,-6366.09,DR,TRANSFER,unknown,Shell,USD,failed
1142,5389,"Mar 04, 2024",252.75,credit,transfer,Transfer,Amazon,USD,F
1143,5370,"Mar 03, 2023",-2336.87,DR,atm,unknown,unknown,USD,Complete
1144,5172,"Sep 09, 2023",1885.82,CREDIT,atm,Target,Target,USD,failed
1145,5263,2024-01-12,-8660.43,Debit,healthcare,healthcare,N/A,GBP,PENDING
1146,5173,"Sep 09, 2023",2312.01,Credit,ATM Cash,N/A,Shell,USD,Failed
1147,5107,2023-05-10,982.07,Credit,Airline,Spotify,Spotify,USD,declined
1148,5108,"Jun 20, 2024",-896.26,debit,ATM,United Airlines,United Airlines,USD,COMPLETED
1149,5221,31-Mar-2024,8431.24,CR,UTILITIES,UTILITIES,Shell,EUR,F
1150,5128,15-May-2024,-3727.0,DR,Purchase,unknown,CVS Pharmacy,USD,COMPLETED
1151,5085,"Oct 13, 2023",-7889.55,Debit,DD,Spotify,Spotify,MXN,pending
1152,5274,12/08/2023,-7775.2,Debit,transfer,Target,Target,MXN,FAILED
1153,5012,27-Mar-2024,6506.06,Debit,UTIL,Utilities,Apple,USD,COMPLETED
1154,5076,"Jul 20, 2023",4384.49,debit,salary,salary,Google,USD,Pending
1155,5060,06/16/2024,4360.62,Debit,Payroll,Payroll,Target,USD,PENDING
1156,5331,06/09/2023,-3008.92,DR,Restaurants,unknown,unknown,USD,failed
1157,5113,24-May-2023,42.27,Debit,healthcare,Google,Google,EUR,COMPLETED
1158,5199,09/17/2023,9432.09,CR,utilities,unknown,unknown,USD,PENDING
1159,5371,03/29/2023,-83.9,DEBIT,Bills,Utilities,Spotify,USD,P
1160,5190,05-Mar-2024,-1081.27,DEBIT,Payroll,Payroll,Whole Foods,USD,Declined
1161,5335,2023-01-01,8539.86,credit,TRANSFER,Transfer,Netflix,USD,Complete
1162,5269,05-Jun-2024,2425.91,debit,Restaurants,Food & Dining,United Airlines,GBP,failed
1163,5110,05-Dec-2023,6026.27,Credit,bills,Utilities,Shell,CAD,Complete
1164,5022,13-Jan-2023,-4905.52,DEBIT,Wire,Transfer,CVS Pharmacy,USD,completed
1165,5312,"Feb 08, 2023",-7508.15,DR,Cash,ATM Withdrawal,Walmart,USD,completed
1166,5188,"Jun 12, 2024",9319.07,DR,medical,United Airlines,United Airlines,USD,Failed
1167,5377,17-Jun-2024,1893.26,CR,utility,utility,Amazon,USD,Pending
1168,5098,19-Sep-2023,-5122.09,DR,Purchase,Purchase,Whole Foods,USD,Complete
1169,5297,2024-06-05,1513.45,Debit,ATM Withdrawal,Amazon,Amazon,USD,P
1170,5138,11-Mar-2024,-4606.85,debit,MEDICAL,MEDICAL,N/A,USD,COMPLETED
1171,5237,03-Jul-2023,4085.55,Credit,Hotel,Travel,Apple,USD,COMPLETED
1172,5164,"May 09, 2023",-4052.03,debit,SHOPPING,SHOPPING,Amazon,USD,declined
1173,5370,2023-01-09,-5278.36,Debit,airline,Travel,Google,USD,declined
1174,5390,2024-05-28,3031.56,CR,PAYROLL,Payroll,Spotify,USD,PENDING
1175,5043,05/30/2023,7859.34,DEBIT,Transfer,Transfer,CVS Pharmacy,USD,Pending
1176,5379,"May 10, 2024",-893.29,DR,HOTEL,Shell,Shell,USD,F
1177,5205,2024-02-17,-2812.66,DR,Hotel,Travel,Starbucks,USD,Failed
1178,5366,01/11/2024,-8893.67,Debit,atm,unknown,Shell,USD,Failed
1179,5103,06-Jul-2023,839.22,Credit,ATM Cash,,Shell,GBP,failed
1180,5125,2024-03-07,3179.13,credit,food,Food & Dining,Shell,USD,Completed
1181,5036,11-Feb-2024,-85.67,Debit,Cash,N/A,CVS Pharmacy,USD,Declined
1182,5285,07/28/2023,2746.42,Credit,UTIL,Utilities,Walmart,USD,C
1183,5293,02/17/2024,-7773.1,DR,travel,travel,Apple,USD,Completed
1184,5107,04-Apr-2023,7764.41,CREDIT,TRAVEL,N/A,Target,USD,P
1185,5171,"Sep 28, 2023",-4732.07,debit,CASH,ATM Withdrawal,N/A,USD,completed
1186,5156,"Jan 22, 2024",818.07,DEBIT,food & drink,food & drink,Walmart,GBP,FAILED
1187,5030,2023-07-22,8536.81,Credit,UTIL,Utilities,Whole Foods,USD,declined
1188,5030,2023-02-28,5000.55,Credit,Food & Dining,Food & Dining,Netflix,USD,F
1189,5159,2024-06-28,5004.38,Credit,DINING,Starbucks,Starbucks,USD,P
1190,5308,07/04/2023,469.96,Credit,restaurants,unknown,Walmart,USD,pending
1191,5088,30-Jun-2024,1334.0,credit,food,null,Spotify,MXN,declined
1192,5358,2023-09-20,8282.37,Credit,Travel,Walmart,Walmart,USD,failed
1193,5281,08/06/2023,8189.31,Credit,Utilities,Utilities,Starbucks,USD,P
1194,5300,2023-05-08,6339.36,CR,PAYROLL,Payroll,Shell,USD,pending
1195,5249,"Mar 13, 2024",-4836.82,Debit,travel,Whole Foods,Whole Foods,USD,Completed
1196,5045,2024-02-11,8781.1,Debit,Cash,Cash,Netflix,USD,PENDING
1197,5330,02/11/2024,-9400.36,Debit,Wire,Spotify,Spotify,USD,Failed
1198,5275,"Apr 19, 2023",3243.94,CR,ATM Withdrawal,N/A,Spotify,USD,C
1199,5013,2023-07-12,5056.38,credit,Purchase,null,CVS Pharmacy,USD,Pending
1200,5248,"Jul 12, 2023",5607.61,CREDIT,transfer,Transfer,Walmart,USD,failed
1201,5059,11/12/2023,533.73,debit,Healthcare,N/A,Spotify,USD,P
1202,5252,12/24/2023,-5951.74,Debit,Travel,Google,Google,USD,failed
1203,5007,07-Mar-2023,-5943.23,Debit,health,health,Apple,USD,COMPLETED
1204,5083,"Aug 21, 2023",-5745.31,debit,Bills,Bills,,USD,Completed
1205,5070,25-Sep-2023,-6186.83,DEBIT,Cash,ATM Withdrawal,CVS Pharmacy,USD,FAILED
1206,5168,21-May-2024,2898.91,CREDIT,xfer,Transfer,CVS Pharmacy,USD,FAILED
1207,5195,2024-05-19,6136.8,CREDIT,UTIL,Google,Google,USD,pending
1208,5336,15-Mar-2024,-8811.12,DEBIT,Medical,null,Whole Foods,USD,failed
1209,5082,"Mar 02, 2024",-4125.24,DEBIT,airline,N/A,Apple,USD,Pending
1210,5269,27-Apr-2024,-2315.94,DR,Restaurants,Apple,Apple,USD,Complete
1211,5374,2024-03-16,-5088.4,DEBIT,purchase,purchase,Google,USD,P
1212,5138,02/15/2024,6962.02,Credit,TRAVEL,Travel,Spotify,MXN,FAILED
1213,5240,2024-04-02,4655.72,CREDIT,utility,utility,Shell,CAD,P
1214,5015,03/06/2023,3183.95,credit,healthcare,Healthcare,null,USD,C
1215,5176,24-Jan-2023,895.93,Credit,cash,cash,CVS Pharmacy,USD,Declined
1216,5115,18-May-2024,748.28,credit,shopping,Shopping,Apple,USD,C
1217,5086,15-Feb-2024,-8406.85,Debit,shopping,Shopping,Apple,USD,FAILED
1218,5027,20-Jun-2024,2123.5,CREDIT,Retail,null,Walmart,USD,Completed
1219,5310,03/24/2023,-891.69,DEBIT,UTIL,null,Apple,USD,FAILED
1220,5017,2024-03-03,-1772.34,DR,Cash,Cash,United Airlines,USD,Declined
1221,5045,"Nov 22, 2023",-9151.6,Debit,hotel,Travel,Target,USD,P
1222,5132,06/22/2024,-3727.03,debit,WIRE,Transfer,United Airlines,CAD,F
1223,5121,12/11/2023,-7075.21,DEBIT,Wire,Wire,Spotify,USD,declined
1224,5347,2024-03-04,6428.96,Credit,airline,Netflix,Netflix,EUR,P
1225,5177,04/03/2023,544.19,Credit,PAYROLL,PAYROLL,Amazon,USD,F
1226,5370,2023-09-01,2426.59,CREDIT,Xfer,Transfer,Target,USD,FAILED
1227,5170,"Oct 27, 2023",5973.12,credit,Restaurants,Whole Foods,Whole Foods,USD,Complete
1228,5044,02/09/2023,9322.58,credit,CASH,ATM Withdrawal,United Airlines,USD,failed
1229,5240,2023-05-10,9119.51,CR,health,N/A,Netflix,USD,COMPLETED
1230,5351,27-Mar-2023,2172.36,Debit,dining,N/A,Walmart,USD,Complete
1231,5348,"Apr 16, 2024",4598.96,CREDIT,health,N/A,Apple,USD,Completed
1232,5227,27-Oct-2023,5651.55,credit,purchase,Amazon,Amazon,USD,Pending
1233,5027,01/11/2023,1244.72,Credit,ATM,Amazon,Amazon,USD,failed
1234,5178,02/26/2023,3004.66,DR,cash,Spotify,Spotify,USD,pending
1235,5351,2024-04-15,5942.0,Debit,SHOPPING,Shopping,Walmart,USD,declined
1236,5125,"May 16, 2023",681.8,CREDIT,TRAVEL,Travel,Starbucks,USD,completed
1237,5280,11/14/2023,-28.76,Debit,atm,ATM Withdrawal,Netflix,USD,declined
1238,5386,"Feb 01, 2024",2112.28,Credit,Wire,Wire,Google,USD,FAILED
1239,5195,13-Jan-2023,6156.5,Debit,Airline,Travel,Walmart,USD,F
1240,5026,30-Apr-2024,1085.21,CREDIT,dining,Food & Dining,Apple,USD,COMPLETED
1241,5111,14-Apr-2024,769.73,credit,food & drink,Starbucks,Starbucks,CAD,declined
1242,5187,2024-03-06,-5860.32,DR,TRAVEL,TRAVEL,CVS Pharmacy,USD,PENDING
1243,5229,"Apr 30, 2023",1343.84,CREDIT,health,unknown,Google,USD,declined
1244,5398,"Mar 27, 2024",3537.05,CR,Utilities,Netflix,Netflix,USD,Declined
1245,5024,"Jun 19, 2023",-6530.52,DEBIT,atm,atm,United Airlines,USD,PENDING
1246,5218,29-Jul-2023,2820.84,credit,Utilities,Utilities,Walmart,USD,failed
1247,5344,15-Apr-2023,-2808.16,DR,shopping,unknown,United Airlines,USD,Completed
1248,5129,02/02/2024,5117.62,CR,Retail,Shopping,Netflix,USD,Completed
1249,5143,08/14/2023,3815.46,credit,airline,Travel,Target,USD,failed
1250,5330,06/21/2023,3641.98,DEBIT,Travel,Travel,null,USD,completed
1251,5279,2024-04-07,4879.33,credit,atm,N/A,N/A,USD,FAILED
1252,5299,"Feb 15, 2024",-3179.99,DEBIT,dining,Food & Dining,Spotify,USD,Pending
1253,5083,2023-05-19,-1181.14,DR,WIRE,Transfer,Google,USD,declined
1254,5005,"Mar 19, 2024",2007.75,CREDIT,WIRE,WIRE,Walmart,USD,Declined
1255,5049,22-Jun-2023,-7911.8,Debit,hotel,unknown,Spotify,USD,Complete
1256,5250,06/03/2024,-5453.03,debit,TRANSFER,Transfer,Walmart,USD,PENDING
1257,5040,03/12/2024,1791.8,Debit,hotel,N/A,Google,USD,declined
1258,5062,2023-09-05,-5832.63,DEBIT,WIRE,WIRE,Spotify,USD,PENDING
1259,5345,06/17/2023,2811.31,CREDIT,Purchase,Shopping,United Airlines,USD,COMPLETED
1260,5247,2023-10-13,6005.48,CREDIT,bills,bills,Starbucks,GBP,Pending
1261,5286,2023-03-10,8242.77,credit,salary,Payroll,United Airlines,USD,FAILED
1262,5278,09-Feb-2024,5683.63,credit,bills,Netflix,Netflix,USD,Complete
1263,5049,18-Nov-2023,-7372.04,debit,healthcare,Healthcare,Netflix,USD,failed
1264,5301,2024-03-14,8378.45,CR,DD,DD,Google,USD,FAILED
1265,5056,2024-04-16,3122.58,credit,airline,airline,Walmart,USD,Complete
1266,5319,04/26/2024,4302.35,Debit,Bills,Amazon,Amazon,USD,COMPLETED
1267,5334,06/25/2023,8084.5,Credit,CASH,CASH,Whole Foods,USD,pending
1268,5161,12-Nov-2023,8469.93,DEBIT,food,food,Netflix,GBP,failed
1269,5343,"Feb 01, 2023",2656.07,CREDIT,CASH,,Starbucks,USD,Pending
1270,5360,04-Apr-2023,-6245.36,DR,Wire,Transfer,Spotify,USD,C
1271,5254,26-Dec-2023,5122.4,Credit,bills,bills,unknown,USD,C
1272,5167,06-Apr-2023,-3663.28,debit,DINING,DINING,Spotify,USD,FAILED
1273,5296,29-Jun-2023,-2298.45,DR,DINING,DINING,Target,USD,Complete
1274,5276,28-Jan-2024,883.13,Credit,xfer,xfer,Whole Foods,CAD,C
1275,5335,02-Jun-2023,3596.82,Credit,Payroll,Payroll,Whole Foods,USD,Complete
1276,5132,"Aug 02, 2023",-974.91,DR,hotel,Netflix,Netflix,USD,F
1277,5148,29-Jun-2023,-6911.13,Debit,Direct Deposit,Direct Deposit,null,USD,Pending
1278,5012,2023-12-22,8099.51,CREDIT,ATM Cash,ATM Cash,CVS Pharmacy,USD,Failed
1279,5219,"Mar 08, 2024",1991.32,CR,DD,Payroll,Starbucks,USD,F
1280,5282,"Jun 19, 2024",358.5,CREDIT,Utilities,Utilities,Netflix,USD,declined
1281,5141,2023-10-19,-3584.89,DR,Health,null,United Airlines,USD,FAILED
1282,5329,23-Jan-2023,490.11,CR,MEDICAL,,Whole Foods,USD,completed
1283,5173,"Feb 06, 2024",-3979.48,debit,hotel,Travel,Netflix,USD,failed
1284,5050,"Jan 29, 2024",2477.95,Debit,Airline,Shell,Shell,USD,Completed
1285,5143,11/28/2023,7424.85,Credit,food & drink,Amazon,Amazon,USD,declined
1286,5092,03/21/2024,-7898.84,Debit,WIRE,Amazon,Amazon,USD,Completed
1287,5350,"Sep 04, 2023",-6704.69,Debit,purchase,purchase,Walmart,USD,P
1288,5332,10/22/2023,-7112.47,debit,UTILITIES,Utilities,Shell,USD,FAILED
1289,5044,01/23/2023,4173.67,CREDIT,transfer,Transfer,Spotify,USD,F
1290,5151,"May 30, 2024",8612.33,CR,shopping,Shopping,United Airlines,USD,declined
1291,5111,01-Feb-2024,1394.32,DR,Retail,null,Whole Foods,USD,P
1292,5400,"Jan 22, 2024",997.94,Credit,utilities,Utilities,Apple,EUR,PENDING
1293,5366,02/18/2023,7963.05,DEBIT,airline,null,United Airlines,USD,declined
1294,5070,"Feb 02, 2024",-4223.27,debit,Bills,Starbucks,Starbucks,USD,Failed
1295,5140,21-Oct-2023,-7973.61,Debit,UTIL,Utilities,CVS Pharmacy,USD,F
1296,5123,"May 02, 2024",3989.55,debit,medical,N/A,N/A,USD,PENDING
1297,5182,03/24/2023,3332.61,credit,salary,Payroll,Whole Foods,USD,Failed
1298,5302,03/01/2023,-5424.7,debit,Food & Dining,Food & Dining,Google,USD,FAILED
1299,5149,09/27/2023,4991.15,CREDIT,shopping,shopping,Shell,USD,Declined
1300,5347,2023-05-14,-9346.62,debit,medical,Healthcare,Amazon,USD,Completed
1301,5377,09-Sep-2023,-7832.66,DR,DD,DD,Walmart,CAD,FAILED
1302,5230,"Oct 11, 2023",727.68,CR,medical,unknown,Walmart,USD,failed
1303,5001,15-Oct-2023,-3799.61,DR,Hotel,Hotel,Amazon,USD,Pending
1304,5207,12/18/2023,-5004.64,DEBIT,Shopping,Shopping,Amazon,USD,PENDING
1305,5217,2023-10-20,2644.0,Credit,food & drink,Target,Target,USD,Completed
1306,5182,2023-03-10,-5053.84,DEBIT,Utilities,Whole Foods,Whole Foods,USD,PENDING
1307,5376,27-May-2024,-2481.67,DEBIT,shopping,Spotify,Spotify,USD,completed
1308,5009,"Jun 20, 2023",4793.7,CREDIT,UTILITIES,,Google,USD,C
1309,5255,2024-05-05,1936.77,CREDIT,payroll,payroll,Whole Foods,USD,Pending
1310,5264,18-Jan-2024,8556.77,CREDIT,UTIL,UTIL,Spotify,USD,FAILED
1311,5061,2024-05-15,-8329.95,debit,SHOPPING,SHOPPING,Apple,USD,P
1312,5193,12/05/2023,4929.36,credit,purchase,purchase,Spotify,USD,P
1313,5106,2023-04-10,5059.16,credit,UTIL,Whole Foods,Whole Foods,USD,Declined
1314,5198,13-Jul-2023,-6684.28,Debit,PAYROLL,N/A,Spotify,USD,FAILED
1315,5124,23-Feb-2023,602.42,CR,transfer,N/A,Walmart,USD,completed
1316,5101,09/13/2023,8385.33,Credit,wire transfer,Transfer,Shell,USD,Complete
1317,5031,"Nov 11, 2023",4273.46,credit,Payroll,Google,Google,USD,Failed
1318,5282,2023-11-07,4338.42,DR,SHOPPING,SHOPPING,Starbucks,USD,Failed
1319,5303,2023-04-11,-8918.28,DEBIT,Cash,ATM Withdrawal,Apple,USD,Completed
1320,5215,04/18/2023,3615.71,debit,Health,Healthcare,Starbucks,USD,pending
1321,5275,05/25/2023,4783.35,CR,health,null,United Airlines,USD,Declined
1322,5317,26-Jan-2024,5026.71,CR,ATM,ATM,Amazon,USD,COMPLETED
1323,5339,12/27/2023,7220.84,CR,TRAVEL,Travel,Target,USD,Completed
1324,5331,19-Apr-2024,-5849.39,DEBIT,DD,Payroll,Target,USD,C
1325,5172,"Jul 10, 2023",-6430.79,debit,food & drink,Food & Dining,Netflix,USD,F
1326,5195,"Feb 14, 2023",1649.1,Debit,Payroll,Starbucks,Starbucks,USD,PENDING
1327,5205,16-Dec-2023,2443.91,CREDIT,Food & Dining,Food & Dining,Google,CAD,Completed
1328,5049,"Feb 03, 2024",7989.64,Debit,Purchase,unknown,Netflix,USD,Pending
1329,5218,2023-09-01,-3699.46,DR,Xfer,Transfer,Amazon,USD,F
1330,5373,2023-07-18,-8760.07,DEBIT,Healthcare,Healthcare,Walmart,USD,P
1331,5009,01-Aug-2023,7219.56,CREDIT,Shopping,Google,Google,USD,completed
1332,5302,05/05/2023,7684.54,CREDIT,salary,Target,Target,USD,declined
1333,5048,"Feb 23, 2024",6076.61,CREDIT,airline,N/A,Google,USD,Completed
1334,5285,09/19/2023,-5954.87,DR,health,health,Apple,USD,Pending
1335,5397,07/10/2023,-8609.31,debit,cash,Target,Target,USD,Complete
1336,5022,2024-03-23,-5084.65,DR,Retail,unknown,Netflix,USD,C
1337,5166,13-Aug-2023,6973.89,CR,Airline,Airline,Whole Foods,USD,completed
1338,5245,"Nov 27, 2023",-7479.48,Debit,Purchase,Google,Google,USD,completed
1339,5352,2023-03-07,-6497.41,Debit,Salary,null,Google,USD,pending
1340,5132,"Dec 09, 2023",5825.11,CREDIT,UTIL,Apple,Apple,USD,declined
1341,5058,02/17/2024,-2257.8,debit,Hotel,Travel,Netflix,USD,Declined
1342,5057,02/10/2024,358.53,CREDIT,UTILITIES,Target,Target,USD,COMPLETED
1343,5065,20-Jun-2024,-2901.14,Debit,Direct Deposit,unknown,Spotify,USD,failed
1344,5356,20-Feb-2023,2609.37,Credit,Transfer,Transfer,Walmart,USD,PENDING
1345,5383,05-Sep-2023,8370.99,CR,purchase,Shell,Shell,USD,pending
1346,5009,12/20/2023,-1466.14,DR,bills,null,United Airlines,USD,COMPLETED
1347,5025,12/07/2023,-8789.27,DEBIT,Bills,Google,Google,USD,pending
1348,5228,06/07/2023,405.41,CREDIT,Purchase,Purchase,Apple,USD,Declined
1349,5011,24-May-2024,8310.27,credit,hotel,hotel,United Airlines,USD,Failed
1350,5190,2024-02-12,2742.14,CR,Airline,Travel,Shell,USD,Failed
1351,5259,08-Mar-2023,3559.75,DEBIT,HOTEL,HOTEL,Target,CAD,failed
1352,5052,15-Mar-2024,4940.61,Credit,PAYROLL,null,CVS Pharmacy,USD,PENDING
1353,5223,25-Dec-2023,3033.45,CR,health,health,Starbucks,USD,failed
1354,5157,08/16/2023,4472.66,CREDIT,MEDICAL,Healthcare,Target,USD,Declined
1355,5299,09/30/2023,3847.29,Credit,dining,Shell,Shell,USD,Failed
1356,5238,22-Apr-2024,-6308.24,DEBIT,Transfer,Transfer,Spotify,GBP,failed
1357,5037,09/26/2023,1643.84,CR,TRAVEL,Walmart,Walmart,USD,C
1358,5332,14-May-2024,3738.93,CREDIT,payroll,payroll,Apple,USD,Complete
1359,5075,"Jan 11, 2024",5250.98,CREDIT,SHOPPING,Starbucks,Starbucks,USD,declined
1360,5257,04/11/2023,-421.91,DEBIT,medical,medical,United Airlines,USD,Complete
1361,5380,06-Nov-2023,-2856.24,DEBIT,Travel,unknown,Walmart,USD,failed
1362,5303,05/15/2024,1183.49,CREDIT,UTIL,null,Netflix,USD,C
1363,5191,2024-02-17,4384.59,DR,food,Food & Dining,Spotify,USD,F
1364,5054,03/24/2024,-4370.65,DEBIT,F&D,Google,Google,USD,Pending
1365,5349,"Apr 11, 2023",1483.75,CREDIT,Health,N/A,Spotify,USD,pending
1366,5347,"Sep 13, 2023",7510.78,Credit,shopping,Shopping,Shell,USD,PENDING
1367,5030,2024-04-10,5073.26,credit,atm,atm,Shell,USD,Failed
1368,5004,"Mar 18, 2023",448.67,DEBIT,Direct Deposit,null,Whole Foods,USD,Declined
1369,5345,2023-08-19,-6766.83,DR,Retail,Retail,Starbucks,USD,FAILED
1370,5394,01/12/2023,6399.0,CREDIT,dining,unknown,Netflix,USD,Declined
1371,5013,2024-06-09,3256.36,DR,ATM Cash,ATM Cash,Starbucks,USD,declined
1372,5260,06/19/2024,-8920.32,Debit,medical,Apple,Apple,EUR,Declined
1373,5082,"Jan 22, 2024",-5563.43,Debit,TRANSFER,Shell,Shell,USD,failed
1374,5323,2023-10-07,6650.93,CREDIT,Medical,Healthcare,Walmart,USD,F
1375,5396,2024-06-29,2032.16,Credit,Shopping,Shopping,Target,USD,P
1376,5332,13-Apr-2023,-7956.43,DEBIT,Bills,null,Walmart,USD,failed
1377,5069,2023-06-19,2480.58,Credit,food,Food & Dining,Amazon,USD,COMPLETED
1378,5227,2023-06-23,-109.46,DR,Bills,unknown,Amazon,MXN,failed
1379,5341,09-May-2024,9227.61,CR,Healthcare,Healthcare,Spotify,USD,PENDING
1380,5216,09-May-2024,1763.46,debit,Wire,Transfer,Apple,EUR,P
1381,5200,"Aug 16, 2023",-8417.57,DR,restaurants,null,Starbucks,USD,C
1382,5056,2023-03-27,3068.24,Credit,Healthcare,,Starbucks,USD,failed
1383,5008,2023-08-23,3195.45,credit,PAYROLL,Walmart,Walmart,USD,P
1384,5294,2023-04-13,9437.97,CR,Bills,Target,Target,MXN,declined
1385,5127,03/10/2023,8562.72,CREDIT,utility,utility,Amazon,USD,completed
1386,5217,01/26/2023,-7530.55,Debit,hotel,Shell,Shell,USD,Complete
1387,5350,26-Mar-2023,3440.47,CREDIT,F&D,,Shell,USD,Failed
1388,5112,12/20/2023,8322.9,DEBIT,Transfer,Transfer,Netflix,USD,completed
1389,5293,"Dec 05, 2023",9039.42,CR,retail,Shopping,Shell,USD,PENDING
1390,5253,2023-03-25,1827.14,CR,Travel,Travel,Starbucks,USD,C
1391,5358,"Jan 27, 2024",886.52,Credit,food & drink,CVS Pharmacy,CVS Pharmacy,USD,completed
1392,5388,"Apr 09, 2024",4416.02,debit,medical,medical,Shell,USD,Declined
1393,5041,28-Apr-2024,-2163.42,DR,Utilities,CVS Pharmacy,CVS Pharmacy,USD,completed
1394,5400,2023-01-01,-8520.7,DEBIT,direct deposit,Payroll,Whole Foods,USD,Pending
1395,5199,21-Jan-2023,2751.06,CR,purchase,null,Google,USD,pending
1396,5061,18-Apr-2023,4599.63,CR,Transfer,CVS Pharmacy,CVS Pharmacy,USD,failed
1397,5381,12/26/2023,4383.22,CR,Medical,Apple,Apple,USD,P
1398,5173,"Oct 02, 2023",-5510.14,DEBIT,restaurants,Food & Dining,Shell,USD,Declined
1399,5223,"Jan 24, 2024",9061.7,DR,ATM Cash,ATM Withdrawal,Netflix,USD,Failed
1400,5393,03/29/2024,-4171.37,debit,HOTEL,N/A,United Airlines,USD,Complete
1401,5255,"Apr 24, 2024",7675.21,credit,CASH,CASH,,USD,Pending
1402,5064,05/14/2023,-1781.41,DR,healthcare,healthcare,Target,USD,failed
1403,5398,"Sep 05, 2023",2049.7,Credit,DINING,Food & Dining,Amazon,USD,Declined
1404,5194,"Sep 22, 2023",8712.82,CREDIT,utility,CVS Pharmacy,CVS Pharmacy,USD,F
1405,5072,09-Nov-2023,4806.05,debit,transfer,Starbucks,Starbucks,USD,C
1406,5273,05/05/2024,1013.91,debit,shopping,Shopping,Starbucks,USD,Pending
1407,5127,"Mar 30, 2024",9436.91,CREDIT,health,null,CVS Pharmacy,USD,P
1408,5204,2023-01-29,2173.28,Debit,ATM,ATM Withdrawal,CVS Pharmacy,USD,Failed
1409,5368,11/30/2023,-8763.86,Debit,medical,unknown,CVS Pharmacy,USD,Complete
1410,5359,"Mar 20, 2023",7653.07,DR,PAYROLL,Apple,Apple,USD,C
1411,5059,2024-03-13,-1850.44,debit,restaurants,restaurants,Google,USD,P
1412,5250,16-Nov-2023,-754.16,Debit,Purchase,CVS Pharmacy,CVS Pharmacy,USD,Pending
1413,5140,"Mar 10, 2023",5033.83,credit,Medical,,Starbucks,USD,COMPLETED
1414,5239,11/24/2023,3378.01,CR,food,null,Amazon,USD,Completed
1415,5247,12/16/2023,1916.6,CREDIT,Direct Deposit,unknown,Whole Foods,USD,P
1416,5363,01/11/2023,7558.6,CREDIT,Healthcare,Healthcare,Target,USD,pending
1417,5249,"Mar 19, 2023",4752.09,debit,DD,,Spotify,MXN,Failed
1418,5248,16-May-2023,3329.43,debit,DINING,DINING,Google,USD,Complete
1419,5117,06/02/2023,7897.91,Credit,Travel,Travel,Netflix,USD,Pending
1420,5275,01/16/2024,1187.36,Credit,purchase,Shopping,Spotify,USD,declined
1421,5239,"Dec 09, 2023",6612.22,Debit,Airline,Airline,Spotify,GBP,pending
1422,5067,"Dec 21, 2023",6584.76,CR,Xfer,unknown,Apple,USD,PENDING
1423,5088,"Sep 22, 2023",6036.25,CREDIT,Direct Deposit,Direct Deposit,CVS Pharmacy,USD,Failed
1424,5193,2024-01-06,3207.47,DEBIT,travel,travel,Spotify,USD,C
1425,5274,20-Jan-2023,-2784.32,DR,PAYROLL,Payroll,Spotify,USD,Failed
1426,5034,03/05/2024,-2167.29,DEBIT,Retail,Retail,Google,USD,Pending
1427,5134,2023-06-07,-3920.21,debit,restaurants,Food & Dining,Starbucks,USD,failed
1428,5171,01-Jun-2023,1033.86,CR,airline,Travel,United Airlines,USD,C
1429,5252,12/03/2023,9211.79,credit,MEDICAL,MEDICAL,Spotify,USD,Pending
1430,5313,"Jun 24, 2024",7610.91,Credit,salary,null,Apple,USD,F
1431,5245,03/26/2023,-8199.06,Debit,shopping,N/A,CVS Pharmacy,EUR,Pending
1432,5006,13-Feb-2023,-5748.98,debit,utilities,Apple,Apple,USD,COMPLETED
1433,5232,30-May-2024,7999.49,CREDIT,airline,airline,Amazon,USD,failed
1434,5128,05/08/2023,-4681.25,DR,MEDICAL,MEDICAL,Starbucks,USD,C
1435,5119,02/14/2024,-3035.6,Debit,Restaurants,CVS Pharmacy,CVS Pharmacy,USD,PENDING
1436,5102,09/12/2023,2340.35,Credit,Xfer,Transfer,Apple,USD,COMPLETED
1437,5118,09-Mar-2024,8028.93,CR,payroll,payroll,null,USD,FAILED
1438,5235,2023-06-11,2187.21,DR,restaurants,Food & Dining,Shell,USD,PENDING
1439,5363,2023-04-02,-3081.2,debit,SHOPPING,Google,Google,USD,COMPLETED
1440,5078,03-Nov-2023,-2903.4,Debit,Retail,Retail,Target,CAD,P
1441,5019,05/12/2024,8022.72,CREDIT,TRANSFER,Google,Google,USD,Failed
1442,5131,"Mar 12, 2023",3165.89,CREDIT,travel,null,Walmart,USD,F
1443,5119,27-Jun-2023,3891.6,credit,ATM Withdrawal,unknown,Walmart,MXN,Complete
1444,5162,15-May-2023,4353.46,CREDIT,Food & Dining,,Amazon,USD,P
1445,5184,2024-03-06,8334.14,Credit,HOTEL,Travel,unknown,USD,completed
1446,5023,2023-03-22,6961.24,Credit,Salary,Salary,Netflix,USD,Completed
1447,5144,05-Feb-2024,8913.63,credit,Wire,Transfer,CVS Pharmacy,USD,P
1448,5351,12/28/2023,-435.54,debit,MEDICAL,unknown,United Airlines,USD,PENDING
1449,5091,2024-06-20,4552.61,CR,Food & Dining,Google,Google,USD,PENDING
1450,5080,2023-07-17,3341.84,CR,airline,airline,Google,USD,Completed
1451,5394,14-Feb-2024,-981.68,DEBIT,hotel,N/A,Walmart,USD,PENDING
1452,5135,06-Feb-2023,5005.6,CR,medical,null,null,USD,declined
1453,5052,03/28/2023,3366.72,CREDIT,Medical,Healthcare,Starbucks,CAD,P
1454,5025,03/25/2024,-8854.05,Debit,bills,null,Whole Foods,USD,FAILED
1455,5245,"May 08, 2024",6431.89,CR,Utilities,Utilities,Target,MXN,Pending
1456,5145,2024-05-07,-8095.23,Debit,ATM,Amazon,Amazon,USD,C
1457,5303,02/02/2023,5396.7,CR,restaurants,CVS Pharmacy,CVS Pharmacy,USD,pending
1458,5050,2024-02-06,1921.68,DEBIT,Utilities,Utilities,Amazon,USD,Failed
1459,5041,26-Oct-2023,1496.03,Credit,UTIL,Utilities,Google,USD,PENDING
1460,5291,"Feb 27, 2024",3927.05,CR,SHOPPING,SHOPPING,Netflix,USD,COMPLETED
1461,5173,2023-06-08,6002.81,Debit,hotel,Starbucks,Starbucks,EUR,pending
1462,5381,04/24/2024,-1753.11,debit,travel,Travel,Apple,GBP,Pending
1463,5036,"Feb 27, 2024",413.68,credit,medical,Target,Target,USD,F
1464,5142,12-May-2024,7596.95,CREDIT,F&D,Spotify,Spotify,USD,C
1465,5156,06/09/2023,1521.51,Debit,DINING,unknown,Walmart,USD,Complete
1466,5237,"Mar 20, 2023",395.71,credit,DD,Payroll,United Airlines,USD,declined
1467,5135,2023-05-05,5451.08,debit,utility,Utilities,Spotify,USD,Declined
1468,5298,05/09/2023,-9006.18,Debit,purchase,Netflix,Netflix,USD,completed
1469,5024,2023-08-14,2669.3,credit,payroll,Netflix,Netflix,USD,Completed
1470,5176,29-Mar-2023,-2991.88,debit,utilities,unknown,unknown,CAD,Completed
1471,5294,10/09/2023,4306.28,CR,F&D,Food & Dining,N/A,USD,C
1472,5182,"Feb 04, 2024",-4501.64,Debit,DD,Amazon,Amazon,USD,Completed
1473,5114,08/08/2023,2454.32,CR,Airline,Travel,Whole Foods,USD,FAILED
1474,5118,02/07/2024,1766.12,DEBIT,payroll,unknown,unknown,USD,F
1475,5231,12/26/2023,6677.12,CREDIT,Utilities,Utilities,United Airlines,USD,failed
1476,5019,2023-03-25,6118.42,credit,F&D,N/A,United Airlines,USD,declined
1477,5148,22-Jan-2023,-4188.28,DR,Restaurants,United Airlines,United Airlines,USD,P
1478,5036,2024-04-23,3850.83,CR,restaurants,unknown,unknown,USD,PENDING
1479,5392,"Aug 16, 2023",5454.58,Credit,hotel,Travel,Amazon,USD,completed
1480,5038,28-Mar-2024,-7905.57,DEBIT,Wire,Starbucks,Starbucks,USD,completed
1481,5183,09-Dec-2023,-2654.22,DEBIT,medical,medical,Shell,USD,Complete
1482,5291,22-Apr-2023,7776.34,CREDIT,Travel,Travel,Amazon,USD,pending
1483,5321,02/18/2024,6834.02,CR,shopping,CVS Pharmacy,CVS Pharmacy,USD,F
1484,5219,08-Jun-2023,6818.02,Credit,salary,salary,United Airlines,USD,Declined
1485,5319,2023-06-07,-5257.82,DEBIT,Hotel,N/A,Whole Foods,USD,declined
1486,5312,"Feb 04, 2024",4089.57,credit,Travel,Travel,Shell,USD,completed
1487,5368,05-May-2023,3221.17,Credit,healthcare,null,United Airlines,USD,Complete
1488,5304,04/03/2024,8917.44,CREDIT,food,Whole Foods,Whole Foods,USD,failed
1489,5068,2024-05-01,-3777.16,Debit,Wire,Apple,Apple,USD,Completed
1490,5319,"Jun 27, 2023",68.33,credit,Healthcare,Healthcare,Shell,USD,pending
1491,5037,2024-04-15,2451.01,credit,bills,Utilities,Whole Foods,USD,failed
1492,5379,2024-06-08,-7256.16,DEBIT,CASH,unknown,Spotify,USD,PENDING
1493,5066,07/21/2023,583.87,credit,Utilities,unknown,CVS Pharmacy,USD,Declined
1494,5186,"Nov 21, 2023",-5756.52,Debit,Healthcare,Walmart,Walmart,USD,completed
1495,5247,01/29/2024,7870.64,DR,Xfer,,United Airlines,USD,P
1496,5097,2023-11-21,-8052.51,debit,Wire,Wire,Spotify,USD,failed
1497,5092,12/18/2023,8547.24,CR,ATM Cash,,Spotify,MXN,Failed
1498,5134,25-Nov-2023,-2974.39,DR,atm,atm,Netflix,USD,F
1499,5383,03/15/2024,1074.06,credit,MEDICAL,Healthcare,Whole Foods,USD,pending
1500,5132,2023-01-25,5338.76,CREDIT,food & drink,null,Spotify,USD,FAILED
1501,5086,08-May-2024,1632.27,credit,Travel,N/A,N/A,USD,Complete
1502,5240,22-Jun-2023,-1697.31,DR,Wire,Whole Foods,Whole Foods,USD,completed
1503,5275,"Jan 07, 2023",3035.69,CR,cash,cash,Google,USD,Failed
1504,5184,2024-05-15,3290.09,Debit,purchase,Shopping,Walmart,USD,PENDING
1505,5346,"Aug 10, 2023",113.56,DR,medical,null,Apple,USD,completed
1506,5053,2023-06-14,2771.51,Credit,retail,Shopping,N/A,USD,Pending
1507,5204,09/13/2023,-5491.77,DEBIT,DINING,Food & Dining,Whole Foods,USD,Completed
1508,5242,06/18/2024,-1632.59,DR,Utilities,Utilities,Target,USD,PENDING
1509,5069,"Jan 07, 2023",-8027.22,Debit,WIRE,WIRE,Walmart,USD,PENDING
1510,5314,2024-03-16,3758.42,CREDIT,utility,Utilities,Apple,CAD,Pending
1511,5042,2023-02-03,6542.35,Debit,xfer,xfer,Amazon,USD,pending
1512,5006,07-Apr-2024,2286.72,Credit,atm,atm,Whole Foods,CAD,declined
1513,5328,2023-10-09,3144.16,credit,Bills,Utilities,Target,USD,Declined
1514,5213,2024-02-10,-4009.83,DR,Utilities,Utilities,Starbucks,USD,Complete
1515,5001,2023-09-18,8643.97,DR,SHOPPING,Shopping,CVS Pharmacy,USD,failed
1516,5280,"Oct 22, 2023",5247.48,CR,DD,DD,Spotify,USD,P
1517,5002,05/13/2023,-1131.53,DR,payroll,Payroll,Google,USD,Pending
1518,5084,12/06/2023,-6632.55,Debit,shopping,,Netflix,USD,failed
1519,5228,11/08/2023,-8751.8,DEBIT,UTIL,Shell,Shell,USD,Completed
1520,5396,04/20/2023,8689.12,CREDIT,TRANSFER,null,United Airlines,USD,PENDING
1521,5361,01-Jul-2023,-2100.75,DEBIT,Healthcare,Amazon,Amazon,USD,F
1522,5274,06/03/2024,1119.34,credit,dining,dining,Target,USD,Pending
1523,5360,03-Dec-2023,5664.85,CREDIT,DD,null,CVS Pharmacy,USD,PENDING
1524,5307,"Apr 01, 2023",7460.13,Credit,Xfer,,Shell,USD,COMPLETED
1525,5227,"Sep 14, 2023",-8245.96,debit,purchase,Shopping,Spotify,MXN,F
1526,5388,"Apr 22, 2023",8819.55,credit,Purchase,Shopping,Google,USD,Completed
1527,5264,"Jul 20, 2023",-4110.49,Debit,salary,N/A,N/A,USD,pending
1528,5055,30-Apr-2023,7952.63,CR,utility,N/A,Apple,USD,declined
1529,5025,"Aug 14, 2023",6429.53,CREDIT,bills,Utilities,Google,USD,P
1530,5396,09/22/2023,-4440.94,debit,bills,,CVS Pharmacy,USD,Failed
1531,5146,"Nov 01, 2023",-4394.81,DEBIT,DD,null,Amazon,USD,Failed
1532,5088,2024-03-12,-6082.73,DEBIT,Cash,null,Shell,USD,Completed
1533,5376,2023-09-23,5507.94,Credit,UTIL,null,Apple,USD,F
1534,5311,2024-03-15,8123.33,Credit,retail,unknown,Apple,USD,PENDING
1535,5270,2023-11-13,6433.63,Credit,UTIL,,Apple,USD,PENDING
1536,5199,04/07/2023,-6247.44,debit,UTIL,UTIL,Target,USD,Complete
1537,5367,28-May-2024,-130.7,DR,SHOPPING,Shopping,Netflix,USD,FAILED
1538,5096,18-Aug-2023,-8832.19,DR,transfer,Transfer,Shell,USD,C
1539,5320,"Apr 06, 2024",5645.64,Debit,ATM Withdrawal,Starbucks,Starbucks,EUR,declined
1540,5018,"Sep 06, 2023",-3498.0,debit,SHOPPING,Shopping,N/A,USD,PENDING
1541,5129,2023-03-17,9256.59,CREDIT,Bills,Bills,United Airlines,USD,completed
1542,5283,"Sep 13, 2023",-4537.81,debit,transfer,Transfer,null,USD,declined
1543,5079,22-Jun-2023,-6166.87,debit,cash,cash,Netflix,USD,failed
1544,5003,09/20/2023,3077.18,CREDIT,SHOPPING,United Airlines,United Airlines,USD,pending
1545,5004,"May 26, 2024",-7297.76,DEBIT,HOTEL,N/A,Target,USD,Declined
1546,5099,03/05/2023,336.94,Credit,Salary,unknown,Google,USD,declined
1547,5289,2023-01-18,1746.55,CREDIT,CASH,null,United Airlines,MXN,F
1548,5311,2023-02-08,8916.3,credit,Health,Healthcare,Target,USD,Complete
1549,5300,08/02/2023,5810.6,CR,direct deposit,Payroll,United Airlines,USD,P
1550,5333,07/18/2023,6519.76,credit,UTILITIES,Utilities,United Airlines,USD,Completed
1551,5173,08/18/2023,808.79,DR,dining,dining,Target,USD,failed
1552,5238,"Mar 31, 2024",4313.83,CREDIT,PAYROLL,PAYROLL,Netflix,GBP,declined
1553,5281,2023-05-29,-1839.21,debit,F&D,Spotify,Spotify,USD,C
1554,5213,"Mar 05, 2024",5506.52,CR,retail,Shopping,unknown,GBP,failed
1555,5219,"Sep 29, 2023",6600.66,CREDIT,TRAVEL,N/A,Whole Foods,USD,FAILED
1556,5129,"Apr 25, 2024",-134.88,DEBIT,Airline,Travel,Amazon,CAD,COMPLETED
1557,5315,"Jun 10, 2024",-5185.14,debit,TRAVEL,Travel,Target,USD,FAILED
1558,5330,2024-01-22,4157.26,CR,payroll,United Airlines,United Airlines,EUR,pending
1559,5374,12-Feb-2024,-706.5,DR,restaurants,Food & Dining,Spotify,USD,COMPLETED
1560,5239,20-Jun-2024,8361.23,DEBIT,Utilities,Utilities,Shell,USD,Declined
1561,5205,2023-01-19,-9282.51,DEBIT,TRANSFER,unknown,unknown,USD,Completed
1562,5355,"Jun 10, 2024",-8286.24,debit,medical,Amazon,Amazon,EUR,Completed
1563,5146,20-Aug-2023,9262.92,CR,Bills,unknown,Target,USD,completed
1564,5343,2023-02-24,871.02,debit,Shopping,unknown,unknown,USD,P
1565,5378,01/06/2024,-113.28,DEBIT,DINING,DINING,Apple,GBP,Completed
1566,5042,13-Jan-2023,8561.69,CR,cash,cash,Apple,USD,Declined
1567,5307,08-Mar-2024,8237.28,DEBIT,retail,retail,United Airlines,USD,Completed
1568,5145,27-Mar-2023,1074.44,Credit,Medical,Healthcare,Apple,USD,declined
1569,5097,"Sep 02, 2023",-8249.92,DR,airline,Travel,Walmart,USD,Declined
1570,5272,24-Nov-2023,7285.04,CR,Retail,Amazon,Amazon,USD,Failed
1571,5371,05-Feb-2024,2592.99,debit,xfer,Transfer,Target,USD,failed
1572,5183,30-Mar-2024,3142.33,DR,direct deposit,direct deposit,Whole Foods,USD,PENDING
1573,5378,"Apr 22, 2023",860.94,CREDIT,TRANSFER,,Starbucks,USD,declined
1574,5262,"Nov 26, 2023",1577.31,DR,UTILITIES,UTILITIES,N/A,USD,failed
1575,5141,2024-06-28,8405.24,DEBIT,Food & Dining,Target,Target,MXN,Declined
1576,5170,2023-10-31,5457.67,CR,ATM Cash,Target,Target,USD,PENDING
1577,5350,19-Sep-2023,2898.64,Credit,salary,unknown,CVS Pharmacy,EUR,F
1578,5093,03/24/2023,746.89,CREDIT,Salary,Salary,Shell,USD,pending
1579,5229,2024-03-14,-8936.79,DEBIT,HOTEL,HOTEL,Starbucks,USD,C
1580,5003,29-Apr-2023,8888.46,Credit,CASH,unknown,Amazon,USD,COMPLETED
1581,5357,2024-04-09,9414.95,Credit,Purchase,Shopping,Whole Foods,USD,COMPLETED
1582,5143,24-Jun-2024,4546.43,CREDIT,direct deposit,unknown,Walmart,USD,P
1583,5206,"May 20, 2023",-8755.24,debit,CASH,unknown,unknown,USD,Failed
1584,5130,06/14/2024,-9194.14,Debit,food & drink,food & drink,Starbucks,USD,Completed
1585,5110,03/26/2024,8407.16,CR,ATM Cash,Apple,Apple,USD,C
1586,5234,2023-12-27,8185.12,credit,healthcare,N/A,Whole Foods,USD,P
1587,5096,05/14/2024,-3954.45,DEBIT,F&D,United Airlines,United Airlines,USD,pending
1588,5167,"Oct 31, 2023",-1570.68,Debit,Transfer,,Apple,USD,Failed
1589,5022,20-Nov-2023,5599.06,DEBIT,Salary,N/A,Netflix,USD,declined
1590,5019,12/03/2023,-2304.88,Debit,ATM,ATM,Google,USD,FAILED
1591,5082,"Jan 18, 2023",-4110.18,DR,UTILITIES,N/A,Google,USD,COMPLETED
1592,5219,"Dec 13, 2023",-1369.09,DR,Cash,N/A,Netflix,USD,P
1593,5116,03-Oct-2023,9087.63,Credit,travel,Apple,Apple,EUR,PENDING
1594,5125,2023-12-17,1833.15,CR,healthcare,Amazon,Amazon,USD,Pending
1595,5110,12/14/2023,-5548.52,Debit,Purchase,Purchase,Apple,USD,P
1596,5177,03-Apr-2024,-6737.56,debit,Restaurants,N/A,Shell,USD,P
1597,5310,2023-08-17,6168.12,credit,HOTEL,Netflix,Netflix,USD,F
1598,5299,07-Mar-2024,-8259.86,DR,Salary,Amazon,Amazon,USD,P
1599,5344,28-Sep-2023,-7088.31,Debit,medical,Target,Target,USD,Pending
1600,5274,21-Apr-2024,101.38,Debit,Travel,Travel,Spotify,USD,pending
1601,5141,02/02/2023,229.26,CREDIT,Hotel,Travel,N/A,USD,Complete
1602,5126,06/07/2024,2293.34,CR,food,food,United Airlines,USD,Complete
1603,5183,2024-03-10,8465.49,credit,food & drink,Amazon,Amazon,USD,Declined
1604,5112,"Jul 31, 2023",-7958.36,DR,Airline,Airline,CVS Pharmacy,USD,P
1605,5393,16-Apr-2024,-8797.09,DR,wire transfer,Spotify,Spotify,USD,PENDING
1606,5175,2023-12-18,242.45,Credit,SHOPPING,unknown,Google,USD,completed
1607,5154,10-Jun-2024,2719.85,CREDIT,purchase,purchase,Target,EUR,F
1608,5032,04/09/2024,7213.66,CREDIT,ATM Cash,ATM Withdrawal,Spotify,USD,C
1609,5192,18-May-2024,-3037.54,debit,direct deposit,N/A,United Airlines,EUR,Complete
1610,5014,06/09/2024,9035.23,CREDIT,ATM Withdrawal,Walmart,Walmart,USD,declined
1611,5147,10-Jan-2023,1903.41,Credit,cash,ATM Withdrawal,Amazon,USD,COMPLETED
1612,5367,2023-04-01,6825.37,CREDIT,food & drink,Food & Dining,Spotify,USD,C
1613,5245,2023-09-16,-7604.73,Debit,transfer,Transfer,unknown,USD,Complete
1614,5155,2023-08-27,-4493.95,DR,DD,DD,United Airlines,USD,PENDING
1615,5123,2023-10-25,-7296.26,Debit,ATM,ATM Withdrawal,Whole Foods,USD,C
1616,5304,"Nov 09, 2023",-5872.04,debit,DINING,Apple,Apple,USD,F
1617,5185,11-Jun-2023,-7832.94,debit,Utilities,,Whole Foods,CAD,P
1618,5373,2023-07-31,-9111.5,DR,WIRE,unknown,Starbucks,USD,completed
1619,5006,2023-08-11,8434.75,CR,TRANSFER,Transfer,null,USD,Complete
1620,5370,2023-07-30,-7252.94,DEBIT,ATM,null,United Airlines,USD,completed
1621,5132,06/15/2024,3277.61,CR,Hotel,Google,Google,USD,FAILED
1622,5335,"Apr 15, 2024",715.72,Credit,atm,ATM Withdrawal,Whole Foods,USD,completed
1623,5334,2023-02-26,-8443.83,debit,purchase,unknown,Whole Foods,USD,pending
1624,5237,01/24/2023,-5641.58,DR,food & drink,food & drink,Target,USD,FAILED
1625,5237,02-Mar-2023,-1027.79,debit,dining,Food & Dining,Walmart,USD,P
1626,5216,"Jul 22, 2023",-2054.71,debit,utilities,Netflix,Netflix,USD,C
1627,5357,"Jun 22, 2024",8315.2,CR,bills,bills,Amazon,USD,COMPLETED
1628,5269,"Nov 29, 2023",-3552.05,DEBIT,CASH,ATM Withdrawal,Walmart,USD,Complete
1629,5160,06/15/2024,7134.66,Credit,ATM Cash,ATM Cash,Spotify,USD,Complete
1630,5273,"Jan 18, 2023",6601.45,CR,Restaurants,United Airlines,United Airlines,USD,P
1631,5221,05/06/2024,3733.11,credit,payroll,Payroll,N/A,USD,PENDING
1632,5171,2023-12-20,4202.07,credit,cash,ATM Withdrawal,Starbucks,USD,completed
1633,5384,"Oct 03, 2023",3514.41,credit,payroll,Payroll,Google,USD,completed
1634,5213,01/26/2024,2916.39,Credit,TRANSFER,unknown,Netflix,USD,FAILED
1635,5384,01/23/2023,-3228.62,DR,SHOPPING,null,United Airlines,USD,P
1636,5386,19-Sep-2023,4295.28,debit,Bills,Shell,Shell,USD,Declined
1637,5291,12/29/2023,4028.49,credit,health,health,United Airlines,USD,PENDING
1638,5398,"Jun 03, 2023",-3576.49,DEBIT,bills,bills,Google,USD,pending
1639,5272,08/26/2023,7468.2,CREDIT,Purchase,unknown,unknown,CAD,Completed
1640,5400,29-Mar-2023,8727.94,credit,Health,Healthcare,Google,USD,Complete
1641,5141,"Jun 24, 2024",1794.6,CR,direct deposit,direct deposit,unknown,USD,F
1642,5250,"Dec 05, 2023",1179.95,CREDIT,Purchase,null,Google,USD,Failed
1643,5169,"Oct 28, 2023",804.08,CR,ATM Cash,Target,Target,USD,COMPLETED
1644,5257,"Jan 08, 2023",3942.19,credit,food,Starbucks,Starbucks,USD,FAILED
1645,5385,23-Nov-2023,2974.61,Credit,atm,N/A,United Airlines,MXN,FAILED
1646,5047,17-Feb-2023,4227.64,credit,food,Spotify,Spotify,USD,PENDING
1647,5208,03/18/2023,-8136.28,DEBIT,Utilities,Utilities,Starbucks,USD,Pending
1648,5366,"Dec 26, 2023",9466.34,Credit,ATM Cash,Apple,Apple,USD,Declined
1649,5208,2024-05-18,459.59,DR,Xfer,Transfer,CVS Pharmacy,GBP,Pending
1650,5266,2023-05-14,9118.01,DEBIT,WIRE,Transfer,Spotify,USD,pending
1651,5062,03/19/2023,2449.8,credit,Salary,Payroll,Netflix,USD,F
1652,5296,13-Apr-2024,-2883.29,DEBIT,purchase,purchase,Google,USD,Complete
1653,5255,09-May-2024,4356.21,credit,salary,Payroll,Target,CAD,COMPLETED
1654,5045,02/01/2023,-1577.81,debit,ATM Cash,unknown,Amazon,USD,Pending
1655,5369,07/28/2023,5425.79,CR,UTILITIES,Utilities,United Airlines,USD,F
1656,5368,"Jan 02, 2023",-6487.54,debit,restaurants,Food & Dining,Whole Foods,USD,P
1657,5324,2024-06-08,6698.26,Credit,Health,Health,N/A,USD,C
1658,5259,"Oct 05, 2023",-6605.13,DEBIT,CASH,Target,Target,USD,Completed
1659,5244,10/21/2023,-3752.8,DR,DD,Payroll,Walmart,USD,PENDING
1660,5301,10/05/2023,5485.67,Credit,HOTEL,Travel,Target,USD,COMPLETED
1661,5224,03-Jul-2023,9421.11,Credit,MEDICAL,United Airlines,United Airlines,USD,COMPLETED
1662,5191,2024-03-29,-97.03,debit,utilities,unknown,Starbucks,USD,Complete
1663,5172,30-Mar-2023,-3257.54,DEBIT,MEDICAL,MEDICAL,Target,USD,PENDING
1664,5390,01/26/2023,-7985.5,DR,food & drink,food & drink,Whole Foods,USD,PENDING
1665,5223,08/25/2023,1231.3,CREDIT,UTIL,unknown,Netflix,USD,COMPLETED
1666,5113,"May 24, 2024",3202.34,credit,atm,ATM Withdrawal,Whole Foods,USD,Completed
1667,5279,11/16/2023,1973.15,debit,CASH,CASH,unknown,USD,Complete
1668,5390,2023-07-21,5067.53,credit,Xfer,CVS Pharmacy,CVS Pharmacy,USD,PENDING
1669,5113,"Mar 26, 2024",7151.29,credit,wire transfer,Transfer,Spotify,USD,declined
1670,5335,01/31/2024,-8019.59,DEBIT,DD,N/A,CVS Pharmacy,USD,Failed
1671,5343,"Jun 11, 2023",-287.09,Debit,Medical,Spotify,Spotify,USD,Failed
1672,5105,"Sep 27, 2023",9424.43,debit,cash,cash,Spotify,USD,failed
1673,5109,2023-03-24,2261.98,CREDIT,Shopping,Shopping,Shell,CAD,COMPLETED
1674,5170,01/12/2023,-4127.38,DR,medical,CVS Pharmacy,CVS Pharmacy,USD,PENDING
1675,5214,2024-04-27,7874.13,DR,xfer,xfer,Walmart,USD,P
1676,5172,07/09/2023,8137.05,Debit,PAYROLL,null,United Airlines,USD,C
1677,5106,29-Feb-2024,5735.71,DEBIT,bills,null,Google,USD,Pending
1678,5223,2024-01-12,4464.87,Credit,Utilities,Utilities,,USD,failed
1679,5075,04/23/2024,-6379.4,Debit,Bills,Bills,CVS Pharmacy,USD,COMPLETED
1680,5374,2023-07-29,2545.8,credit,salary,Payroll,Amazon,USD,Completed
1681,5309,01/11/2023,-3765.74,debit,Salary,N/A,Google,USD,C
1682,5156,2024-04-03,4456.3,CREDIT,utility,Utilities,United Airlines,USD,Failed
1683,5102,22-May-2024,2780.75,CREDIT,Wire,,,USD,Declined
1684,5127,"Oct 06, 2023",-9133.02,DEBIT,medical,Healthcare,Whole Foods,USD,FAILED
1685,5395,30-Nov-2023,-8962.21,DR,cash,,CVS Pharmacy,GBP,PENDING
1686,5047,25-Jun-2024,2598.4,CREDIT,Bills,Bills,United Airlines,USD,P
1687,5021,09-Feb-2024,3072.69,DR,CASH,CASH,Whole Foods,USD,Pending
1688,5129,"Jun 25, 2024",-3135.45,Debit,MEDICAL,Healthcare,Whole Foods,USD,Completed
1689,5267,2023-02-16,-8244.06,DEBIT,UTIL,UTIL,Spotify,USD,PENDING
1690,5207,09/23/2023,4366.32,credit,Airline,Travel,Target,USD,F
1691,5174,2023-02-15,5458.68,CREDIT,utility,Utilities,United Airlines,USD,Completed
1692,5155,"May 06, 2023",5721.09,CREDIT,retail,Shopping,United Airlines,USD,completed
1693,5115,06/11/2024,7117.73,debit,SHOPPING,Shopping,CVS Pharmacy,USD,completed
1694,5016,12-Mar-2023,2796.59,CR,ATM Cash,ATM Withdrawal,Walmart,USD,pending
1695,5383,2023-04-03,1802.89,CREDIT,payroll,Payroll,Shell,USD,failed
1696,5379,2023-08-16,4161.77,CR,MEDICAL,Netflix,Netflix,USD,Failed
1697,5076,2023-07-28,7938.15,CREDIT,ATM Cash,,Google,USD,completed
1698,5079,14-Aug-2023,-1335.58,DEBIT,UTILITIES,Utilities,Amazon,USD,failed
1699,5027,"Aug 07, 2023",8888.59,CREDIT,travel,Google,Google,USD,P
1700,5004,02/02/2024,-649.72,Debit,Healthcare,Healthcare,Apple,USD,pending
1701,5304,2024-01-15,3021.69,Debit,Wire,Transfer,unknown,USD,declined
1702,5063,15-May-2023,6456.02,Credit,UTILITIES,N/A,N/A,USD,Failed
1703,5382,04-Jun-2024,566.83,Credit,TRAVEL,,Apple,USD,P
1704,5337,01-Jun-2024,8374.11,credit,Transfer,Amazon,Amazon,USD,Completed
1705,5177,2023-06-17,1340.19,DR,TRANSFER,Transfer,Starbucks,EUR,C
1706,5131,02/21/2024,6572.33,credit,food,null,null,USD,pending
1707,5289,2023-11-30,5377.81,DR,direct deposit,null,Netflix,USD,Declined
1708,5068,"Apr 12, 2024",3785.16,Credit,DD,Amazon,Amazon,USD,COMPLETED
1709,5312,"Oct 08, 2023",1360.07,debit,xfer,null,Apple,USD,COMPLETED
1710,5162,"Jul 15, 2023",3859.84,credit,salary,Walmart,Walmart,USD,PENDING
1711,5072,06/21/2024,-4459.96,DR,Healthcare,null,Amazon,USD,COMPLETED
1712,5312,01-Apr-2024,-1150.0,Debit,Healthcare,Healthcare,Whole Foods,USD,C
1713,5205,2024-02-27,-1187.77,Debit,Travel,Travel,Starbucks,USD,completed
1714,5187,24-May-2024,824.91,CREDIT,atm,atm,Whole Foods,USD,Pending
1715,5381,04-Feb-2024,-4949.97,DEBIT,Food & Dining,Food & Dining,Walmart,USD,Pending
1716,5396,2023-06-03,8627.92,CREDIT,food & drink,Whole Foods,Whole Foods,USD,Pending
1717,5212,2023-01-18,-9126.5,DEBIT,retail,Shopping,Google,USD,Failed
1718,5044,2023-05-31,8446.62,credit,direct deposit,Apple,Apple,USD,Declined
1719,5016,05/12/2024,6599.64,Credit,UTIL,CVS Pharmacy,CVS Pharmacy,USD,Completed
1720,5388,2023-06-02,4057.87,Credit,TRANSFER,Transfer,Spotify,USD,failed
1721,5008,"Feb 13, 2023",-8184.53,DR,healthcare,healthcare,Spotify,USD,failed
1722,5171,06-Jan-2024,9237.86,CREDIT,HOTEL,HOTEL,Google,USD,Complete
1723,5384,"May 20, 2024",-2953.44,Debit,ATM Withdrawal,ATM Withdrawal,Walmart,USD,P
1724,5013,"Dec 06, 2023",-2392.52,Debit,restaurants,unknown,Starbucks,USD,PENDING
1725,5223,"Jan 24, 2024",421.43,CR,Health,Healthcare,Google,CAD,FAILED
1726,5341,05/13/2023,-2978.04,DR,dining,N/A,Google,EUR,COMPLETED
1727,5049,2023-02-05,-6763.08,DEBIT,Airline,Travel,Apple,USD,F
1728,5199,25-Mar-2023,-3377.63,DR,direct deposit,direct deposit,Starbucks,USD,Complete
1729,5036,"May 05, 2024",6493.81,Credit,TRANSFER,TRANSFER,Spotify,USD,Failed
1730,5222,23-Apr-2024,239.91,DEBIT,food,CVS Pharmacy,CVS Pharmacy,EUR,Declined
1731,5283,02/28/2024,7959.92,DR,TRANSFER,N/A,Spotify,USD,Failed
1732,5131,08/11/2023,-9287.51,Debit,Hotel,Hotel,Amazon,USD,completed
1733,5083,"Jun 21, 2023",-8274.09,debit,atm,atm,unknown,USD,failed
1734,5061,16-Nov-2023,3765.86,CR,UTILITIES,Utilities,CVS Pharmacy,USD,PENDING
1735,5010,"Aug 15, 2023",3906.32,CREDIT,medical,unknown,unknown,USD,FAILED
1736,5072,"Jun 15, 2023",8221.97,Debit,ATM,ATM,Netflix,USD,PENDING
1737,5285,25-Sep-2023,4053.86,Credit,TRAVEL,Amazon,Amazon,USD,failed
1738,5301,17-Mar-2024,-7224.9,DR,CASH,unknown,unknown,USD,Complete
1739,5049,2023-07-06,6207.95,CREDIT,UTIL,Utilities,Netflix,USD,P
1740,5337,2023-11-13,932.64,Debit,Medical,unknown,CVS Pharmacy,USD,F
1741,5363,20-Jan-2023,7498.41,credit,Direct Deposit,Google,Google,USD,declined
1742,5186,01/17/2024,696.82,Credit,PAYROLL,,United Airlines,USD,Pending
1743,5296,05/23/2024,3798.22,CR,Cash,Spotify,Spotify,USD,F
1744,5287,11-Mar-2024,7917.93,CR,Xfer,Xfer,Walmart,USD,F
1745,5285,"Jan 25, 2023",4107.92,Debit,PAYROLL,Payroll,CVS Pharmacy,USD,Pending
1746,5015,03-Feb-2023,779.89,CREDIT,TRANSFER,Amazon,Amazon,USD,COMPLETED
1747,5384,2023-07-23,4744.72,credit,Medical,Healthcare,Spotify,USD,Completed
1748,5372,2024-06-21,-7602.37,DEBIT,Healthcare,Apple,Apple,USD,declined
1749,5247,2023-08-18,-4315.34,DR,F&D,N/A,Target,USD,completed
1750,5024,07/05/2023,1722.26,Debit,Bills,CVS Pharmacy,CVS Pharmacy,USD,declined
1751,5186,"Apr 25, 2024",3438.8,Credit,wire transfer,Transfer,CVS Pharmacy,USD,completed
1752,5060,"Dec 10, 2023",7918.77,CR,payroll,Payroll,Target,USD,Declined
1753,5301,10-Mar-2024,-4830.16,DR,Retail,,Netflix,USD,Complete
1754,5178,27-May-2024,-8189.07,DEBIT,medical,United Airlines,United Airlines,USD,declined
1755,5255,"Feb 22, 2023",1908.06,CR,Cash,Shell,Shell,USD,FAILED
1756,5172,06/14/2024,-3658.22,DEBIT,Hotel,Apple,Apple,USD,Declined
1757,5227,09/16/2023,343.71,DEBIT,Purchase,Shopping,CVS Pharmacy,USD,P
1758,5372,07-Oct-2023,-8345.82,DEBIT,Medical,Healthcare,Shell,USD,F
1759,5247,2024-06-21,2181.71,CREDIT,food & drink,food & drink,Target,USD,pending
1760,5308,2024-01-24,-6618.26,debit,Payroll,Starbucks,Starbucks,USD,Completed
1761,5370,"Jan 31, 2024",-7702.77,debit,utilities,Target,Target,USD,P
1762,5118,"Jun 29, 2024",-1957.56,DR,Hotel,Travel,United Airlines,USD,Complete
1763,5112,05/20/2023,7811.42,CR,airline,Travel,Spotify,USD,FAILED
1764,5389,18-Oct-2023,8332.82,DR,Transfer,Transfer,Spotify,MXN,pending
1765,5154,"Jun 14, 2024",4520.4,Credit,salary,Payroll,Amazon,USD,C
1766,5129,09-Aug-2023,8191.14,CR,Retail,Retail,Amazon,USD,pending
1767,5017,2023-07-10,6899.17,CR,Travel,null,CVS Pharmacy,USD,completed
1768,5326,05/03/2023,-1732.99,DR,cash,N/A,Target,USD,PENDING
1769,5130,"Jan 08, 2024",6649.19,Credit,payroll,Payroll,Netflix,USD,Pending
1770,5356,"Jun 01, 2024",-5498.83,DR,dining,Amazon,Amazon,USD,Completed
1771,5254,2023-02-06,-7233.08,DEBIT,airline,airline,Whole Foods,USD,C
1772,5265,12/26/2023,-4112.73,DEBIT,airline,,Starbucks,USD,COMPLETED
1773,5264,03/01/2023,1118.88,Credit,restaurants,Food & Dining,Starbucks,USD,pending
1774,5253,15-Jun-2024,-5930.04,DEBIT,Purchase,Purchase,Apple,USD,Completed
1775,5103,2023-07-10,-5950.54,debit,dining,Food & Dining,Spotify,USD,FAILED
1776,5186,06/12/2023,-8664.86,DR,UTILITIES,UTILITIES,N/A,EUR,Pending
1777,5205,12/28/2023,9295.5,credit,Payroll,null,Amazon,CAD,Complete
1778,5084,2023-01-27,8230.76,CREDIT,transfer,Transfer,Shell,USD,C
1779,5066,25-Jul-2023,-6648.24,DR,transfer,Transfer,Amazon,USD,F
1780,5355,"Feb 03, 2023",-8640.75,DEBIT,Utilities,N/A,Shell,USD,Failed
1781,5229,29-Jul-2023,7894.93,CREDIT,ATM Withdrawal,ATM Withdrawal,Walmart,USD,P
1782,5081,12-May-2024,-6445.99,Debit,ATM Cash,ATM Withdrawal,Spotify,USD,P
1783,5176,2023-07-09,6142.31,credit,SHOPPING,SHOPPING,Spotify,USD,Completed
1784,5263,"May 07, 2023",6904.11,CREDIT,Health,null,Netflix,USD,completed
1785,5346,12/13/2023,4869.23,credit,Restaurants,Netflix,Netflix,USD,C
1786,5209,10/25/2023,8715.86,CREDIT,restaurants,Spotify,Spotify,MXN,Declined
1787,5171,"Jun 04, 2024",-4824.49,Debit,Transfer,null,CVS Pharmacy,USD,C
1788,5191,07/04/2023,8354.27,CR,SHOPPING,N/A,Google,EUR,Failed
1789,5241,09-Feb-2023,591.12,CREDIT,dining,null,Starbucks,USD,PENDING
1790,5136,2023-04-19,1260.3,CREDIT,medical,medical,CVS Pharmacy,USD,Pending
1791,5187,08/15/2023,-8836.3,DR,Shopping,Shopping,Walmart,USD,PENDING
1792,5076,09-May-2024,1875.57,CREDIT,Medical,Healthcare,Whole Foods,GBP,PENDING
1793,5327,20-Feb-2023,2688.44,Credit,food & drink,Spotify,Spotify,USD,declined
1794,5223,"Jul 11, 2023",9424.98,Credit,Wire,N/A,Apple,USD,pending
1795,5261,2023-02-25,74.89,credit,purchase,Google,Google,USD,Complete
1796,5041,"Apr 30, 2024",8651.91,CREDIT,wire transfer,wire transfer,Google,USD,Complete
1797,5201,2024-01-28,8268.36,DR,restaurants,Food & Dining,Amazon,USD,Pending
1798,5191,07/21/2023,1027.15,Debit,TRANSFER,TRANSFER,Amazon,USD,FAILED
1799,5112,"Mar 19, 2024",-5581.05,debit,Bills,Bills,Apple,USD,failed
1800,5033,"Jun 29, 2024",2823.67,CR,bills,,United Airlines,USD,pending
1801,5128,"Oct 07, 2023",76.06,credit,CASH,N/A,Google,USD,C
1802,5247,"Oct 12, 2023",7753.82,debit,CASH,N/A,Target,USD,pending
1803,5123,28-Mar-2024,883.69,CR,retail,retail,Starbucks,USD,C
1804,5199,23-Jun-2024,-2907.27,DR,travel,travel,Spotify,USD,completed
1805,5168,2023-12-05,2954.74,DEBIT,medical,N/A,Spotify,CAD,C
1806,5393,02/02/2024,6343.22,credit,medical,medical,Netflix,USD,Failed
1807,5075,"Sep 06, 2023",-3645.85,Debit,ATM Withdrawal,Whole Foods,Whole Foods,USD,Completed
1808,5199,07-Mar-2023,3930.49,CREDIT,bills,Amazon,Amazon,USD,Pending
1809,5300,2024-01-30,7368.02,CREDIT,Purchase,Shopping,Netflix,USD,declined
1810,5181,12-Dec-2023,8707.44,CR,transfer,transfer,Starbucks,USD,pending
1811,5115,06/19/2023,3493.26,CREDIT,Travel,Travel,Starbucks,MXN,Completed
1812,5150,04-Jun-2023,4209.79,credit,Wire,Transfer,Whole Foods,USD,failed
1813,5295,05-Apr-2023,-8968.59,DR,Purchase,Shopping,Shell,GBP,P
1814,5045,09/27/2023,7913.25,CR,utilities,unknown,Whole Foods,USD,failed
1815,5303,2023-02-18,-1969.26,debit,PAYROLL,Payroll,CVS Pharmacy,USD,Pending
1816,5078,2023-05-10,-3321.58,DEBIT,xfer,Spotify,Spotify,USD,Declined
1817,5068,29-Apr-2024,3338.45,credit,DINING,DINING,Whole Foods,USD,Completed
1818,5160,2023-01-07,6950.21,CREDIT,HOTEL,Travel,United Airlines,USD,Failed
1819,5385,06-Jun-2023,-3814.41,DEBIT,ATM,N/A,Walmart,USD,Complete
1820,5080,"Feb 14, 2023",786.42,Credit,Direct Deposit,United Airlines,United Airlines,GBP,pending
1821,5023,06/29/2023,3816.81,CREDIT,utilities,United Airlines,United Airlines,USD,PENDING
1822,5167,2023-12-06,-3999.95,debit,shopping,shopping,CVS Pharmacy,USD,PENDING
1823,5371,18-Nov-2023,-74.18,DR,Transfer,,Amazon,USD,completed
1824,5396,14-Mar-2023,6629.63,CR,ATM,ATM,Whole Foods,MXN,Failed
1825,5118,25-Aug-2023,2590.84,CREDIT,food & drink,,United Airlines,USD,Declined
1826,5029,"Mar 28, 2024",1381.02,Credit,Direct Deposit,Target,Target,CAD,pending
1827,5384,25-Jun-2024,8824.17,credit,Purchase,Shopping,Amazon,USD,Declined
1828,5397,03/08/2023,2896.12,CREDIT,Purchase,Purchase,,USD,C
1829,5201,09-Jan-2024,9314.97,Credit,utilities,Google,Google,USD,Complete
1830,5239,02/24/2023,1136.3,DEBIT,Restaurants,Food & Dining,unknown,USD,F
1831,5237,01/11/2023,585.07,CREDIT,salary,salary,Apple,USD,declined
1832,5322,"Apr 26, 2024",6098.82,CREDIT,WIRE,unknown,CVS Pharmacy,USD,Pending
1833,5019,2023-12-30,9042.53,Credit,WIRE,Walmart,Walmart,USD,FAILED
1834,5186,27-Mar-2023,7306.47,credit,MEDICAL,unknown,United Airlines,USD,Completed
1835,5266,21-Sep-2023,-3664.83,DEBIT,Payroll,Payroll,Google,USD,declined
1836,5189,04/23/2024,8098.82,CREDIT,dining,Food & Dining,United Airlines,USD,PENDING
1837,5276,"Nov 25, 2023",6199.6,CR,healthcare,Healthcare,Target,USD,F
1838,5066,"Jan 28, 2024",-5331.01,debit,TRANSFER,Transfer,Whole Foods,USD,Failed
1839,5333,"Mar 11, 2023",7738.71,debit,Payroll,Payroll,CVS Pharmacy,MXN,P
1840,5013,12/19/2023,7821.34,debit,HOTEL,Travel,United Airlines,USD,completed
1841,5289,12/10/2023,-6232.7,DR,Health,CVS Pharmacy,CVS Pharmacy,USD,Failed
1842,5186,"Feb 04, 2024",1419.17,credit,transfer,Whole Foods,Whole Foods,USD,FAILED
1843,5272,"Jun 28, 2023",-463.68,DR,Shopping,null,Google,USD,Complete
1844,5186,05/04/2023,-1074.44,DEBIT,CASH,Spotify,Spotify,USD,Declined
1845,5315,2023-12-08,5102.41,CR,Direct Deposit,Payroll,Target,USD,Failed
1846,5103,"Mar 05, 2023",-4045.54,Debit,Medical,Medical,Walmart,USD,Complete
1847,5190,"Sep 02, 2023",5957.95,CR,restaurants,restaurants,N/A,USD,P
1848,5378,03-May-2024,-2237.27,Debit,shopping,N/A,N/A,USD,C
1849,5246,"May 31, 2024",1770.63,Credit,TRANSFER,TRANSFER,Walmart,USD,Failed
1850,5085,05/11/2023,2100.55,CR,cash,Amazon,Amazon,USD,failed
1851,5370,"Mar 25, 2024",7201.58,CREDIT,purchase,null,Google,USD,F
1852,5289,2023-03-22,1937.28,DEBIT,Airline,Travel,Whole Foods,USD,FAILED
1853,5170,05/21/2024,8142.11,Debit,Shopping,null,Google,MXN,Failed
1854,5360,"Jan 18, 2024",9422.22,DEBIT,hotel,Travel,United Airlines,USD,F
1855,5267,2023-11-19,3798.09,Credit,Shopping,Shopping,Walmart,USD,Completed
1856,5154,2023-05-30,-2474.94,DEBIT,HOTEL,Travel,Amazon,USD,P
1857,5280,03/01/2024,9114.2,Credit,Xfer,Shell,Shell,USD,F
1858,5258,2023-03-21,3087.71,Credit,TRANSFER,Transfer,United Airlines,USD,Declined
1859,5211,2023-10-21,1780.89,CREDIT,Cash,Cash,Target,USD,completed
1860,5119,2023-12-16,-5918.72,Debit,Salary,null,null,USD,Complete
1861,5342,2023-10-30,3657.37,CREDIT,UTIL,null,Amazon,USD,Completed
1862,5128,06/22/2024,4194.78,CREDIT,Transfer,Transfer,Shell,USD,C
1863,5324,"Mar 29, 2023",8670.08,credit,ATM,ATM Withdrawal,Walmart,USD,declined
1864,5311,"Dec 12, 2023",6312.68,DEBIT,Medical,United Airlines,United Airlines,GBP,FAILED
1865,5007,2023-05-24,7601.38,CREDIT,retail,Spotify,Spotify,MXN,FAILED
1866,5243,24-Jun-2023,1688.77,Debit,food & drink,food & drink,Walmart,USD,Failed
1867,5299,10/04/2023,1047.4,Credit,xfer,Transfer,United Airlines,USD,C
1868,5087,2024-02-27,55.35,debit,shopping,Target,Target,EUR,FAILED
1869,5158,2024-03-22,3458.51,credit,medical,medical,Spotify,USD,failed
1870,5198,04/13/2024,-9040.69,DEBIT,retail,retail,Shell,USD,FAILED
1871,5059,01/27/2023,1812.35,Debit,TRANSFER,TRANSFER,Netflix,USD,C
1872,5094,09/14/2023,-1402.59,DEBIT,DINING,DINING,Walmart,USD,Completed
1873,5072,"Nov 17, 2023",9191.52,Debit,UTILITIES,unknown,Amazon,USD,pending
1874,5016,15-Nov-2023,8727.87,CR,cash,ATM Withdrawal,CVS Pharmacy,USD,P
1875,5359,2024-05-26,713.79,CREDIT,TRAVEL,Travel,Google,USD,Complete
1876,5112,02/06/2023,694.83,CR,purchase,CVS Pharmacy,CVS Pharmacy,USD,C
1877,5094,03/18/2024,8411.06,Credit,SHOPPING,United Airlines,United Airlines,USD,FAILED
1878,5095,08/13/2023,7553.04,Credit,transfer,unknown,Apple,USD,P
1879,5334,03/12/2024,8404.19,debit,dining,Food & Dining,CVS Pharmacy,USD,P
1880,5315,"Jan 12, 2024",-7796.06,Debit,Utilities,Utilities,Starbucks,USD,Pending
1881,5004,"Apr 25, 2024",-4555.64,DEBIT,dining,unknown,Shell,CAD,P
1882,5214,29-Feb-2024,-672.51,debit,ATM Cash,Starbucks,Starbucks,USD,C
1883,5384,25-Jun-2023,5536.06,Credit,ATM Withdrawal,ATM Withdrawal,Google,USD,Pending
1884,5151,09-Apr-2023,6265.09,credit,healthcare,CVS Pharmacy,CVS Pharmacy,USD,completed
1885,5345,2023-08-24,-3818.67,debit,healthcare,null,Starbucks,USD,Complete
1886,5255,05/26/2023,2478.48,CR,atm,atm,Amazon,USD,Complete
1887,5325,"Apr 25, 2023",762.61,Credit,cash,Starbucks,Starbucks,CAD,declined
1888,5072,2023-05-03,4192.3,DR,transfer,Transfer,Whole Foods,USD,C
1889,5311,"Jul 30, 2023",8527.93,DR,Utilities,N/A,N/A,USD,F
1890,5298,23-Sep-2023,2232.09,credit,Food & Dining,United Airlines,United Airlines,USD,FAILED
1891,5048,2023-02-08,644.29,credit,DINING,null,null,USD,Completed
1892,5069,06/14/2024,596.41,CR,Salary,Salary,Apple,USD,F
1893,5033,10/16/2023,1992.22,DEBIT,Travel,Travel,Starbucks,USD,C
1894,5157,2023-05-13,3908.49,debit,Transfer,unknown,unknown,USD,completed
1895,5103,"May 05, 2023",3481.31,CR,UTIL,UTIL,Google,USD,failed
1896,5349,"May 11, 2023",9120.96,CR,bills,Utilities,CVS Pharmacy,USD,FAILED
1897,5268,"May 23, 2024",4024.01,CREDIT,HOTEL,Travel,CVS Pharmacy,USD,COMPLETED
1898,5110,28-Mar-2023,4337.02,Debit,bills,Utilities,Starbucks,USD,Failed
1899,5130,23-Nov-2023,4762.77,credit,Purchase,Shopping,Whole Foods,USD,P
1900,5285,01-Feb-2023,7399.39,debit,Hotel,CVS Pharmacy,CVS Pharmacy,USD,Failed
1901,5099,04/19/2023,-6286.25,debit,shopping,shopping,Spotify,USD,Failed
1902,5094,2024-04-03,2391.54,Credit,wire transfer,wire transfer,CVS Pharmacy,USD,Completed
1903,5379,24-Apr-2024,1874.39,DEBIT,wire transfer,Apple,Apple,USD,F
1904,5113,11/24/2023,8901.28,CR,direct deposit,direct deposit,Google,USD,F
1905,5055,02-Feb-2023,-7406.67,debit,dining,,Spotify,USD,F
1906,5035,08-May-2023,3824.66,CREDIT,ATM Withdrawal,ATM Withdrawal,Amazon,USD,declined
1907,5012,15-Nov-2023,-4593.53,DEBIT,medical,Target,Target,USD,Declined
1908,5255,03/02/2023,4465.71,credit,Salary,Salary,Amazon,USD,COMPLETED
1909,5168,"Apr 19, 2024",-6266.67,debit,Restaurants,N/A,United Airlines,USD,failed
1910,5132,03/03/2023,7370.31,Credit,utility,CVS Pharmacy,CVS Pharmacy,USD,pending
1911,5294,06/14/2023,213.12,credit,salary,Payroll,Apple,USD,completed
1912,5262,2024-03-12,1291.91,CREDIT,Direct Deposit,Direct Deposit,Walmart,GBP,PENDING
1913,5189,24-Mar-2023,205.93,CR,Travel,null,Target,USD,F
1914,5350,2024-04-25,9238.82,CREDIT,Payroll,Payroll,Shell,USD,Complete
1915,5064,2023-03-16,-1038.49,debit,SHOPPING,SHOPPING,CVS Pharmacy,CAD,FAILED
1916,5206,07/28/2023,3425.21,DEBIT,Food & Dining,CVS Pharmacy,CVS Pharmacy,USD,Declined
1917,5103,29-Sep-2023,7362.3,credit,ATM Withdrawal,Spotify,Spotify,MXN,FAILED
1918,5073,02/28/2024,8084.82,Credit,xfer,unknown,Shell,USD,P
1919,5066,01/13/2024,-2562.99,DEBIT,food,Target,Target,USD,P
1920,5190,24-Aug-2023,532.6,CREDIT,retail,Shopping,Amazon,USD,declined
1921,5254,11/20/2023,6802.96,CR,dining,Starbucks,Starbucks,USD,COMPLETED
1922,5144,2024-04-29,-4583.54,DEBIT,HOTEL,Whole Foods,Whole Foods,USD,pending
1923,5145,"Feb 24, 2023",-83.73,Debit,F&D,Google,Google,USD,F
1924,5187,2023-08-01,5640.49,CREDIT,HOTEL,Travel,United Airlines,USD,COMPLETED
1925,5063,"Jan 23, 2023",-4444.52,DEBIT,Payroll,Payroll,Spotify,USD,completed
1926,5387,03/20/2024,-1343.55,DEBIT,restaurants,United Airlines,United Airlines,USD,failed
1927,5054,05/03/2024,1182.44,debit,Direct Deposit,null,null,USD,Complete
1928,5346,"Jun 04, 2024",8909.46,CREDIT,direct deposit,Payroll,Whole Foods,USD,F
1929,5256,"Sep 28, 2023",-2495.09,DEBIT,Health,Healthcare,Shell,USD,COMPLETED
1930,5230,07/17/2023,-6741.78,Debit,WIRE,Target,Target,USD,declined
1931,5013,2023-06-15,-9167.45,Debit,bills,Starbucks,Starbucks,USD,Completed
1932,5143,03-Feb-2024,3483.17,DR,Purchase,Shopping,Amazon,CAD,COMPLETED
1933,5363,05/15/2023,4530.39,CREDIT,ATM,null,Netflix,USD,F
1934,5216,"May 17, 2024",1735.14,CREDIT,Airline,Airline,Whole Foods,USD,FAILED
1935,5069,03/27/2024,3973.77,Debit,bills,null,Amazon,USD,Completed
1936,5251,"Mar 27, 2024",-2446.61,DEBIT,ATM,Spotify,Spotify,USD,Complete
1937,5255,03/11/2023,4526.35,CREDIT,SHOPPING,Shopping,N/A,USD,P
1938,5233,2023-08-16,492.47,Credit,food & drink,food & drink,Whole Foods,USD,Failed
1939,5244,17-Jul-2023,-7049.99,debit,payroll,Payroll,CVS Pharmacy,USD,P
1940,5077,2024-02-26,5771.6,Debit,Food & Dining,Target,Target,USD,Pending
1941,5093,"Sep 09, 2023",3929.09,Credit,retail,Spotify,Spotify,EUR,completed
1942,5236,2024-01-05,-1878.96,debit,Travel,,Starbucks,USD,Pending
1943,5007,"Jun 23, 2023",-8994.81,debit,payroll,Shell,Shell,USD,Pending
1944,5350,"Dec 13, 2023",5463.31,debit,food & drink,unknown,Whole Foods,GBP,Failed
1945,5150,07-Feb-2024,1691.65,CREDIT,Cash,Cash,Walmart,USD,Completed
1946,5158,20-Aug-2023,-8676.48,DEBIT,DD,DD,United Airlines,USD,declined
1947,5152,"Jul 26, 2023",-4045.15,DR,payroll,Apple,Apple,USD,P
1948,5162,2024-04-02,-9098.54,DR,payroll,N/A,Starbucks,MXN,Failed
1949,5121,05-Apr-2024,-4318.43,DEBIT,shopping,shopping,Starbucks,EUR,declined
1950,5133,"Sep 10, 2023",2569.6,CR,Travel,Walmart,Walmart,USD,pending
1951,5297,02-Jul-2023,8576.38,Credit,Health,N/A,Whole Foods,USD,completed
1952,5073,08-Jan-2024,-9407.15,Debit,medical,,,USD,failed
1953,5260,2023-12-24,-2224.99,Debit,wire transfer,Amazon,Amazon,USD,declined
1954,5252,2023-08-06,5755.01,Credit,Health,Health,Starbucks,USD,Declined
1955,5327,20-Feb-2024,1796.77,CREDIT,Purchase,unknown,Netflix,USD,Declined
1956,5369,03/27/2024,-7612.25,debit,dining,dining,Starbucks,USD,Declined
1957,5228,"Feb 02, 2023",-6966.2,DEBIT,Restaurants,Food & Dining,Netflix,MXN,failed
1958,5373,"Jan 26, 2024",-8649.13,Debit,bills,Google,Google,USD,Declined
1959,5004,"Nov 29, 2023",7916.9,credit,DD,Netflix,Netflix,USD,completed
1960,5141,24-Jun-2023,8382.72,DEBIT,hotel,hotel,Whole Foods,USD,completed
1961,5325,2023-06-14,6780.98,Debit,atm,atm,,USD,Declined
1962,5071,2023-01-07,9006.77,CREDIT,direct deposit,CVS Pharmacy,CVS Pharmacy,USD,Declined
1963,5342,2023-09-30,6174.43,debit,WIRE,Transfer,Whole Foods,USD,pending
1964,5352,"Nov 14, 2023",6202.97,CR,Retail,unknown,CVS Pharmacy,USD,pending
1965,5129,07-May-2024,5340.76,CREDIT,Healthcare,Starbucks,Starbucks,CAD,declined
1966,5095,"Mar 14, 2023",590.16,CR,hotel,hotel,Netflix,USD,PENDING
1967,5185,11/03/2023,1583.64,CREDIT,PAYROLL,,Spotify,USD,F
1968,5348,08/26/2023,6513.24,CR,health,Healthcare,United Airlines,MXN,Complete
1969,5084,2023-03-31,529.24,Credit,Direct Deposit,Payroll,Walmart,EUR,F
1970,5261,27-Sep-2023,3360.24,CREDIT,F&D,F&D,Shell,USD,FAILED
1971,5149,"Dec 31, 2023",3731.21,DEBIT,cash,cash,Shell,USD,Pending
1972,5038,"Apr 08, 2024",4766.37,credit,utility,N/A,United Airlines,USD,declined
1973,5127,"Jul 28, 2023",8409.76,DEBIT,Purchase,Shopping,Apple,USD,FAILED
1974,5063,04/24/2023,-2506.24,DEBIT,healthcare,unknown,Target,USD,F
1975,5351,10/18/2023,4989.98,credit,Cash,unknown,CVS Pharmacy,USD,PENDING
1976,5290,19-Feb-2023,1246.47,CR,Transfer,Transfer,Amazon,USD,Declined
1977,5005,"Jul 12, 2023",959.06,credit,TRAVEL,TRAVEL,Shell,GBP,Declined
1978,5157,10/05/2023,1738.1,CREDIT,Health,Health,Apple,MXN,failed
1979,5181,07-Feb-2023,1792.61,CREDIT,ATM Withdrawal,ATM Withdrawal,Walmart,EUR,Complete
1980,5028,05/21/2024,8971.85,DEBIT,SHOPPING,Amazon,Amazon,USD,P
1981,5153,2023-07-14,4635.17,Credit,Shopping,N/A,Netflix,USD,Completed
1982,5072,"Sep 29, 2023",2872.36,credit,Payroll,,Amazon,USD,completed
1983,5343,06/28/2023,-3121.85,Debit,utility,unknown,Apple,USD,pending
1984,5182,18-Dec-2023,3780.05,CR,salary,Whole Foods,Whole Foods,USD,C
1985,5286,04/20/2023,-8907.35,DR,salary,salary,Apple,USD,F
1986,5396,2023-05-11,4395.91,credit,PAYROLL,PAYROLL,null,EUR,declined
1987,5131,"Aug 16, 2023",481.07,CREDIT,bills,bills,CVS Pharmacy,USD,Complete
1988,5361,2023-03-13,8216.38,Credit,cash,cash,Google,USD,PENDING
1989,5178,"Sep 06, 2023",-4389.15,DEBIT,SHOPPING,SHOPPING,Walmart,USD,COMPLETED
1990,5018,05-Feb-2024,844.92,DEBIT,retail,United Airlines,United Airlines,GBP,C
1991,5108,"Jun 14, 2023",-883.5,debit,MEDICAL,MEDICAL,CVS Pharmacy,USD,Pending
1992,5081,04/17/2024,8756.62,CR,dining,dining,,USD,P
1993,5385,17-Jan-2024,-136.5,debit,Utilities,N/A,Target,USD,failed
1994,5244,01-Apr-2024,3824.23,credit,SHOPPING,unknown,Apple,USD,failed
1995,5015,05-Sep-2023,7632.74,Credit,direct deposit,N/A,United Airlines,USD,Declined
1996,5271,"Oct 19, 2023",2819.22,Credit,wire transfer,wire transfer,Shell,USD,Pending
1997,5388,11-Mar-2023,7482.49,CR,Shopping,United Airlines,United Airlines,USD,declined
1998,5297,02/23/2024,3913.08,Credit,purchase,unknown,Target,EUR,FAILED
1999,5140,12-Jun-2024,-839.53,Debit,PAYROLL,Google,Google,USD,Pending
2000,5246,"Jan 13, 2024",-6091.51,DR,Bills,Target,Target,USD,Complete
2001,5030,07/09/2023,5179.13,CR,Travel,Travel,Netflix,USD,Completed
2002,5318,25-Jul-2023,7193.73,Credit,Purchase,Shopping,Apple,USD,completed
2003,5367,"Nov 09, 2023",5291.87,CREDIT,healthcare,healthcare,Netflix,MXN,failed
2004,5337,29-Oct-2023,-4350.66,debit,Hotel,unknown,Starbucks,USD,pending
2005,5201,01/22/2024,-4099.15,debit,Direct Deposit,United Airlines,United Airlines,USD,declined
2006,5374,"Jan 17, 2023",5503.59,DR,SHOPPING,SHOPPING,United Airlines,USD,Complete
2007,5399,05/27/2023,6977.15,Credit,Retail,null,United Airlines,USD,Completed
2008,5373,"Oct 04, 2023",1828.96,Credit,TRAVEL,null,United Airlines,USD,completed
2009,5024,"Dec 28, 2023",5695.61,credit,xfer,xfer,Netflix,USD,P
2010,5282,31-Jan-2024,-2583.2,DEBIT,TRAVEL,Travel,Apple,USD,P
2011,5219,2023-11-28,824.35,DEBIT,health,health,Whole Foods,USD,P
2012,5015,"May 05, 2023",-7041.67,DR,MEDICAL,N/A,Whole Foods,USD,Failed
2013,5127,03-Jan-2023,1520.3,credit,transfer,transfer,Netflix,USD,Completed
2014,5004,06/06/2023,945.26,credit,bills,Utilities,United Airlines,USD,C
2015,5394,2023-01-05,1596.47,credit,ATM,ATM,Amazon,EUR,Failed
2016,5179,2023-01-19,6299.66,CREDIT,Utilities,Utilities,Google,USD,FAILED
2017,5003,04/18/2023,3574.7,Credit,WIRE,Starbucks,Starbucks,USD,Complete
2018,5262,2024-05-07,8674.97,CR,wire transfer,null,Walmart,USD,failed
2019,5030,04/08/2024,-4585.53,Debit,DINING,Food & Dining,null,USD,Declined
2020,5280,2023-07-26,1698.67,credit,payroll,Amazon,Amazon,USD,Declined
2021,5308,"Aug 08, 2023",-6630.3,Debit,ATM Withdrawal,ATM Withdrawal,CVS Pharmacy,USD,Pending
2022,5076,02/13/2023,2093.08,CREDIT,ATM,ATM,Google,MXN,declined
2023,5198,"May 20, 2024",7118.6,credit,food,food,CVS Pharmacy,MXN,Failed
2024,5004,07/03/2023,-3165.05,DEBIT,Shopping,Shopping,Amazon,USD,Completed
2025,5315,03-Nov-2023,6515.12,CREDIT,WIRE,Transfer,Amazon,USD,Pending
2026,5102,21-Mar-2023,577.1,CR,payroll,Amazon,Amazon,USD,COMPLETED
2027,5281,"Oct 26, 2023",4243.07,CR,medical,Healthcare,Spotify,USD,FAILED
2028,5004,2023-08-21,-3731.29,debit,dining,Food & Dining,Google,USD,PENDING
2029,5084,2024-03-28,6092.15,Credit,Cash,ATM Withdrawal,Spotify,USD,Declined
2030,5354,08/30/2023,3430.2,credit,ATM,N/A,United Airlines,EUR,P
2031,5016,16-Mar-2023,-280.94,DR,food & drink,,Apple,USD,F
2032,5040,"Apr 01, 2023",6349.12,CREDIT,Travel,Travel,Netflix,USD,failed
2033,5337,2023-04-02,7535.3,CR,ATM Cash,ATM Cash,Starbucks,USD,P
2034,5337,"Jun 17, 2024",8682.27,CREDIT,Transfer,unknown,Google,GBP,PENDING
2035,5214,"Mar 14, 2023",2546.49,debit,shopping,,Walmart,USD,C
2036,5170,03/18/2023,7204.87,Credit,HOTEL,Shell,Shell,EUR,PENDING
2037,5259,16-Jun-2023,6242.97,Credit,HOTEL,HOTEL,N/A,USD,P
2038,5138,06/20/2024,-3427.87,Debit,airline,Whole Foods,Whole Foods,USD,FAILED
2039,5242,17-Jan-2023,8560.94,Credit,CASH,unknown,Whole Foods,CAD,C
2040,5274,20-Oct-2023,6434.95,Credit,PAYROLL,PAYROLL,United Airlines,USD,FAILED
2041,5123,03/21/2023,-4313.3,Debit,Health,Whole Foods,Whole Foods,USD,declined
2042,5002,2024-02-04,8095.09,Credit,ATM,Amazon,Amazon,USD,FAILED
2043,5069,04/05/2023,6552.59,CREDIT,Retail,N/A,United Airlines,USD,COMPLETED
2044,5271,2024-03-05,1852.91,DEBIT,atm,Google,Google,USD,Complete
2045,5139,25-Oct-2023,-737.14,DEBIT,ATM,null,Spotify,USD,failed
2046,5148,06/20/2023,-1707.32,DEBIT,xfer,Transfer,Walmart,USD,completed
2047,5209,10/07/2023,8569.81,DEBIT,TRAVEL,CVS Pharmacy,CVS Pharmacy,USD,Complete
2048,5334,2024-06-24,7264.63,credit,hotel,null,Amazon,USD,Pending
2049,5062,2023-09-25,-716.22,DEBIT,Purchase,Whole Foods,Whole Foods,USD,PENDING
2050,5286,25-Jun-2023,-7031.69,debit,DD,DD,United Airlines,USD,FAILED
2051,5245,"Jan 29, 2024",-1953.88,DEBIT,ATM Withdrawal,ATM Withdrawal,Google,USD,FAILED
2052,5014,"Jan 22, 2024",7124.79,credit,healthcare,Healthcare,Walmart,USD,pending
2053,5174,2023-01-10,8070.44,credit,Healthcare,Healthcare,Walmart,USD,Pending
2054,5002,"May 23, 2023",3946.08,debit,Utilities,Utilities,Spotify,GBP,failed
2055,5069,"Apr 26, 2023",-5265.2,DEBIT,ATM,null,Amazon,USD,F
2056,5195,2024-04-08,308.96,DEBIT,PAYROLL,null,United Airlines,USD,Complete
2057,5251,23-Jun-2023,8017.59,credit,utility,Target,Target,USD,PENDING
2058,5166,"Apr 26, 2024",-8506.32,Debit,healthcare,,CVS Pharmacy,USD,failed
2059,5308,02-Aug-2023,4128.78,credit,medical,Healthcare,Whole Foods,USD,Pending
2060,5003,"Oct 15, 2023",-529.86,DR,bills,N/A,Netflix,USD,pending
2061,5367,01/16/2023,3394.29,DR,healthcare,Healthcare,Walmart,USD,Completed
2062,5046,2024-05-27,-3700.1,DR,PAYROLL,PAYROLL,Netflix,USD,Declined
2063,5143,20-Dec-2023,4766.74,Credit,Payroll,Payroll,Whole Foods,USD,F
2064,5142,"Sep 08, 2023",7256.19,CREDIT,HOTEL,Google,Google,USD,F
2065,5397,11/27/2023,4616.0,CREDIT,airline,Target,Target,USD,Declined
2066,5382,10/25/2023,7534.75,debit,medical,unknown,Target,USD,Failed
2067,5385,29-Jun-2023,-3114.35,DR,Salary,Whole Foods,Whole Foods,USD,Completed
2068,5225,01-Jan-2023,7216.52,credit,Restaurants,N/A,United Airlines,USD,declined
2069,5164,08/15/2023,6718.37,CR,Shopping,Shell,Shell,USD,pending
2070,5037,11/16/2023,4127.23,DEBIT,CASH,CASH,United Airlines,USD,C
2071,5209,03/20/2023,-4993.46,Debit,WIRE,WIRE,Spotify,USD,FAILED
2072,5260,2023-02-12,6763.32,CR,payroll,payroll,United Airlines,USD,Complete
2073,5378,2023-08-25,2773.53,Credit,food & drink,food & drink,United Airlines,GBP,failed
2074,5009,07/23/2023,-4477.17,debit,Xfer,,,USD,PENDING
2075,5372,28-Feb-2024,-7439.88,DR,HOTEL,Shell,Shell,USD,Pending
2076,5317,2023-03-01,8545.49,CREDIT,UTIL,Utilities,Google,USD,declined
2077,5026,05/24/2023,1941.82,Credit,MEDICAL,MEDICAL,Netflix,USD,FAILED
2078,5128,13-Jul-2023,3470.26,credit,Xfer,Netflix,Netflix,USD,FAILED
2079,5015,20-Apr-2024,3577.53,DR,DINING,Food & Dining,Walmart,EUR,FAILED
2080,5153,11/10/2023,-1494.12,DR,Hotel,N/A,Starbucks,USD,FAILED
2081,5297,04/09/2024,-1656.34,DR,Utilities,Utilities,Shell,USD,COMPLETED
2082,5118,05-Jan-2024,-4390.46,Debit,Bills,Google,Google,GBP,completed
2083,5197,12/08/2023,-2979.58,DEBIT,xfer,xfer,Shell,USD,Declined
2084,5300,07-Jan-2023,-690.16,DEBIT,Restaurants,Shell,Shell,USD,PENDING
2085,5005,03/12/2023,5692.01,debit,HOTEL,null,Amazon,USD,PENDING
2086,5074,"Dec 18, 2023",-8622.17,debit,DINING,Food & Dining,CVS Pharmacy,USD,Declined
2087,5326,22-May-2024,6660.31,Credit,UTIL,Utilities,Whole Foods,USD,FAILED
2088,5250,05/11/2023,8409.92,CREDIT,Wire,Wire,Starbucks,USD,Declined
2089,5065,2024-02-14,-8744.13,debit,hotel,Netflix,Netflix,USD,Pending
2090,5381,24-Apr-2024,3466.29,DR,wire transfer,Transfer,Spotify,USD,Failed
2091,5123,"Mar 06, 2024",2384.15,CREDIT,Bills,Utilities,Google,USD,Declined
2092,5037,08/13/2023,3175.77,Debit,bills,Netflix,Netflix,USD,pending
2093,5311,"Feb 18, 2024",775.4,CR,transfer,null,Google,MXN,P
2094,5156,2024-06-22,7025.76,Credit,Hotel,CVS Pharmacy,CVS Pharmacy,MXN,FAILED
2095,5105,2024-02-03,7238.46,credit,atm,ATM Withdrawal,Whole Foods,USD,COMPLETED
2096,5248,2023-10-16,8708.87,credit,MEDICAL,unknown,Walmart,USD,Complete
2097,5239,"Jan 18, 2023",-3286.69,debit,Purchase,Purchase,Amazon,USD,Pending
2098,5214,04/26/2024,7000.88,CREDIT,utility,Starbucks,Starbucks,USD,F
2099,5034,01/02/2023,7962.07,Credit,Payroll,Payroll,Amazon,USD,C
2100,5393,06/20/2024,4223.2,DR,CASH,Google,Google,USD,Declined
2101,5212,24-Mar-2023,-123.22,debit,transfer,unknown,Apple,USD,COMPLETED
2102,5339,2023-03-10,8725.63,credit,shopping,,Target,USD,PENDING
2103,5309,31-Jan-2023,3718.02,Credit,utility,unknown,Spotify,USD,COMPLETED
2104,5260,"Mar 17, 2023",-3934.97,DEBIT,utilities,Utilities,Apple,USD,FAILED
2105,5089,12-Oct-2023,4660.9,Credit,restaurants,Target,Target,USD,COMPLETED
2106,5353,"Apr 03, 2024",-4291.01,debit,Retail,N/A,N/A,GBP,P
2107,5032,12-Apr-2024,6659.88,CREDIT,transfer,Transfer,Spotify,USD,P
2108,5183,"Jun 13, 2023",-4776.95,debit,bills,,Starbucks,USD,PENDING
2109,5212,10/02/2023,3800.21,CR,Xfer,Xfer,Target,GBP,FAILED
2110,5385,01-Feb-2024,-6237.56,debit,wire transfer,Netflix,Netflix,USD,Complete
2111,5344,"Sep 20, 2023",-4562.97,DR,Retail,Whole Foods,Whole Foods,USD,failed
2112,5175,17-Jan-2023,-6625.98,DR,food,food,Whole Foods,USD,pending
2113,5008,2023-04-30,-1466.07,DR,payroll,null,United Airlines,USD,P
2114,5022,2024-03-24,6355.27,Credit,ATM,,Target,EUR,pending
2115,5245,03/14/2024,1557.81,Credit,Bills,null,Netflix,MXN,Pending
2116,5216,05/09/2024,-6086.05,debit,dining,null,Starbucks,USD,PENDING
2117,5245,2023-02-04,3716.0,Credit,SHOPPING,Google,Google,USD,C
2118,5218,06/29/2024,-6827.76,DR,airline,Travel,Shell,GBP,COMPLETED
2119,5302,30-Jun-2023,8381.0,CR,health,Healthcare,Spotify,GBP,C
2120,5008,2023-04-03,1161.3,CR,Salary,Payroll,,USD,declined
2121,5018,"Apr 06, 2024",-4811.94,DR,bills,Google,Google,USD,Complete
2122,5206,08/26/2023,994.92,CREDIT,Restaurants,Restaurants,Netflix,CAD,completed
2123,5103,2023-01-14,-1196.47,DEBIT,SHOPPING,Shopping,Walmart,USD,declined
2124,5299,2023-02-12,-3357.69,debit,UTILITIES,UTILITIES,Starbucks,USD,Pending
2125,5290,"Apr 04, 2024",7223.4,CR,restaurants,Food & Dining,United Airlines,CAD,failed
2126,5199,06/19/2023,675.75,DEBIT,purchase,N/A,CVS Pharmacy,USD,C
2127,5149,"Jul 19, 2023",-4850.56,Debit,food,Food & Dining,Apple,USD,COMPLETED
2128,5198,27-Jan-2024,1585.85,CREDIT,bills,Utilities,Netflix,USD,Complete
2129,5115,2023-04-18,4839.36,CR,WIRE,WIRE,CVS Pharmacy,MXN,FAILED
2130,5341,2023-05-19,562.16,CR,restaurants,Starbucks,Starbucks,USD,P
2131,5320,07/10/2023,-7941.79,debit,utility,Walmart,Walmart,USD,F
2132,5306,28-Apr-2024,3075.15,CR,Cash,,United Airlines,USD,PENDING
2133,5133,01/08/2024,-3006.06,Debit,xfer,Starbucks,Starbucks,USD,COMPLETED
2134,5369,"Mar 05, 2024",7755.72,credit,food,,Shell,USD,declined
2135,5128,"Aug 26, 2023",-3038.47,DR,Shopping,Shopping,Amazon,USD,Failed
2136,5279,27-Jul-2023,-8165.21,DR,Utilities,,CVS Pharmacy,USD,Completed
2137,5128,03-Nov-2023,1926.93,Credit,Retail,Retail,Spotify,USD,C
2138,5394,11/25/2023,3221.18,CREDIT,Travel,unknown,Apple,USD,Complete
2139,5275,"Jan 08, 2023",-1579.62,Debit,UTILITIES,UTILITIES,Netflix,USD,FAILED
2140,5353,"Jun 07, 2024",-8887.55,DEBIT,MEDICAL,Healthcare,Whole Foods,USD,Complete
2141,5351,2023-12-19,-5322.97,Debit,salary,salary,Whole Foods,USD,COMPLETED
2142,5371,10/15/2023,-8865.08,Debit,transfer,United Airlines,United Airlines,USD,Complete
2143,5351,09/14/2023,2609.18,credit,wire transfer,Transfer,Netflix,USD,C
2144,5393,"Jan 04, 2023",3298.64,Credit,restaurants,restaurants,United Airlines,USD,Pending
2145,5342,"Nov 07, 2023",-9346.63,DR,Restaurants,Restaurants,Netflix,USD,completed
2146,5100,06/01/2023,-4983.31,DR,Shopping,Apple,Apple,USD,PENDING
2147,5198,21-Feb-2023,193.68,CREDIT,atm,unknown,Spotify,USD,PENDING
2148,5341,"Aug 07, 2023",-742.25,debit,healthcare,healthcare,Walmart,USD,FAILED
2149,5202,"Jun 05, 2023",-8974.54,DR,restaurants,Starbucks,Starbucks,USD,Failed
2150,5042,2023-04-03,9488.03,Credit,health,Healthcare,Walmart,USD,pending
2151,5211,2023-08-29,-1700.6,Debit,medical,Starbucks,Starbucks,USD,F
2152,5002,2024-06-30,5845.94,DR,Retail,Walmart,Walmart,USD,P
2153,5219,2023-03-23,-6945.86,debit,F&D,United Airlines,United Airlines,USD,pending
2154,5303,"Jan 19, 2023",2488.28,Credit,WIRE,WIRE,Google,USD,declined
2155,5160,10/12/2023,-3956.51,DEBIT,Transfer,Transfer,Whole Foods,USD,pending
2156,5179,2023-02-27,2601.88,Credit,CASH,null,Starbucks,USD,completed
2157,5035,2023-01-16,5857.56,Debit,TRAVEL,,Apple,USD,pending
2158,5228,07-Apr-2023,2223.62,Credit,DD,,Walmart,USD,Failed
2159,5390,2023-11-21,6987.92,Debit,SHOPPING,Target,Target,CAD,F
2160,5335,"Jul 05, 2023",-1318.43,DR,food & drink,,Target,USD,COMPLETED
2161,5172,16-Feb-2023,542.88,Debit,purchase,purchase,Spotify,USD,Completed
2162,5127,06/22/2023,-7048.01,DEBIT,Shopping,Whole Foods,Whole Foods,USD,C
2163,5025,08/26/2023,3371.06,DEBIT,Hotel,Hotel,Amazon,USD,Completed
2164,5268,25-Feb-2024,2731.79,Credit,payroll,Payroll,Amazon,USD,Pending
2165,5030,"Oct 06, 2023",3179.17,credit,travel,travel,CVS Pharmacy,GBP,completed
2166,5031,2023-02-23,2745.64,Credit,Airline,,CVS Pharmacy,USD,C
2167,5366,01/11/2023,-6745.53,DEBIT,restaurants,unknown,CVS Pharmacy,USD,C
2168,5400,12-Oct-2023,3582.48,Credit,medical,unknown,Amazon,EUR,C
2169,5054,01-Jun-2023,5161.15,Credit,food,Food & Dining,Target,USD,C
2170,5111,09/10/2023,3821.06,CREDIT,Shopping,unknown,Shell,CAD,pending
2171,5288,24-Oct-2023,-6331.51,DR,restaurants,Food & Dining,Target,EUR,Complete
2172,5174,07-Sep-2023,8420.97,Credit,Hotel,Hotel,N/A,USD,Failed
2173,5188,"May 19, 2023",4958.71,CREDIT,Healthcare,Healthcare,Netflix,USD,C
2174,5361,31-Jan-2023,2413.36,CR,TRANSFER,null,Shell,USD,Complete
2175,5345,05-Apr-2024,-2617.59,debit,Travel,Walmart,Walmart,USD,Declined
2176,5200,"Dec 11, 2023",-2214.4,debit,HOTEL,HOTEL,null,USD,declined
2177,5206,04/09/2023,2787.42,CREDIT,Food & Dining,Food & Dining,Starbucks,MXN,PENDING
2178,5366,"Jun 15, 2023",-6287.02,DR,WIRE,WIRE,Netflix,USD,Complete
2179,5211,"Sep 11, 2023",1128.67,CREDIT,payroll,unknown,Google,USD,declined
2180,5057,2023-05-29,7687.75,credit,Medical,Medical,Spotify,USD,Declined
2181,5252,30-Jun-2024,1564.58,credit,Purchase,Shopping,unknown,USD,FAILED
2182,5357,12/23/2023,-1837.17,debit,SHOPPING,Shopping,United Airlines,USD,P
2183,5165,2024-01-13,-208.06,DR,medical,Google,Google,USD,FAILED
2184,5157,01/03/2023,7090.54,CR,Food & Dining,Food & Dining,Target,USD,Completed
2185,5373,03/08/2024,4223.62,CR,Payroll,Payroll,Netflix,USD,FAILED
2186,5288,"May 30, 2024",7524.49,Credit,Purchase,Purchase,Spotify,USD,declined
2187,5192,"Apr 28, 2023",7718.44,CREDIT,airline,airline,Shell,USD,failed
2188,5248,"Mar 10, 2023",-1782.2,Debit,food & drink,,Google,USD,completed
2189,5286,2023-11-28,3812.97,credit,utility,Whole Foods,Whole Foods,USD,Completed
2190,5081,"Dec 25, 2023",560.23,Credit,health,,United Airlines,USD,Pending
2191,5076,05/06/2024,1050.63,CR,dining,United Airlines,United Airlines,USD,Completed
2192,5211,2023-10-30,-4356.47,debit,CASH,N/A,Apple,USD,declined
2193,5369,21-Feb-2024,1288.05,CR,Hotel,Hotel,Shell,USD,completed
2194,5203,26-Aug-2023,-4848.1,DEBIT,wire transfer,N/A,Amazon,USD,F
2195,5240,08-Jun-2024,-426.59,debit,CASH,ATM Withdrawal,Google,USD,failed
2196,5095,02/07/2024,2445.72,CR,Xfer,Transfer,Target,USD,Declined
2197,5365,03/18/2024,-4137.12,DEBIT,medical,Apple,Apple,USD,COMPLETED
2198,5322,2023-04-27,-2637.36,Debit,MEDICAL,CVS Pharmacy,CVS Pharmacy,USD,P
2199,5035,"Sep 03, 2023",4304.85,Credit,food & drink,CVS Pharmacy,CVS Pharmacy,USD,Pending
2200,5171,2024-01-17,-1047.92,debit,Cash,CVS Pharmacy,CVS Pharmacy,MXN,COMPLETED
2201,5319,"Jan 18, 2024",5050.69,DEBIT,F&D,F&D,Shell,USD,declined
2202,5163,2024-02-11,3792.7,debit,ATM Cash,Shell,Shell,USD,completed
2203,5248,04/02/2024,-8227.13,DEBIT,Shopping,N/A,N/A,USD,F
2204,5102,10/01/2023,5035.09,CR,DD,Walmart,Walmart,USD,pending
2205,5391,04/02/2023,-6491.13,DR,Medical,Target,Target,EUR,declined
2206,5397,2024-04-05,9312.16,credit,food,CVS Pharmacy,CVS Pharmacy,GBP,Completed
2207,5397,2023-09-15,7296.75,credit,Bills,N/A,Netflix,USD,F
2208,5308,2023-09-13,-4951.84,debit,Food & Dining,Food & Dining,Starbucks,CAD,Complete
2209,5145,"Jan 26, 2023",-5252.68,debit,Shopping,Shopping,Apple,USD,failed
2210,5095,04/19/2023,-924.43,DEBIT,Utilities,Walmart,Walmart,USD,declined
2211,5221,"Apr 03, 2024",-2454.39,Debit,health,health,Whole Foods,USD,Completed
2212,5235,10/01/2023,5689.17,DR,DD,Payroll,N/A,USD,FAILED
2213,5133,2024-03-19,9201.91,credit,Retail,Retail,CVS Pharmacy,USD,Completed
2214,5147,2023-12-20,2234.41,DR,Restaurants,,Shell,USD,COMPLETED
2215,5371,27-Nov-2023,8433.14,Credit,UTILITIES,,Target,USD,pending
2216,5131,"Apr 07, 2023",938.91,CREDIT,Cash,ATM Withdrawal,Shell,USD,P
2217,5382,14-Jan-2023,-4788.49,DEBIT,purchase,Shell,Shell,USD,Declined
2218,5073,04/30/2024,5184.85,Debit,retail,retail,Spotify,USD,Pending
2219,5341,02/29/2024,4138.68,Credit,Cash,unknown,Walmart,USD,Pending
2220,5119,2023-09-18,5824.1,CREDIT,Xfer,Xfer,CVS Pharmacy,USD,declined
2221,5069,06/10/2024,-8178.63,debit,food,null,Amazon,USD,failed
2222,5389,21-Oct-2023,2121.27,Credit,salary,salary,Apple,USD,Failed
2223,5038,"Feb 01, 2023",9022.97,credit,utilities,unknown,Google,USD,Declined
2224,5294,2023-02-21,-6077.81,DEBIT,medical,Healthcare,Google,USD,failed
2225,5032,"Oct 30, 2023",4838.81,CR,restaurants,N/A,Walmart,USD,FAILED
2226,5244,12/21/2023,8231.71,DEBIT,utilities,utilities,Whole Foods,USD,C
2227,5066,04-Jan-2024,4285.16,CR,HOTEL,Travel,Apple,USD,COMPLETED
2228,5055,"Jun 17, 2024",-886.63,DEBIT,shopping,shopping,Whole Foods,USD,P
2229,5118,10-Feb-2024,-1676.11,DEBIT,Airline,N/A,Netflix,USD,F
2230,5244,02/27/2023,6665.14,Credit,MEDICAL,Healthcare,Whole Foods,USD,COMPLETED
2231,5163,"Nov 14, 2023",8095.8,CR,Healthcare,Healthcare,CVS Pharmacy,USD,P
2232,5390,13-Jun-2024,6817.29,credit,healthcare,Shell,Shell,USD,F
2233,5300,19-May-2023,6767.54,CR,TRANSFER,Transfer,Apple,USD,completed
2234,5317,"Oct 15, 2023",-4696.63,Debit,airline,Spotify,Spotify,USD,C
2235,5393,2024-05-20,-6726.29,Debit,travel,Travel,N/A,USD,F
2236,5016,10-Apr-2023,-4794.29,DR,PAYROLL,unknown,Walmart,USD,Pending
2237,5301,2023-12-15,-8237.02,debit,xfer,Transfer,Apple,USD,Completed
2238,5366,29-Sep-2023,6599.32,DEBIT,retail,N/A,Apple,USD,pending
2239,5179,"May 12, 2023",8108.21,CREDIT,Direct Deposit,Direct Deposit,Spotify,USD,FAILED
2240,5170,"Mar 07, 2023",2063.64,Credit,CASH,United Airlines,United Airlines,USD,failed
2241,5230,10-May-2024,-2021.21,Debit,HOTEL,Travel,CVS Pharmacy,USD,Complete
2242,5341,"Mar 13, 2023",6734.46,credit,Restaurants,Food & Dining,null,USD,failed
2243,5352,"Jul 06, 2023",-811.64,debit,F&D,null,United Airlines,USD,Declined
2244,5343,07-Oct-2023,7539.93,credit,TRAVEL,TRAVEL,Target,USD,Pending
2245,5200,09-Mar-2024,9400.92,CREDIT,UTILITIES,UTILITIES,Spotify,EUR,declined
2246,5186,"Nov 30, 2023",-4651.9,debit,Hotel,Hotel,Apple,USD,P
2247,5353,2023-08-18,-7990.96,DR,salary,United Airlines,United Airlines,USD,Failed
2248,5358,29-Jul-2023,8854.41,DR,Health,Google,Google,CAD,Complete
2249,5298,2023-02-09,-5981.07,DR,Shopping,unknown,Amazon,USD,Complete
2250,5200,2023-05-29,-3408.32,debit,Transfer,Google,Google,GBP,Declined
2251,5257,04/21/2023,7038.77,Credit,Xfer,unknown,Apple,USD,Pending
2252,5082,09-May-2024,-7617.42,DR,ATM Cash,Shell,Shell,USD,P
2253,5304,02/07/2023,-9364.08,DR,travel,,Google,USD,Completed
2254,5026,05/11/2023,7371.56,Credit,utilities,N/A,Spotify,USD,Declined
2255,5135,03/06/2024,612.15,DEBIT,DINING,Food & Dining,Google,USD,P
2256,5137,26-Jun-2023,-6863.39,DR,Shopping,Shopping,Shell,USD,COMPLETED
2257,5113,01/13/2024,6562.94,CR,shopping,Shopping,United Airlines,USD,F
2258,5342,"Jun 04, 2023",7393.61,Credit,cash,N/A,Target,USD,completed
2259,5192,18-Jul-2023,-8601.87,DEBIT,purchase,N/A,Apple,USD,C
2260,5212,11-Oct-2023,322.34,Credit,SHOPPING,Shopping,Walmart,USD,P
2261,5280,2023-02-20,3830.25,CREDIT,hotel,Travel,Shell,USD,Pending
2262,5272,11-Jan-2023,-5339.55,DR,Transfer,unknown,Starbucks,USD,pending
2263,5041,08/06/2023,-3581.44,DEBIT,Hotel,Whole Foods,Whole Foods,USD,Declined
2264,5228,"Mar 29, 2024",9253.66,CR,Salary,Salary,Google,USD,P
2265,5059,2023-03-18,1723.34,Credit,Shopping,Shell,Shell,USD,COMPLETED
2266,5060,"Oct 24, 2023",-8628.79,Debit,food & drink,food & drink,Apple,MXN,Failed
2267,5039,2023-10-04,-4625.23,DR,retail,null,Spotify,USD,F
2268,5153,11-May-2024,4141.02,CR,Bills,Starbucks,Starbucks,USD,PENDING
2269,5060,08-Sep-2023,9112.34,DR,xfer,xfer,Spotify,USD,Pending
2270,5246,"Sep 14, 2023",4592.56,Debit,HOTEL,N/A,Netflix,USD,Pending
2271,5197,2023-03-16,3155.71,Credit,WIRE,Transfer,Spotify,USD,declined
2272,5031,28-Nov-2023,2723.91,CR,food & drink,Netflix,Netflix,USD,Completed
2273,5166,03/10/2023,2878.41,DR,UTIL,UTIL,Target,USD,Complete
2274,5029,21-Feb-2024,1921.49,Credit,shopping,Shopping,CVS Pharmacy,USD,Failed
2275,5203,"Jun 10, 2023",-6687.59,debit,CASH,CASH,Shell,USD,F
2276,5360,05/02/2024,-8093.57,debit,Bills,unknown,Spotify,USD,Declined
2277,5198,26-Feb-2024,6245.14,CREDIT,dining,Amazon,Amazon,USD,Pending
2278,5339,02/17/2023,-5706.11,debit,TRAVEL,TRAVEL,Spotify,USD,FAILED
2279,5076,2024-02-19,-4262.62,DEBIT,shopping,Starbucks,Starbucks,USD,pending
2280,5256,04-May-2023,4200.29,CR,WIRE,Transfer,Apple,USD,FAILED
2281,5303,16-Apr-2024,68.88,CREDIT,Restaurants,Restaurants,Amazon,USD,FAILED
2282,5201,2023-12-13,4155.66,CREDIT,TRAVEL,Google,Google,USD,completed
2283,5098,"Feb 16, 2023",-3946.96,Debit,MEDICAL,Healthcare,Whole Foods,USD,Declined
2284,5094,"May 10, 2024",4273.61,Debit,shopping,Shopping,Whole Foods,USD,PENDING
2285,5124,03-Jan-2023,1826.86,CREDIT,Health,Health,N/A,CAD,Declined
2286,5218,"Jun 12, 2024",-4209.49,DR,Wire,unknown,unknown,USD,PENDING
2287,5191,25-Dec-2023,7454.5,CREDIT,Retail,null,Amazon,USD,PENDING
2288,5338,14-May-2023,2790.52,credit,Shopping,,Shell,USD,COMPLETED
2289,5109,2023-12-17,7182.93,Debit,Airline,Walmart,Walmart,USD,completed
2290,5190,2023-03-02,-5509.03,debit,Airline,Travel,Apple,MXN,Pending
2291,5326,2024-01-11,-849.57,debit,medical,Healthcare,Shell,USD,Completed
2292,5160,2023-12-10,9015.2,Debit,Payroll,unknown,unknown,USD,C
2293,5311,11/12/2023,-4152.96,debit,UTIL,UTIL,United Airlines,USD,pending
2294,5150,05/13/2024,1565.89,credit,ATM Cash,ATM Cash,unknown,USD,Pending
2295,5034,2023-10-31,-2586.12,DR,ATM Withdrawal,ATM Withdrawal,Amazon,USD,C
2296,5183,05-Aug-2023,-6664.32,DR,Restaurants,Food & Dining,Walmart,USD,failed
2297,5295,2024-01-21,484.78,CR,WIRE,N/A,Amazon,USD,pending
2298,5274,2023-04-16,-2184.09,DEBIT,Utilities,Netflix,Netflix,USD,Completed
2299,5052,01/26/2024,-2481.27,Debit,DD,N/A,Shell,USD,completed
2300,5066,27-Mar-2024,-4756.0,Debit,MEDICAL,null,Google,USD,C
2301,5187,2023-02-08,1138.34,Credit,dining,,CVS Pharmacy,USD,Completed
2302,5143,26-Jun-2023,-784.53,DEBIT,health,Healthcare,Starbucks,USD,Pending
2303,5095,16-Mar-2024,-9201.22,Debit,direct deposit,Starbucks,Starbucks,USD,completed
2304,5338,2023-04-28,-7769.29,DEBIT,utility,utility,Target,USD,F
2305,5281,"Jul 16, 2023",-5645.58,Debit,airline,Travel,Apple,USD,FAILED
2306,5249,10/16/2023,4147.87,DEBIT,xfer,Walmart,Walmart,USD,Complete
2307,5145,06/08/2023,-3244.78,Debit,SHOPPING,Walmart,Walmart,EUR,completed
2308,5353,04-Jan-2024,8003.58,CREDIT,Shopping,Shopping,Apple,USD,Declined
2309,5247,12/14/2023,-3819.25,debit,food & drink,Food & Dining,Netflix,USD,PENDING
2310,5081,"Apr 27, 2024",-3717.88,debit,transfer,Transfer,Whole Foods,USD,FAILED
2311,5128,"Jun 05, 2023",-1505.24,Debit,medical,N/A,Google,USD,C
2312,5223,12/10/2023,7242.24,CR,xfer,Spotify,Spotify,USD,C
2313,5311,"Jul 18, 2023",3962.86,CR,Xfer,N/A,Google,USD,P
2314,5134,01/05/2023,3841.8,CR,shopping,Shopping,Amazon,USD,pending
2315,5064,07/31/2023,4277.3,DEBIT,WIRE,WIRE,Netflix,EUR,Complete
2316,5053,2023-11-23,1002.2,debit,Transfer,Transfer,Amazon,USD,P
2317,5271,10-Jan-2024,1049.2,Credit,Utilities,unknown,Walmart,USD,Complete
2318,5134,"Mar 30, 2023",7633.14,DR,retail,Whole Foods,Whole Foods,MXN,Completed
2319,5149,02/11/2024,-3899.37,Debit,DINING,DINING,CVS Pharmacy,USD,declined
2320,5173,04/18/2023,9103.77,credit,ATM Cash,ATM Withdrawal,United Airlines,USD,Completed
2321,5272,2023-10-24,3069.92,CR,food,Food & Dining,Google,USD,Failed
2322,5314,05/04/2024,-8239.09,DR,shopping,null,null,USD,P
2323,5048,"Feb 05, 2024",2764.36,Credit,ATM,ATM Withdrawal,Amazon,USD,declined
2324,5144,"Jul 22, 2023",5882.03,Debit,restaurants,restaurants,Google,USD,pending
2325,5021,"May 08, 2024",9357.02,CR,DINING,DINING,Shell,USD,completed
2326,5119,"Jun 22, 2023",5063.49,Debit,airline,airline,Spotify,USD,F
2327,5168,20-Sep-2023,2819.5,Credit,food,food,Shell,USD,failed
2328,5044,06/02/2024,2957.91,CR,health,,,USD,F
2329,5220,10-Aug-2023,9376.42,Credit,medical,Healthcare,Shell,USD,C
2330,5173,2023-09-07,368.54,CR,hotel,hotel,Spotify,USD,completed
2331,5228,"May 29, 2023",7539.41,debit,TRANSFER,N/A,Shell,USD,C
2332,5010,"Apr 29, 2023",2968.32,Credit,food,food,Amazon,CAD,COMPLETED
2333,5197,02/25/2023,-9402.09,Debit,Utilities,Utilities,Whole Foods,USD,pending
2334,5049,27-Oct-2023,1808.67,credit,DINING,Spotify,Spotify,MXN,PENDING
2335,5379,2023-09-14,7243.13,CREDIT,food & drink,Food & Dining,Spotify,USD,Declined
2336,5388,07-Dec-2023,4189.83,CREDIT,health,Whole Foods,Whole Foods,USD,completed
2337,5242,2024-03-18,-1730.95,Debit,UTIL,unknown,Walmart,USD,pending
2338,5168,"Mar 09, 2024",2801.81,Credit,DINING,CVS Pharmacy,CVS Pharmacy,USD,completed
2339,5341,"Nov 05, 2023",4473.31,Credit,food & drink,CVS Pharmacy,CVS Pharmacy,USD,COMPLETED
2340,5202,05/05/2023,4414.14,credit,retail,Shopping,Netflix,USD,PENDING
2341,5055,21-Nov-2023,634.5,DEBIT,TRANSFER,Netflix,Netflix,USD,declined
2342,5157,"Mar 02, 2024",707.37,Credit,airline,Google,Google,USD,completed
2343,5294,2023-01-01,5672.96,CREDIT,medical,medical,CVS Pharmacy,USD,C
2344,5004,2023-05-06,3832.11,CR,WIRE,Transfer,Whole Foods,USD,completed
2345,5345,09-May-2023,5056.92,credit,airline,unknown,Whole Foods,USD,Failed
2346,5195,2024-01-02,117.03,CREDIT,Medical,null,United Airlines,USD,P
2347,5077,2023-10-25,-4001.46,DEBIT,TRANSFER,Transfer,Apple,USD,C
2348,5243,11/21/2023,8955.03,Debit,Salary,Payroll,Starbucks,CAD,F
2349,5041,03/08/2024,521.68,CREDIT,Salary,Salary,Shell,USD,C
2350,5353,03/08/2024,1396.05,CR,Medical,Medical,Shell,USD,completed
2351,5222,2023-10-04,4086.98,DEBIT,Shopping,Shopping,Apple,USD,failed
2352,5346,2023-10-25,8405.7,credit,Health,,Netflix,USD,P
2353,5220,25-Nov-2023,509.32,Credit,Hotel,Google,Google,USD,failed
2354,5146,"May 15, 2024",2284.99,Credit,salary,salary,Apple,USD,pending
2355,5389,05/04/2024,6316.44,CREDIT,food,Food & Dining,Shell,USD,failed
2356,5360,2024-05-10,2414.82,Credit,Shopping,unknown,unknown,CAD,Failed
2357,5204,03-Apr-2024,-7008.9,debit,Payroll,null,null,USD,declined
2358,5293,06/06/2023,-4246.22,DR,xfer,Google,Google,USD,completed
2359,5219,2023-04-08,-8187.58,Debit,wire transfer,,Netflix,MXN,P
2360,5104,04/02/2023,9120.29,CR,transfer,transfer,Netflix,USD,Complete
2361,5124,03/25/2023,3707.27,CREDIT,ATM Withdrawal,Google,Google,USD,F
2362,5220,"May 07, 2023",6546.45,DEBIT,healthcare,healthcare,CVS Pharmacy,USD,COMPLETED
2363,5104,11/20/2023,-6645.91,Debit,airline,Travel,Starbucks,USD,Failed
2364,5130,09-Jul-2023,5642.63,DEBIT,dining,dining,unknown,USD,Pending
2365,5026,04-Dec-2023,9112.96,Credit,CASH,Spotify,Spotify,USD,FAILED
2366,5379,05/18/2024,-3756.73,Debit,airline,airline,CVS Pharmacy,USD,P
2367,5370,2023-04-12,7456.53,Debit,Health,Health,Apple,CAD,failed
2368,5107,21-Feb-2023,4517.05,debit,Transfer,Spotify,Spotify,USD,FAILED
2369,5375,"Apr 17, 2023",1325.48,Debit,atm,atm,Netflix,USD,P
2370,5386,26-Nov-2023,8940.79,DEBIT,Travel,,Amazon,USD,P
2371,5106,2024-05-06,-2140.09,DR,ATM,ATM Withdrawal,Apple,USD,Failed
2372,5306,03-Aug-2023,3538.2,credit,travel,travel,Starbucks,USD,P
2373,5002,"Jul 22, 2023",9353.78,Credit,Airline,Travel,Whole Foods,USD,failed
2374,5129,2023-09-30,2909.58,DEBIT,healthcare,Amazon,Amazon,USD,declined
2375,5120,2023-12-31,8961.65,Credit,Purchase,Shopping,Walmart,USD,failed
2376,5285,"Jul 03, 2023",-9428.12,DEBIT,bills,Netflix,Netflix,EUR,Complete
2377,5238,"Mar 13, 2023",7316.6,Credit,Retail,,Amazon,EUR,pending
2378,5349,"May 20, 2024",2025.85,credit,F&D,Food & Dining,Walmart,USD,completed
2379,5303,07-Dec-2023,2092.86,CR,Purchase,Shopping,Whole Foods,USD,Complete
2380,5250,2024-05-19,80.99,CR,WIRE,WIRE,N/A,USD,declined
2381,5027,"Jan 15, 2023",4915.4,credit,DD,Starbucks,Starbucks,EUR,COMPLETED
2382,5153,03/17/2024,2317.18,CREDIT,salary,Payroll,Shell,USD,Pending
2383,5367,"Aug 13, 2023",8694.43,credit,health,health,N/A,USD,declined
2384,5383,05-Feb-2023,-5213.42,debit,Retail,Shopping,Google,USD,declined
2385,5276,"Apr 12, 2023",8167.28,DEBIT,MEDICAL,Healthcare,Google,USD,Declined
2386,5374,02-Apr-2024,9462.51,DEBIT,direct deposit,null,Shell,GBP,PENDING
2387,5144,01/10/2023,1112.79,CR,ATM,ATM Withdrawal,Spotify,USD,declined
2388,5013,2023-03-15,8209.04,CREDIT,UTIL,Utilities,CVS Pharmacy,USD,Declined
2389,5131,06-Oct-2023,2939.32,debit,Medical,null,null,USD,C
2390,5184,2023-09-15,5020.49,CR,Hotel,United Airlines,United Airlines,USD,declined
2391,5283,"May 26, 2023",4038.07,DR,Salary,Google,Google,USD,FAILED
2392,5041,2023-04-02,6342.41,CREDIT,transfer,Transfer,Shell,MXN,Pending
2393,5290,2023-12-04,-2283.27,debit,Restaurants,,Starbucks,USD,failed
2394,5141,05/07/2024,8342.02,credit,Hotel,Hotel,Whole Foods,USD,completed
2395,5299,"Apr 14, 2024",551.09,DR,medical,null,Starbucks,USD,C
2396,5188,2024-06-01,6490.56,Credit,ATM Withdrawal,ATM Withdrawal,Walmart,CAD,Declined
2397,5228,2023-05-11,-7290.76,Debit,direct deposit,Shell,Shell,USD,declined
2398,5154,06/26/2024,-8446.28,DEBIT,Payroll,Whole Foods,Whole Foods,USD,P
2399,5380,"May 30, 2024",6118.54,Credit,Travel,unknown,Apple,USD,F
2400,5131,"Apr 26, 2024",-5046.21,DEBIT,Bills,Utilities,Walmart,USD,pending
2401,5065,2024-04-02,-4135.13,DR,salary,Payroll,Google,USD,Failed
2402,5098,"Jan 09, 2024",7966.9,Credit,Cash,ATM Withdrawal,Spotify,CAD,P
2403,5182,"Mar 06, 2024",-5464.46,DR,hotel,N/A,Google,GBP,Completed
2404,5339,"Nov 07, 2023",4536.47,credit,salary,null,null,USD,declined
2405,5029,19-May-2023,174.56,DEBIT,Purchase,null,null,GBP,F
2406,5166,16-May-2023,-9436.94,DEBIT,Retail,Netflix,Netflix,USD,Pending
2407,5376,2023-12-11,8951.27,DR,Hotel,Target,Target,USD,Completed
2408,5290,12/16/2023,94.7,CR,UTILITIES,unknown,Apple,USD,pending
2409,5293,"Dec 01, 2023",-8994.24,DEBIT,Travel,N/A,Apple,USD,Completed
2410,5121,24-Feb-2024,5796.6,CR,health,health,Starbucks,EUR,failed
2411,5395,"Oct 20, 2023",-3424.05,DR,utility,unknown,CVS Pharmacy,MXN,failed
2412,5270,09/20/2023,-4664.75,DEBIT,ATM Withdrawal,,United Airlines,USD,Failed
2413,5171,"Jan 23, 2023",3260.18,debit,TRAVEL,Travel,Spotify,USD,PENDING
2414,5320,05-Jun-2024,-508.92,debit,atm,ATM Withdrawal,Google,USD,COMPLETED
2415,5107,2024-05-06,-1690.4,Debit,Direct Deposit,Payroll,Walmart,USD,FAILED
2416,5195,2023-12-27,-6126.54,DEBIT,TRANSFER,Transfer,null,USD,P
2417,5080,04/18/2024,4129.7,CREDIT,xfer,Transfer,Apple,USD,F
2418,5097,25-Aug-2023,-5726.4,DR,food & drink,food & drink,Spotify,USD,P
2419,5346,"Aug 01, 2023",-8365.2,DEBIT,hotel,hotel,CVS Pharmacy,USD,C
2420,5322,2023-11-29,-93.41,Debit,restaurants,unknown,Apple,USD,Failed
2421,5105,"Mar 18, 2023",3399.27,CREDIT,healthcare,healthcare,United Airlines,USD,C
2422,5336,09-Nov-2023,4426.14,CR,utility,Utilities,Whole Foods,USD,F
2423,5088,2024-06-23,-1575.38,DEBIT,medical,Walmart,Walmart,USD,Completed
2424,5227,"Jan 24, 2024",-3583.59,DR,cash,cash,Shell,USD,completed
2425,5341,10-Jun-2024,-174.35,debit,DINING,DINING,Target,USD,F
2426,5353,12-Sep-2023,9389.61,CREDIT,Travel,unknown,Walmart,USD,Complete
2427,5184,2023-11-22,5533.6,credit,food,,,USD,P
2428,5155,2024-01-14,8011.93,credit,medical,Healthcare,Google,USD,failed
2429,5355,04/17/2024,877.53,CREDIT,Direct Deposit,Payroll,CVS Pharmacy,USD,COMPLETED
2430,5054,2024-03-31,2025.0,CR,Bills,Amazon,Amazon,USD,Failed
2431,5088,28-Feb-2024,-7857.49,Debit,ATM,ATM Withdrawal,Apple,USD,Completed
2432,5213,21-Mar-2023,-3622.66,DR,bills,Utilities,Apple,USD,C
2433,5128,2023-12-16,-7872.55,debit,Restaurants,Food & Dining,Shell,CAD,declined
2434,5162,09/06/2023,5436.09,DR,TRANSFER,Spotify,Spotify,USD,F
2435,5388,"May 21, 2024",-3963.41,DEBIT,Hotel,Shell,Shell,USD,Completed
2436,5140,"Jun 23, 2023",-3807.36,debit,ATM Withdrawal,ATM Withdrawal,Google,USD,F
2437,5374,18-May-2024,-2450.34,Debit,purchase,Shopping,Walmart,CAD,pending
2438,5029,01/13/2024,5391.89,CREDIT,food,null,Amazon,USD,PENDING
2439,5378,01/26/2024,2495.94,credit,Shopping,Starbucks,Starbucks,USD,F
2440,5075,"Feb 19, 2024",5035.8,debit,Travel,Travel,Apple,GBP,pending
2441,5262,"Sep 16, 2023",-2787.19,DR,Travel,,Amazon,USD,failed
2442,5276,03/22/2023,419.82,DEBIT,Travel,null,Target,USD,pending
2443,5211,"Apr 18, 2023",2390.71,credit,food & drink,null,null,USD,Completed
2444,5042,13-Apr-2024,9134.64,debit,purchase,purchase,Netflix,USD,P
2445,5146,"Jan 12, 2024",-4150.17,DR,Retail,unknown,United Airlines,USD,COMPLETED
2446,5353,05-Apr-2023,7862.24,Credit,ATM Cash,ATM Cash,Walmart,USD,Completed
2447,5326,"Jun 04, 2023",1506.02,CREDIT,wire transfer,unknown,Whole Foods,USD,declined
2448,5144,2023-02-25,-6526.57,DEBIT,transfer,Transfer,United Airlines,CAD,COMPLETED
2449,5344,2023-06-19,3848.14,Credit,purchase,purchase,Amazon,CAD,Pending
2450,5252,2023-02-09,-8312.57,debit,Wire,Wire,CVS Pharmacy,USD,declined
2451,5191,"Dec 12, 2023",-1004.18,DR,retail,Target,Target,MXN,P
2452,5204,07/17/2023,9375.33,Credit,health,Healthcare,Whole Foods,GBP,Failed
2453,5076,"Jul 02, 2023",-2621.85,debit,purchase,null,null,CAD,Declined
2454,5105,2024-05-24,6042.36,credit,Xfer,,Apple,USD,pending
2455,5166,"Oct 27, 2023",8090.82,Credit,Direct Deposit,Payroll,Starbucks,USD,Complete
2456,5360,11/17/2023,6735.03,CR,Healthcare,,Spotify,USD,Pending
2457,5320,2023-01-06,-4441.58,debit,direct deposit,Whole Foods,Whole Foods,USD,PENDING
2458,5008,2023-05-10,-1519.0,DEBIT,Travel,N/A,N/A,USD,declined
2459,5323,2023-02-21,8697.88,CR,wire transfer,Netflix,Netflix,USD,COMPLETED
2460,5249,11-Nov-2023,1520.02,CREDIT,F&D,F&D,Shell,USD,COMPLETED
2461,5007,01/15/2024,3427.56,CREDIT,cash,Shell,Shell,USD,PENDING
2462,5042,04/05/2023,6388.95,CREDIT,HOTEL,Travel,Walmart,USD,declined
2463,5272,2023-10-01,3409.78,credit,Transfer,N/A,N/A,GBP,C
2464,5324,"Feb 12, 2023",644.51,Credit,DD,N/A,Target,USD,FAILED
2465,5320,2023-05-29,-5432.01,DEBIT,MEDICAL,MEDICAL,Whole Foods,USD,failed
2466,5190,"Jul 02, 2023",461.1,CREDIT,bills,Utilities,Amazon,USD,COMPLETED
2467,5155,2023-05-07,1950.03,credit,Bills,Bills,Netflix,USD,declined
2468,5221,03-Feb-2024,-4092.02,DR,Direct Deposit,Starbucks,Starbucks,USD,Pending
2469,5216,2023-05-01,7164.65,credit,Shopping,null,Whole Foods,USD,Failed
2470,5282,05/05/2024,2169.29,debit,health,health,Whole Foods,USD,FAILED
2471,5266,2024-06-21,-6283.78,Debit,Utilities,Utilities,Starbucks,USD,F
2472,5159,09/09/2023,-4073.61,debit,medical,N/A,Google,USD,Pending
2473,5245,06/02/2024,1924.9,CREDIT,medical,Healthcare,CVS Pharmacy,USD,Declined
2474,5285,06/22/2024,1804.93,CR,atm,Spotify,Spotify,USD,PENDING
2475,5256,"Feb 21, 2023",944.02,DR,hotel,hotel,Apple,USD,pending
2476,5236,2024-06-24,6165.06,DR,cash,cash,United Airlines,MXN,PENDING
2477,5302,"Feb 18, 2023",-3510.74,DEBIT,PAYROLL,PAYROLL,Walmart,USD,COMPLETED
2478,5324,2023-10-20,9437.34,Credit,WIRE,WIRE,,USD,C
2479,5287,01/05/2023,2456.29,CR,Purchase,Purchase,Starbucks,USD,C
2480,5214,2023-11-22,-4350.3,Debit,Health,N/A,Walmart,USD,FAILED
2481,5217,"Feb 29, 2024",3042.36,CR,Payroll,Payroll,Amazon,USD,Declined
2482,5360,"Aug 05, 2023",8762.37,CREDIT,TRAVEL,N/A,Target,USD,Completed
2483,5148,03/24/2023,9069.52,credit,purchase,Shopping,CVS Pharmacy,USD,C
2484,5086,"May 03, 2023",-3683.74,DEBIT,hotel,hotel,Walmart,MXN,PENDING
2485,5116,09-Feb-2023,8208.34,DR,Purchase,null,CVS Pharmacy,USD,C
2486,5007,"Apr 28, 2023",4266.25,DR,Retail,Shell,Shell,USD,failed
2487,5065,2023-11-20,-8113.49,DR,Purchase,N/A,Spotify,GBP,COMPLETED
2488,5070,2024-03-06,415.83,credit,Airline,Airline,Starbucks,USD,P
2489,5084,"Mar 24, 2024",3868.56,Credit,bills,bills,Whole Foods,USD,COMPLETED
2490,5184,16-Sep-2023,-4759.93,DR,Health,,,USD,Pending
2491,5255,10/03/2023,1908.13,credit,Restaurants,null,Spotify,USD,COMPLETED
2492,5247,2023-08-26,-6151.86,Debit,Shopping,unknown,United Airlines,USD,completed
2493,5146,02/07/2023,447.04,CREDIT,Transfer,Transfer,Starbucks,MXN,Completed
2494,5050,04/30/2024,1238.65,CR,Salary,Payroll,Apple,USD,declined
2495,5332,11/19/2023,6784.08,CR,ATM Cash,ATM Cash,N/A,USD,completed
2496,5211,"Feb 11, 2024",7354.44,credit,purchase,Shopping,Amazon,USD,Declined
2497,5061,05/21/2024,-6355.31,Debit,Xfer,,Target,USD,pending
2498,5132,09-Sep-2023,-7246.71,Debit,direct deposit,direct deposit,null,USD,C
2499,5256,"May 17, 2024",-777.01,Debit,payroll,Netflix,Netflix,USD,Pending
2500,5307,05/20/2024,-8854.01,DEBIT,retail,retail,Target,USD,Completed
2501,5051,13-Feb-2024,-195.45,Debit,Direct Deposit,Starbucks,Starbucks,USD,Complete
2502,5117,29-May-2023,6451.82,CR,DD,null,Amazon,USD,PENDING
2503,5067,2023-09-26,-2603.23,Debit,Health,Healthcare,Starbucks,USD,pending
2504,5231,03/18/2023,5666.55,DEBIT,Food & Dining,Food & Dining,Target,USD,pending
2505,5326,09/23/2023,1223.3,CREDIT,ATM,Amazon,Amazon,GBP,P
2506,5304,15-Mar-2023,6111.27,credit,food & drink,food & drink,Netflix,USD,C
2507,5348,26-Dec-2023,9131.99,Credit,Medical,Healthcare,Starbucks,USD,FAILED
2508,5240,01/28/2023,8106.68,Credit,F&D,Starbucks,Starbucks,USD,declined
2509,5231,2023-10-03,196.2,credit,retail,Shopping,Walmart,USD,COMPLETED
2510,5202,11/12/2023,9235.21,CREDIT,ATM,null,CVS Pharmacy,USD,failed
2511,5234,"Feb 23, 2023",3514.89,CREDIT,Travel,Travel,Target,USD,COMPLETED
2512,5228,02/19/2024,6781.33,Credit,ATM Withdrawal,ATM Withdrawal,CVS Pharmacy,USD,F
2513,5254,"Jun 21, 2024",7018.02,Credit,Restaurants,unknown,Netflix,CAD,failed
2514,5169,16-Jun-2023,5595.12,Credit,bills,Walmart,Walmart,USD,C
2515,5138,2023-04-21,-8687.65,Debit,bills,Utilities,Google,USD,pending
2516,5181,"Apr 18, 2023",6873.52,CR,retail,Shopping,Netflix,USD,Pending
2517,5330,06-Dec-2023,9131.29,Credit,utilities,,Whole Foods,MXN,Pending
2518,5197,2023-03-07,901.2,CREDIT,Health,Healthcare,Amazon,USD,COMPLETED
2519,5256,2024-06-25,6298.0,CREDIT,Medical,unknown,unknown,USD,completed
2520,5326,"May 09, 2023",4871.48,DR,shopping,,Whole Foods,USD,Failed
2521,5107,06/24/2023,6735.01,CR,TRAVEL,TRAVEL,United Airlines,USD,pending
2522,5264,"May 02, 2024",844.97,CREDIT,shopping,shopping,Whole Foods,USD,Declined
2523,5337,27-Jan-2023,4238.18,credit,hotel,Starbucks,Starbucks,USD,F
2524,5059,20-Jan-2024,9206.22,DR,DD,Payroll,Netflix,USD,Failed
2525,5367,25-May-2023,8941.96,CR,HOTEL,Travel,United Airlines,GBP,failed
2526,5228,2023-03-02,1044.07,CREDIT,Purchase,Purchase,Walmart,USD,completed
2527,5335,28-Jun-2024,1241.38,credit,medical,null,Google,GBP,pending
2528,5040,22-Feb-2024,-4362.18,debit,Health,Health,null,USD,C
2529,5001,25-Mar-2023,3726.62,CR,DINING,unknown,CVS Pharmacy,USD,Declined
2530,5329,2024-02-09,-4351.37,Debit,Purchase,Shopping,Starbucks,USD,Pending
2531,5002,"Mar 19, 2024",200.59,Debit,retail,retail,Starbucks,USD,completed
2532,5160,05/11/2024,7959.81,CREDIT,F&D,Food & Dining,CVS Pharmacy,USD,Pending
2533,5105,2023-10-31,5666.31,credit,cash,unknown,Whole Foods,USD,completed
2534,5181,"Feb 27, 2023",8157.0,credit,travel,unknown,Whole Foods,MXN,Completed
2535,5170,03/02/2023,1137.32,CR,payroll,Payroll,Apple,USD,Failed
2536,5295,2023-10-19,-307.62,DR,medical,medical,United Airlines,USD,COMPLETED
2537,5310,06/07/2024,-4875.08,DEBIT,Utilities,Netflix,Netflix,USD,F
2538,5111,11-Apr-2024,-3831.64,DR,retail,retail,CVS Pharmacy,USD,FAILED
2539,5120,2023-01-13,616.56,CR,dining,Food & Dining,Shell,USD,F
2540,5100,"Aug 10, 2023",8150.15,credit,medical,Healthcare,United Airlines,USD,C
2541,5010,13-Jun-2023,7147.47,credit,ATM Withdrawal,ATM Withdrawal,United Airlines,USD,Failed
2542,5143,06/21/2023,-1006.31,DR,utility,Utilities,Walmart,USD,declined
2543,5335,"Mar 06, 2023",-4870.73,DR,Shopping,Shopping,,EUR,C
2544,5222,09-Nov-2023,570.78,credit,direct deposit,direct deposit,Whole Foods,USD,PENDING
2545,5287,"Apr 06, 2023",4123.71,debit,transfer,Transfer,Amazon,USD,declined
2546,5150,11/12/2023,8516.66,DR,Wire,Apple,Apple,USD,COMPLETED
2547,5002,2024-02-24,5293.08,CREDIT,Travel,Apple,Apple,CAD,Failed
2548,5332,2024-05-06,6666.11,debit,hotel,,Shell,USD,completed
2549,5230,2023-12-22,-7345.4,DEBIT,healthcare,Apple,Apple,USD,Failed
2550,5178,06/02/2024,9456.35,debit,utilities,utilities,United Airlines,CAD,C
2551,5319,18-May-2023,8733.85,CR,Cash,Cash,Spotify,USD,pending
2552,5260,26-Jun-2023,6258.19,CREDIT,bills,bills,Starbucks,USD,completed
2553,5124,2024-06-19,1147.67,CREDIT,food,Starbucks,Starbucks,USD,Declined
2554,5053,08/04/2023,7657.05,Credit,SHOPPING,unknown,Netflix,USD,Complete
2555,5061,04/18/2024,7750.39,Debit,shopping,Walmart,Walmart,EUR,F
2556,5380,"May 09, 2024",-8959.89,debit,Medical,Amazon,Amazon,USD,Declined
2557,5354,2023-11-30,-4970.89,DEBIT,Purchase,N/A,Starbucks,USD,Declined
2558,5348,"Jun 13, 2023",3471.12,CR,healthcare,Healthcare,Google,USD,F
2559,5220,2023-06-11,4813.57,Credit,purchase,unknown,unknown,USD,Pending
2560,5276,2023-05-17,1365.11,credit,Cash,ATM Withdrawal,Shell,USD,completed
2561,5190,"Jul 22, 2023",8940.76,Credit,CASH,null,Starbucks,USD,declined
2562,5173,24-Jan-2024,6993.31,CR,healthcare,healthcare,Google,MXN,P
2563,5095,"Mar 19, 2023",1426.18,Credit,CASH,Shell,Shell,USD,Declined
2564,5100,05/13/2024,-7661.34,Debit,Medical,Healthcare,Target,USD,P
2565,5337,2023-07-30,-7895.82,Debit,Salary,unknown,Netflix,USD,completed
2566,5287,"Jan 21, 2024",5418.29,Credit,F&D,F&D,Amazon,USD,P
2567,5369,"Jun 05, 2023",3621.39,DR,ATM,ATM Withdrawal,Shell,USD,F
2568,5030,2023-09-09,1811.99,CREDIT,Health,unknown,Shell,MXN,Failed
2569,5154,2023-03-17,-3032.17,debit,atm,ATM Withdrawal,Netflix,USD,declined
2570,5002,"Apr 16, 2024",5660.88,Credit,xfer,Transfer,unknown,USD,P
2571,5333,12/08/2023,7429.72,CR,direct deposit,N/A,Whole Foods,USD,Declined
2572,5366,2024-05-21,2018.72,Credit,Hotel,Walmart,Walmart,USD,Complete
2573,5263,01-Nov-2023,7326.05,CR,Utilities,Utilities,United Airlines,USD,completed
2574,5285,2023-05-05,7702.17,CR,food,food,Spotify,USD,completed
2575,5063,2023-06-13,5882.0,DR,Medical,Medical,Whole Foods,USD,completed
2576,5251,2024-06-24,7472.45,Credit,WIRE,Transfer,Shell,EUR,P
2577,5163,06/20/2023,2077.91,credit,F&D,unknown,CVS Pharmacy,USD,completed
2578,5284,04/16/2023,-2140.62,debit,food & drink,Apple,Apple,USD,completed
2579,5116,02/11/2024,1853.0,credit,atm,ATM Withdrawal,Amazon,USD,Declined
2580,5290,04/04/2023,-711.04,DEBIT,Payroll,unknown,Google,USD,Completed
2581,5239,22-May-2024,-1489.68,DEBIT,Cash,Cash,Whole Foods,USD,Complete
2582,5106,07-Jan-2024,9069.87,DR,food,,,USD,completed
2583,5249,09/08/2023,6322.99,CREDIT,food & drink,Food & Dining,Apple,USD,Failed
2584,5203,03/29/2024,8217.16,Debit,Utilities,Walmart,Walmart,USD,Failed
2585,5324,05-Mar-2024,2269.93,Credit,Medical,unknown,Netflix,USD,C
2586,5103,"Aug 15, 2023",-8299.26,debit,wire transfer,null,Target,USD,Pending
2587,5023,04/05/2023,-4935.87,DEBIT,Salary,Amazon,Amazon,USD,F
2588,5325,2024-01-15,-6808.08,DEBIT,retail,Shopping,Amazon,USD,F
2589,5331,2023-01-22,1608.06,credit,atm,,Amazon,GBP,F
2590,5179,2023-02-03,-1140.73,Debit,hotel,Shell,Shell,USD,pending
2591,5049,"Feb 05, 2024",-1381.84,DEBIT,CASH,CASH,Netflix,USD,Completed
2592,5073,"Jan 04, 2023",-764.08,DR,salary,CVS Pharmacy,CVS Pharmacy,EUR,completed
2593,5130,"Oct 26, 2023",9156.36,CR,CASH,Spotify,Spotify,USD,Pending
2594,5112,07-Mar-2023,5514.87,debit,DD,Google,Google,USD,PENDING
2595,5101,2023-11-19,-1285.56,Debit,Medical,Healthcare,Walmart,USD,Failed
2596,5267,06/13/2023,-539.47,DEBIT,DD,null,Target,USD,Completed
2597,5226,2023-10-30,563.8,Debit,WIRE,WIRE,Whole Foods,USD,C
2598,5381,"Apr 06, 2023",-1772.33,debit,Hotel,Walmart,Walmart,USD,C
2599,5348,2023-02-02,-2350.33,debit,Wire,null,Netflix,USD,Complete
2600,5315,07/29/2023,8054.48,credit,UTILITIES,,Netflix,USD,failed
2601,5339,"Dec 29, 2023",-1298.73,DEBIT,Healthcare,CVS Pharmacy,CVS Pharmacy,MXN,PENDING
2602,5285,31-Dec-2023,3144.16,CREDIT,healthcare,healthcare,Walmart,GBP,F
2603,5294,08-Jun-2023,-8386.59,Debit,Retail,,,USD,F
2604,5055,09/14/2023,6424.07,CREDIT,bills,N/A,N/A,USD,Pending
2605,5289,05/01/2023,7400.27,Credit,Transfer,Transfer,Shell,USD,pending
2606,5251,"Aug 13, 2023",7712.81,DEBIT,restaurants,restaurants,CVS Pharmacy,USD,FAILED
2607,5353,08-Mar-2023,3120.3,credit,Transfer,unknown,unknown,USD,C
2608,5389,"Nov 10, 2023",2635.51,credit,Purchase,null,CVS Pharmacy,USD,Complete
2609,5283,09-Nov-2023,7331.45,CREDIT,Utilities,null,United Airlines,USD,Failed
2610,5084,01/22/2024,3885.49,CR,CASH,N/A,Starbucks,USD,F
2611,5022,2023-07-15,3102.09,CREDIT,Transfer,Transfer,Starbucks,USD,C
2612,5098,2023-01-22,-4924.93,Debit,Hotel,unknown,Google,USD,Completed
2613,5182,"Mar 30, 2023",7528.39,DEBIT,WIRE,Whole Foods,Whole Foods,USD,FAILED
2614,5339,"Aug 09, 2023",5074.54,DEBIT,airline,Travel,Apple,USD,F
2615,5224,05/27/2023,-622.04,DEBIT,Healthcare,N/A,N/A,USD,PENDING
2616,5276,05/08/2024,3266.85,CREDIT,utility,Utilities,CVS Pharmacy,GBP,failed
2617,5051,10-Feb-2024,1674.0,CR,retail,retail,,USD,P
2618,5100,2023-02-16,5197.03,credit,xfer,Transfer,United Airlines,USD,declined
2619,5348,09/28/2023,7135.28,DEBIT,Transfer,unknown,Target,USD,completed
2620,5240,07/30/2023,323.82,CR,Salary,Payroll,United Airlines,USD,C
2621,5289,19-Jul-2023,-1805.67,Debit,TRANSFER,Amazon,Amazon,USD,Completed
2622,5333,"Aug 23, 2023",2633.97,DR,restaurants,restaurants,Target,USD,P
2623,5354,"Feb 21, 2024",8339.12,CR,Xfer,Transfer,Target,USD,P
2624,5039,01/08/2024,6262.38,Credit,shopping,,Walmart,USD,PENDING
2625,5033,"Feb 22, 2024",2322.09,CR,restaurants,Target,Target,USD,Failed
2626,5008,04/28/2024,8676.95,credit,Cash,ATM Withdrawal,Amazon,USD,pending
2627,5247,03/18/2023,4852.41,Credit,cash,ATM Withdrawal,Spotify,USD,F
2628,5285,06/08/2023,4256.92,credit,ATM Cash,Shell,Shell,USD,Complete
2629,5397,2024-03-07,-8991.06,debit,atm,ATM Withdrawal,United Airlines,USD,Pending
2630,5222,2023-06-13,7767.37,debit,Utilities,Amazon,Amazon,USD,FAILED
2631,5040,04-Jun-2023,-2801.82,debit,Restaurants,N/A,Target,EUR,C
2632,5258,"Dec 04, 2023",-2034.42,DR,healthcare,unknown,Target,USD,pending
2633,5013,2024-03-01,8322.17,credit,bills,N/A,Spotify,USD,Pending
2634,5396,04/30/2024,-6631.66,DEBIT,payroll,payroll,Google,USD,PENDING
2635,5380,"Jan 16, 2024",-814.33,DEBIT,health,CVS Pharmacy,CVS Pharmacy,USD,Failed
2636,5071,10/11/2023,2221.04,Credit,retail,retail,Netflix,CAD,F
2637,5318,01/22/2024,1240.88,debit,Restaurants,Food & Dining,Amazon,USD,PENDING
2638,5265,2023-06-27,9116.28,credit,purchase,purchase,Google,USD,PENDING
2639,5370,25-Feb-2024,1538.4,Credit,UTILITIES,Utilities,CVS Pharmacy,USD,failed
2640,5081,"Mar 23, 2024",-3029.51,debit,F&D,Food & Dining,Spotify,USD,Declined
2641,5254,05/29/2024,7511.89,Credit,bills,N/A,Amazon,USD,F
2642,5188,"Oct 25, 2023",8567.0,CREDIT,ATM Withdrawal,Shell,Shell,MXN,P
2643,5194,06-Aug-2023,-677.73,debit,cash,unknown,unknown,MXN,PENDING
2644,5108,2024-06-19,-483.49,debit,payroll,United Airlines,United Airlines,USD,Complete
2645,5041,2024-03-27,199.02,DEBIT,medical,Healthcare,CVS Pharmacy,USD,C
2646,5110,24-Aug-2023,5888.49,CR,health,null,Shell,USD,F
2647,5009,01/29/2024,-7361.03,debit,UTIL,Netflix,Netflix,USD,Failed
2648,5361,2024-03-21,6896.65,credit,medical,Netflix,Netflix,USD,completed
2649,5149,"Jan 21, 2023",9320.74,CR,Bills,Utilities,Target,USD,declined
2650,5289,04-Sep-2023,8226.6,Credit,Travel,Google,Google,USD,Complete
2651,5036,2023-06-17,2610.17,CREDIT,Xfer,Transfer,Spotify,USD,PENDING
2652,5095,"Dec 17, 2023",7425.82,CR,medical,medical,Amazon,USD,pending
2653,5179,02-Apr-2024,6629.32,CREDIT,Bills,Utilities,Amazon,USD,Complete
2654,5205,05/12/2024,9066.79,CREDIT,HOTEL,Google,Google,USD,Declined
2655,5308,2024-01-28,4445.72,CR,airline,airline,CVS Pharmacy,USD,Completed
2656,5310,11/10/2023,-6365.48,DEBIT,SHOPPING,N/A,Google,USD,Declined
2657,5302,"Apr 02, 2024",-2649.61,DR,MEDICAL,Healthcare,Spotify,MXN,P
2658,5393,05-May-2024,5366.46,credit,healthcare,Healthcare,Amazon,GBP,failed
2659,5145,26-Oct-2023,2649.68,CR,salary,salary,Starbucks,USD,PENDING
2660,5288,26-Feb-2024,-5715.31,Debit,Transfer,Transfer,CVS Pharmacy,USD,Declined
2661,5315,2023-09-09,-3628.0,Debit,xfer,Transfer,United Airlines,MXN,P
2662,5334,01/17/2024,4361.52,CR,HOTEL,HOTEL,null,USD,Declined
2663,5308,06/27/2023,9199.92,CR,Retail,Shopping,United Airlines,USD,F
2664,5246,05/08/2024,1723.13,CR,Wire,unknown,Whole Foods,USD,Complete
2665,5274,03-May-2023,-8915.37,Debit,Utilities,unknown,Spotify,MXN,pending
2666,5188,11-Oct-2023,288.96,DR,HOTEL,Spotify,Spotify,USD,completed
2667,5068,04/22/2023,-1619.51,debit,Hotel,Spotify,Spotify,USD,declined
2668,5260,17-Jun-2023,-7503.85,debit,Food & Dining,unknown,Starbucks,USD,P
2669,5219,03/04/2024,8810.25,Credit,Food & Dining,Shell,Shell,USD,Completed
2670,5140,"May 06, 2023",-4334.18,DEBIT,Purchase,Shopping,Netflix,USD,failed
2671,5090,06-May-2024,7641.31,CREDIT,airline,airline,Spotify,USD,Completed
2672,5048,10/02/2023,4254.15,credit,DD,Google,Google,USD,Completed
2673,5375,02/29/2024,132.94,credit,payroll,unknown,Apple,GBP,Pending
2674,5072,08/06/2023,3510.45,CREDIT,Salary,Payroll,Walmart,USD,Complete
2675,5390,10/15/2023,-6416.79,DEBIT,medical,Healthcare,Netflix,USD,declined
2676,5154,08/04/2023,-3227.34,DEBIT,shopping,null,United Airlines,USD,F
2677,5383,01/03/2023,-7939.2,DEBIT,travel,Walmart,Walmart,USD,F
2678,5023,19-Apr-2024,-4778.91,debit,payroll,Amazon,Amazon,USD,F
2679,5138,03-Mar-2024,-1246.7,debit,Shopping,unknown,Spotify,USD,Complete
2680,5328,26-Mar-2024,2265.57,CREDIT,ATM Withdrawal,Whole Foods,Whole Foods,USD,declined
2681,5389,2023-05-11,-2415.41,Debit,food & drink,N/A,Shell,CAD,P
2682,5255,09/06/2023,6503.45,debit,food & drink,food & drink,Apple,USD,FAILED
2683,5319,"Jun 12, 2023",239.5,CREDIT,healthcare,healthcare,Google,USD,declined
2684,5259,11/05/2023,3653.95,CR,hotel,Whole Foods,Whole Foods,USD,Complete
2685,5037,01/31/2023,9225.41,CREDIT,Shopping,Shopping,Netflix,USD,failed
2686,5290,2023-12-15,6897.67,Credit,TRAVEL,unknown,Amazon,USD,Declined
2687,5186,06/19/2024,-7181.03,debit,Salary,United Airlines,United Airlines,USD,failed
2688,5383,"Jan 22, 2024",8511.7,CR,Travel,Apple,Apple,USD,P
2689,5232,2023-12-03,6313.38,Debit,Food & Dining,unknown,Spotify,GBP,C
2690,5107,2023-01-22,2467.91,CR,health,health,Target,USD,C
2691,5323,2023-09-19,6479.96,credit,Payroll,Payroll,Netflix,USD,completed
2692,5093,01-Mar-2023,3777.46,credit,UTILITIES,UTILITIES,Apple,USD,declined
2693,5222,03/26/2023,6292.07,credit,medical,Spotify,Spotify,USD,COMPLETED
2694,5227,2023-12-16,-1285.06,debit,Medical,Healthcare,Whole Foods,USD,completed
2695,5378,"Jan 31, 2024",1696.32,debit,Xfer,unknown,Google,USD,FAILED
2696,5357,10/02/2023,-5223.93,Debit,Utilities,Utilities,CVS Pharmacy,GBP,COMPLETED
2697,5154,"Jan 27, 2024",4505.38,DR,direct deposit,unknown,Whole Foods,USD,P
2698,5273,18-Jun-2023,1162.24,CR,xfer,N/A,Amazon,USD,Failed
2699,5273,17-Feb-2023,4333.5,DR,TRANSFER,unknown,Netflix,USD,F
2700,5187,05-Apr-2024,7652.98,CR,restaurants,null,Google,USD,declined
2701,5309,2023-03-27,-7051.96,DEBIT,restaurants,Food & Dining,Whole Foods,USD,C
2702,5162,2023-08-08,8331.4,Debit,UTIL,UTIL,Amazon,CAD,pending
2703,5394,04/24/2024,-2488.71,DR,SHOPPING,Whole Foods,Whole Foods,USD,completed
2704,5054,"Apr 27, 2024",9368.99,Credit,ATM Cash,ATM Cash,Walmart,USD,pending
2705,5116,"Sep 12, 2023",-7436.53,DEBIT,Food & Dining,Food & Dining,Google,USD,completed
2706,5086,"Jan 12, 2024",-2893.9,debit,Restaurants,Restaurants,CVS Pharmacy,USD,completed
2707,5052,"May 17, 2023",-6672.79,debit,travel,,Apple,USD,declined
2708,5220,"Aug 27, 2023",-810.77,DR,shopping,Shopping,Amazon,USD,declined
2709,5203,30-Jun-2024,6125.75,DEBIT,MEDICAL,unknown,Shell,USD,P
2710,5292,"Dec 10, 2023",4433.36,CREDIT,utility,N/A,CVS Pharmacy,USD,FAILED
2711,5247,08/15/2023,3686.89,debit,Shopping,N/A,Apple,USD,FAILED
2712,5016,"Apr 13, 2023",-8377.65,debit,Payroll,Payroll,Walmart,USD,COMPLETED
2713,5115,01-Mar-2023,8653.51,DR,salary,salary,Apple,USD,Complete
2714,5399,"Jun 01, 2024",-3739.3,debit,payroll,,Google,USD,Completed
2715,5339,07/17/2023,3338.56,Credit,Food & Dining,null,Starbucks,CAD,Complete
2716,5165,21-Mar-2024,4208.35,Credit,dining,Food & Dining,Starbucks,USD,FAILED
2717,5218,04/19/2024,897.12,DEBIT,healthcare,healthcare,Starbucks,USD,COMPLETED
2718,5201,06/24/2024,-2868.13,Debit,utility,Utilities,Apple,USD,P
2719,5160,23-Dec-2023,3588.08,Credit,PAYROLL,Payroll,Target,USD,COMPLETED
2720,5344,"Apr 21, 2024",2118.72,CR,medical,CVS Pharmacy,CVS Pharmacy,USD,FAILED
2721,5094,2023-05-13,8025.79,CREDIT,Salary,,Target,USD,Pending
2722,5037,17-Apr-2024,-3530.51,DEBIT,Xfer,Transfer,unknown,USD,failed
2723,5012,29-Dec-2023,-6488.34,debit,Airline,Travel,CVS Pharmacy,USD,Complete
2724,5280,09/13/2023,4333.85,Credit,transfer,transfer,Starbucks,CAD,declined
2725,5132,01/07/2024,7848.21,credit,ATM Withdrawal,Apple,Apple,USD,F
2726,5128,2023-11-13,-4027.79,DEBIT,WIRE,Transfer,Apple,USD,failed
2727,5052,10/27/2023,5398.07,credit,airline,Netflix,Netflix,USD,P
2728,5129,"Oct 16, 2023",-1280.22,Debit,food,Shell,Shell,USD,Complete
2729,5309,01/05/2023,2677.67,DEBIT,WIRE,WIRE,Amazon,USD,Failed
2730,5326,02/15/2023,-7867.29,DR,Medical,null,null,USD,pending
2731,5129,11/26/2023,3952.26,CR,ATM Cash,N/A,Target,USD,Pending
2732,5215,2023-07-02,9381.72,CREDIT,Healthcare,Healthcare,Walmart,USD,FAILED
2733,5127,"Jan 01, 2023",-8813.62,Debit,food & drink,food & drink,Google,USD,F
2734,5371,06/08/2023,96.76,credit,restaurants,restaurants,Target,CAD,Declined
2735,5363,2024-04-23,3720.69,credit,Health,Healthcare,Google,GBP,PENDING
2736,5002,05/10/2023,-5887.06,DEBIT,TRAVEL,United Airlines,United Airlines,USD,P
2737,5394,2023-09-01,6683.44,CR,PAYROLL,Payroll,Shell,USD,Failed
2738,5073,08/24/2023,3451.44,CREDIT,UTIL,Target,Target,USD,pending
2739,5336,"Aug 09, 2023",776.54,CREDIT,Wire,Netflix,Netflix,USD,Complete
2740,5010,"Jun 03, 2023",-2583.53,debit,Healthcare,null,null,USD,failed
2741,5338,2023-06-10,4410.45,credit,DINING,Food & Dining,Starbucks,USD,P
2742,5316,2023-05-04,-4877.06,DEBIT,TRAVEL,Travel,Starbucks,USD,Failed
2743,5090,03/06/2024,-8657.59,DR,cash,ATM Withdrawal,CVS Pharmacy,USD,Declined
2744,5029,01/24/2023,-7620.77,DEBIT,Retail,Retail,Apple,MXN,Pending
2745,5177,18-Jan-2024,-233.64,DEBIT,MEDICAL,Healthcare,,USD,COMPLETED
2746,5400,2023-08-05,-1448.13,DEBIT,health,Healthcare,Apple,USD,COMPLETED
2747,5177,29-Apr-2023,-8514.71,Debit,F&D,null,Amazon,USD,FAILED
2748,5249,06/13/2023,4602.29,Credit,salary,Netflix,Netflix,USD,PENDING
2749,5068,2023-01-31,352.02,DR,Transfer,Transfer,Apple,USD,Declined
2750,5136,"May 18, 2023",1491.29,CR,DINING,DINING,Whole Foods,CAD,declined
2751,5257,"May 06, 2024",9096.77,CREDIT,Medical,Netflix,Netflix,USD,pending
2752,5277,"Jan 04, 2024",7241.19,CR,F&D,Food & Dining,Starbucks,USD,Complete
2753,5024,22-Feb-2023,-3263.0,DEBIT,DINING,DINING,CVS Pharmacy,USD,Failed
2754,5136,"Jun 04, 2024",4324.2,credit,direct deposit,direct deposit,Shell,USD,F
2755,5101,"May 08, 2024",5732.29,credit,F&D,Food & Dining,Spotify,USD,Complete
2756,5274,03/27/2024,5860.37,DEBIT,Purchase,Whole Foods,Whole Foods,USD,completed
2757,5316,"Apr 16, 2024",-770.23,DR,travel,Travel,Whole Foods,USD,Declined
2758,5136,"Jan 03, 2023",1475.72,Credit,retail,Starbucks,Starbucks,GBP,Failed
2759,5106,2023-11-10,6624.11,Credit,Hotel,unknown,Apple,USD,F
2760,5236,28-Jan-2024,4973.78,Credit,DD,DD,United Airlines,GBP,FAILED
2761,5035,02-Apr-2024,8165.78,credit,Food & Dining,Amazon,Amazon,USD,FAILED
2762,5251,"Nov 03, 2023",-8613.57,DEBIT,DINING,CVS Pharmacy,CVS Pharmacy,USD,Pending
2763,5290,2023-04-07,4901.06,CR,Cash,Cash,Whole Foods,USD,Pending
2764,5298,2023-11-11,-6997.75,DEBIT,transfer,transfer,Shell,USD,C
2765,5178,23-Nov-2023,-8712.18,Debit,travel,Travel,Whole Foods,USD,declined
2766,5145,05/09/2023,1271.94,Debit,healthcare,Healthcare,Amazon,USD,Completed
2767,5195,2023-01-03,2208.72,Credit,Hotel,Hotel,United Airlines,USD,failed
2768,5383,"Jan 20, 2024",6883.61,credit,utilities,Utilities,Spotify,USD,F
2769,5088,12/05/2023,3420.51,credit,ATM,Google,Google,USD,Declined
2770,5049,01-May-2024,1881.72,CREDIT,CASH,Google,Google,USD,COMPLETED
2771,5199,2023-02-22,-6863.29,DEBIT,ATM Cash,Starbucks,Starbucks,USD,declined
2772,5371,04-Jan-2024,7256.75,credit,Utilities,Amazon,Amazon,USD,failed
2773,5272,19-May-2023,8033.75,DEBIT,hotel,unknown,unknown,USD,P
2774,5341,08/19/2023,3477.47,Credit,UTIL,Walmart,Walmart,USD,declined
2775,5108,03/25/2024,5508.98,CREDIT,Salary,Payroll,Whole Foods,GBP,PENDING
2776,5320,2023-05-09,3689.59,DEBIT,Health,Healthcare,Shell,USD,PENDING
2777,5162,"Jan 16, 2023",6454.69,CREDIT,Retail,,Shell,USD,Declined
2778,5384,2023-05-17,1608.61,DEBIT,atm,ATM Withdrawal,Google,USD,Declined
2779,5020,2024-03-15,7020.65,Credit,travel,Apple,Apple,USD,FAILED
2780,5076,2023-02-20,3780.61,Credit,cash,Apple,Apple,EUR,Completed
2781,5367,05/15/2023,2831.19,Debit,DD,DD,N/A,CAD,F
2782,5360,27-Feb-2023,-917.74,Debit,Food & Dining,Food & Dining,Whole Foods,CAD,failed
2783,5301,"May 15, 2024",3189.34,CREDIT,Xfer,Xfer,CVS Pharmacy,USD,Failed
2784,5144,06/15/2024,6985.17,DEBIT,Salary,unknown,Shell,USD,completed
2785,5141,"Jan 04, 2023",6098.78,DR,Utilities,Utilities,Target,USD,declined
2786,5063,"Dec 09, 2023",7975.55,credit,medical,medical,Whole Foods,USD,Failed
2787,5075,10/26/2023,5683.47,CR,purchase,Whole Foods,Whole Foods,USD,Complete
2788,5258,06/09/2023,4106.25,Debit,xfer,Transfer,Whole Foods,USD,Complete
2789,5257,30-Nov-2023,-1552.56,debit,CASH,ATM Withdrawal,Spotify,USD,declined
2790,5369,"Apr 09, 2023",707.82,Debit,direct deposit,N/A,Shell,USD,failed
2791,5014,06/18/2024,6709.5,CREDIT,bills,bills,Target,USD,failed
2792,5236,13-Oct-2023,8769.95,Credit,wire transfer,Transfer,CVS Pharmacy,USD,FAILED
2793,5313,2023-01-23,-7243.46,DEBIT,shopping,shopping,Shell,USD,Pending
2794,5245,"May 13, 2023",7040.31,debit,utilities,Walmart,Walmart,USD,P
2795,5153,08-Feb-2024,4431.13,CREDIT,Airline,Airline,Walmart,USD,FAILED
2796,5188,2024-01-25,-5282.43,Debit,Shopping,Shopping,Apple,USD,Pending
2797,5067,01/13/2024,-7562.03,debit,payroll,United Airlines,United Airlines,USD,completed
2798,5074,08-Mar-2024,-3998.95,debit,medical,null,Google,USD,C
2799,5248,02/06/2023,-4031.39,DEBIT,utilities,Utilities,Google,USD,pending
2800,5164,10/05/2023,-9294.04,DEBIT,utilities,null,Google,USD,completed
2801,5177,2023-06-02,7551.57,CREDIT,Direct Deposit,Apple,Apple,USD,Complete
2802,5373,"Mar 21, 2023",9418.28,DR,atm,ATM Withdrawal,Netflix,USD,pending
2803,5225,2024-01-26,1552.43,Credit,direct deposit,,Apple,USD,P
2804,5041,10-Feb-2023,-1037.69,DEBIT,Transfer,Transfer,Spotify,USD,completed
2805,5058,2024-06-05,6806.63,debit,Airline,,Apple,USD,COMPLETED
2806,5358,"Jul 16, 2023",8716.48,debit,xfer,N/A,N/A,USD,Completed
2807,5136,29-Mar-2023,561.41,Credit,ATM,,,GBP,F
2808,5005,"Aug 11, 2023",6915.7,CREDIT,wire transfer,,Amazon,USD,F
2809,5184,29-Apr-2023,2517.09,credit,payroll,Payroll,Spotify,USD,C
2810,5369,2023-05-15,492.58,CREDIT,HOTEL,Walmart,Walmart,USD,completed
2811,5061,03/23/2023,8217.82,credit,healthcare,Shell,Shell,USD,completed
2812,5019,02/07/2024,9153.14,CR,Wire,Transfer,Shell,GBP,Declined
2813,5358,06-Feb-2023,-4743.5,debit,airline,Netflix,Netflix,EUR,Declined
2814,5371,01-Jul-2023,-5213.99,debit,Payroll,Payroll,Target,USD,Declined
2815,5121,2024-02-22,6385.78,Credit,food,Spotify,Spotify,USD,F
2816,5031,01/27/2023,7929.22,CR,transfer,transfer,Spotify,USD,P
2817,5267,03-Apr-2024,-3187.26,DEBIT,payroll,Whole Foods,Whole Foods,USD,Declined
2818,5023,"Jun 02, 2023",2476.43,Credit,medical,United Airlines,United Airlines,USD,P
2819,5033,03/27/2023,-666.6,Debit,food & drink,Food & Dining,Starbucks,USD,FAILED
2820,5219,2024-05-19,-5866.92,DR,HOTEL,HOTEL,,USD,C
2821,5028,30-May-2024,3406.49,Credit,utility,N/A,Walmart,USD,Failed
2822,5092,2023-02-26,2365.75,credit,CASH,unknown,Amazon,USD,Declined
2823,5078,2023-11-30,3623.5,DR,transfer,Transfer,United Airlines,USD,Declined
2824,5011,10/05/2023,-5935.83,Debit,restaurants,unknown,CVS Pharmacy,USD,Completed
2825,5397,"Jun 25, 2024",8435.98,CREDIT,healthcare,,Google,USD,pending
2826,5005,12/15/2023,4998.67,CREDIT,Shopping,Shopping,Amazon,USD,pending
2827,5321,11-Jul-2023,-6572.8,debit,Shopping,Shopping,Starbucks,USD,Failed
2828,5294,2023-10-22,2482.61,DR,transfer,,Spotify,USD,pending
2829,5048,05/01/2023,-5807.73,DR,xfer,Transfer,Whole Foods,USD,PENDING
2830,5227,2023-10-13,7285.07,CREDIT,TRANSFER,null,null,USD,Complete
2831,5253,12/14/2023,8307.79,CR,utility,utility,Apple,USD,Failed
2832,5165,"Feb 23, 2023",5310.45,debit,UTILITIES,United Airlines,United Airlines,EUR,declined
2833,5203,"Apr 28, 2024",1932.89,credit,purchase,Apple,Apple,USD,Complete
2834,5307,2023-05-20,4922.63,CR,Travel,Travel,Google,USD,PENDING
2835,5277,"Apr 02, 2023",-30.06,debit,food,Food & Dining,Walmart,USD,Failed
2836,5351,2023-01-26,4646.63,CREDIT,hotel,Travel,United Airlines,USD,PENDING
2837,5203,09/24/2023,-8510.16,DEBIT,direct deposit,direct deposit,United Airlines,EUR,FAILED
2838,5087,04/22/2024,4100.08,debit,TRAVEL,unknown,unknown,GBP,Declined
2839,5212,31-Dec-2023,1350.95,CREDIT,retail,retail,United Airlines,CAD,Declined
2840,5099,05-Apr-2024,1807.64,credit,DD,,Netflix,USD,pending
2841,5044,2023-11-08,2127.42,Credit,direct deposit,Payroll,United Airlines,USD,P
2842,5169,03/24/2024,-7390.41,DEBIT,shopping,Google,Google,USD,COMPLETED
2843,5364,17-Jan-2023,2713.07,CR,DINING,null,Whole Foods,USD,FAILED
2844,5338,2023-03-22,7500.39,Debit,Shopping,unknown,Google,USD,Completed
2845,5046,21-Jan-2023,8300.32,CR,medical,N/A,Target,USD,Pending
2846,5283,14-May-2023,-7771.05,debit,bills,Utilities,Apple,USD,FAILED
2847,5120,2024-02-13,-8394.13,DEBIT,bills,Amazon,Amazon,USD,C
2848,5311,06/27/2024,1306.6,CREDIT,Healthcare,Healthcare,Netflix,USD,Pending
2849,5340,"Jul 26, 2023",159.2,credit,dining,,Google,USD,Completed
2850,5039,01/03/2024,-8664.35,DEBIT,restaurants,Netflix,Netflix,USD,Pending
2851,5140,31-Mar-2023,7398.25,credit,utilities,utilities,Google,USD,declined
2852,5180,2023-01-25,-2113.33,debit,Airline,null,Amazon,USD,P
2853,5220,"Apr 02, 2024",3174.13,Credit,hotel,Travel,Apple,GBP,failed
2854,5113,06-Feb-2024,2064.91,DEBIT,airline,Travel,Walmart,USD,Declined
2855,5223,08/18/2023,3002.57,credit,cash,Google,Google,USD,failed
2856,5124,03/02/2024,715.26,CR,DD,Payroll,CVS Pharmacy,USD,F
2857,5199,2023-03-11,-281.06,DEBIT,Salary,Payroll,Google,USD,Declined
2858,5373,06/08/2023,6428.05,CREDIT,Retail,unknown,CVS Pharmacy,USD,PENDING
2859,5246,01/27/2024,2.4,CR,SHOPPING,,Walmart,USD,C
2860,5338,01/07/2023,6151.53,CREDIT,cash,unknown,Target,USD,PENDING
2861,5186,02/02/2024,3514.06,DEBIT,Cash,null,Netflix,USD,Pending
2862,5318,"Jan 02, 2024",3794.05,Debit,shopping,Shopping,Starbucks,USD,Pending
2863,5132,"Sep 24, 2023",3402.13,Credit,Hotel,,,USD,F
2864,5354,"Jun 18, 2023",2590.04,CREDIT,Travel,Travel,Netflix,USD,Declined
2865,5181,"Jun 14, 2024",6189.01,DEBIT,UTIL,UTIL,Spotify,USD,P
2866,5163,"Nov 15, 2023",-7629.89,DEBIT,PAYROLL,Payroll,United Airlines,CAD,P
2867,5365,2024-04-07,-8439.7,Debit,healthcare,Healthcare,CVS Pharmacy,USD,Pending
2868,5229,04/12/2024,7429.68,CREDIT,Bills,Utilities,United Airlines,USD,FAILED
2869,5251,2023-08-05,8025.22,CR,medical,medical,N/A,USD,declined
2870,5039,"May 01, 2023",3946.8,credit,medical,unknown,Google,USD,PENDING
2871,5202,"Jun 26, 2023",1712.31,Debit,transfer,unknown,Netflix,USD,Completed
2872,5352,"Apr 11, 2024",8000.14,CREDIT,Wire,Shell,Shell,GBP,FAILED
2873,5089,"Jul 16, 2023",5678.13,Credit,shopping,shopping,Whole Foods,USD,C
2874,5175,10/03/2023,4544.68,credit,ATM Withdrawal,ATM Withdrawal,Shell,USD,completed
2875,5286,"Apr 26, 2023",-4224.4,debit,Shopping,Shopping,CVS Pharmacy,USD,Declined
2876,5060,08/03/2023,8566.66,Credit,Wire,Starbucks,Starbucks,USD,Pending
2877,5005,08/17/2023,-2309.96,Debit,shopping,,,USD,C
2878,5358,"Feb 18, 2024",-7308.26,DEBIT,hotel,Travel,CVS Pharmacy,USD,Complete
2879,5049,06-May-2024,-4072.23,Debit,food & drink,food & drink,Walmart,USD,Pending
2880,5157,01/15/2024,-8687.24,DR,health,N/A,United Airlines,USD,failed
2881,5154,11/16/2023,289.37,Credit,payroll,payroll,CVS Pharmacy,USD,failed
2882,5014,01/22/2024,1336.6,DEBIT,Restaurants,Walmart,Walmart,USD,PENDING
2883,5135,2023-08-06,4093.8,Debit,Shopping,Shopping,Target,USD,COMPLETED
2884,5010,09-Aug-2023,5624.84,debit,CASH,Apple,Apple,USD,C
2885,5251,2024-03-12,-5309.15,DR,Wire,Transfer,N/A,USD,Declined
2886,5168,10/04/2023,161.96,Credit,MEDICAL,MEDICAL,Starbucks,USD,pending
2887,5001,01/02/2024,1863.09,credit,Airline,Travel,Shell,USD,F
2888,5350,2024-04-30,-8003.44,debit,Wire,,Starbucks,USD,failed
2889,5214,2023-11-21,-8633.39,DEBIT,ATM,ATM Withdrawal,Amazon,USD,pending
2890,5267,"Jan 14, 2023",3233.77,Credit,TRANSFER,unknown,unknown,USD,Complete
2891,5312,2023-11-03,-8024.15,DEBIT,Purchase,unknown,Amazon,USD,Completed
2892,5060,"Jan 16, 2024",-1914.68,debit,UTIL,UTIL,Shell,USD,declined
2893,5158,"Jan 18, 2023",411.47,CREDIT,salary,salary,Walmart,USD,COMPLETED
2894,5368,10/17/2023,8476.58,CR,food & drink,Apple,Apple,USD,Complete
2895,5291,"Apr 11, 2023",4874.87,credit,restaurants,unknown,United Airlines,USD,failed
2896,5014,2024-01-04,9331.75,CREDIT,ATM,Google,Google,USD,FAILED
2897,5097,2023-09-24,-134.08,Debit,cash,cash,Whole Foods,USD,PENDING
2898,5013,08-Aug-2023,1959.22,CREDIT,HOTEL,Google,Google,USD,Complete
2899,5355,05-Mar-2023,4945.25,credit,Airline,Travel,Amazon,USD,declined
2900,5141,2023-01-15,7064.68,Credit,Shopping,Shopping,Amazon,USD,C
2901,5264,2024-01-02,-6875.75,Debit,payroll,Walmart,Walmart,USD,failed
2902,5167,19-Jun-2023,8398.94,DR,SHOPPING,Shopping,Starbucks,USD,declined
2903,5080,"Apr 01, 2024",8658.54,Debit,food,N/A,Walmart,EUR,completed
2904,5057,"Apr 09, 2023",-1497.57,debit,Direct Deposit,Payroll,Target,USD,COMPLETED
2905,5064,02/02/2024,5354.42,debit,Health,Healthcare,Whole Foods,USD,completed
2906,5215,04/10/2024,-9326.55,DR,Medical,N/A,Netflix,USD,P
2907,5158,2023-04-12,2919.87,Debit,Direct Deposit,Starbucks,Starbucks,USD,Complete
2908,5263,"Jan 14, 2023",-5830.84,Debit,Purchase,Purchase,Whole Foods,GBP,Pending
2909,5229,2024-05-18,-250.63,Debit,ATM,Shell,Shell,USD,FAILED
2910,5236,05-Jun-2024,3226.59,CREDIT,wire transfer,wire transfer,United Airlines,GBP,failed
2911,5163,05/24/2023,4597.7,Debit,ATM,ATM Withdrawal,Apple,GBP,failed
2912,5083,24-Jan-2023,-723.59,Debit,cash,cash,Whole Foods,USD,Completed
2913,5160,12/10/2023,-9381.62,DEBIT,travel,Travel,Shell,USD,Complete
2914,5031,22-May-2023,2087.03,Credit,payroll,payroll,Starbucks,USD,completed
2915,5145,09/12/2023,-4771.14,debit,HOTEL,HOTEL,Spotify,USD,declined
2916,5245,"Apr 30, 2024",4061.08,CR,DINING,unknown,Apple,USD,FAILED
2917,5095,"Dec 26, 2023",5621.09,DEBIT,Health,CVS Pharmacy,CVS Pharmacy,USD,Failed
2918,5319,2024-01-25,6655.81,Credit,TRAVEL,Travel,Netflix,USD,PENDING
2919,5058,2023-04-19,2985.38,CREDIT,salary,salary,Walmart,USD,declined
2920,5248,01/09/2023,1222.44,Credit,PAYROLL,Payroll,Target,USD,F
2921,5156,"Aug 26, 2023",3860.27,credit,Utilities,Google,Google,USD,failed
2922,5158,28-Feb-2024,4634.02,CREDIT,Travel,,Walmart,CAD,P
2923,5233,"May 12, 2023",571.21,credit,bills,Utilities,Netflix,USD,COMPLETED
2924,5206,11/05/2023,-3831.06,DEBIT,atm,null,Google,USD,completed
2925,5144,"Apr 17, 2024",-8211.13,debit,hotel,Walmart,Walmart,USD,failed
2926,5158,10/13/2023,-1484.26,DEBIT,Food & Dining,null,Starbucks,USD,Failed
2927,5105,2024-02-20,-9090.44,DR,medical,unknown,Netflix,USD,completed
2928,5270,"Jun 22, 2023",6124.21,CR,HOTEL,United Airlines,United Airlines,USD,Pending
2929,5359,09-May-2023,6570.63,credit,airline,CVS Pharmacy,CVS Pharmacy,USD,completed
2930,5110,2023-12-10,3264.1,CR,DD,,Spotify,USD,declined
2931,5227,2023-02-26,3205.87,debit,DD,DD,Starbucks,USD,PENDING
2932,5089,26-Dec-2023,6064.35,CREDIT,ATM,ATM Withdrawal,Target,USD,Pending
2933,5188,"Dec 17, 2023",-8087.2,DEBIT,ATM Withdrawal,Target,Target,MXN,declined
2934,5080,04-Oct-2023,-2924.83,Debit,Bills,Utilities,Amazon,USD,Completed
2935,5215,"Oct 27, 2023",-4347.83,Debit,Healthcare,,Netflix,USD,Completed
2936,5319,26-Feb-2024,-4172.21,debit,airline,N/A,Google,USD,FAILED
2937,5319,19-Jul-2023,-3558.22,debit,ATM,Walmart,Walmart,GBP,C
2938,5343,12/26/2023,3771.34,DEBIT,atm,ATM Withdrawal,Apple,USD,P
2939,5292,2024-01-20,7094.27,DR,Hotel,N/A,Shell,USD,Pending
2940,5064,21-Jan-2024,8460.56,CREDIT,TRAVEL,TRAVEL,Walmart,USD,C
2941,5092,"Jul 03, 2023",7854.85,Credit,dining,,Amazon,USD,COMPLETED
2942,5085,27-May-2023,5870.42,CREDIT,Airline,Airline,CVS Pharmacy,USD,P
2943,5373,2024-02-12,4618.9,CR,food,Food & Dining,Netflix,USD,completed
2944,5033,07/31/2023,-1636.01,Debit,food & drink,food & drink,Target,USD,PENDING
2945,5253,10-Dec-2023,-2722.69,debit,Restaurants,N/A,Starbucks,USD,P
2946,5129,24-Feb-2024,-8020.42,Debit,Restaurants,Shell,Shell,USD,COMPLETED
2947,5240,"Sep 11, 2023",5586.18,Debit,utility,Utilities,Walmart,USD,C
2948,5243,2024-01-25,-1414.6,DR,Transfer,Walmart,Walmart,USD,Complete
2949,5251,04/21/2024,-5870.86,debit,DINING,N/A,Target,USD,Declined
2950,5096,2023-10-08,2551.69,DR,Health,null,Walmart,USD,Pending
2951,5386,"Feb 07, 2024",8184.12,CR,utilities,Walmart,Walmart,USD,completed
2952,5093,12/22/2023,4314.55,credit,CASH,CASH,Target,USD,declined
2953,5311,2023-05-26,5190.12,CREDIT,shopping,unknown,United Airlines,MXN,pending
2954,5192,"May 11, 2024",6364.27,CREDIT,atm,atm,Amazon,USD,Complete
2955,5340,2023-10-17,6964.52,CR,restaurants,Apple,Apple,USD,Declined
2956,5325,"Jul 06, 2023",-4963.74,debit,medical,Shell,Shell,USD,Complete
2957,5027,"Jan 26, 2023",7710.07,CREDIT,DINING,Food & Dining,Google,USD,C
2958,5241,2023-01-06,339.67,CR,cash,cash,Apple,USD,F
2959,5242,23-Oct-2023,-4739.3,Debit,TRAVEL,Google,Google,USD,C
2960,5081,05/25/2024,8322.09,Credit,Health,Health,Netflix,USD,F
2961,5159,"Jan 31, 2023",7583.15,CREDIT,TRAVEL,Travel,Apple,USD,failed
2962,5257,01/27/2023,2497.08,Credit,Food & Dining,CVS Pharmacy,CVS Pharmacy,USD,F
2963,5155,"Dec 04, 2023",-4597.6,Debit,atm,atm,Google,USD,COMPLETED
2964,5076,04/15/2023,2262.83,credit,SHOPPING,SHOPPING,Spotify,USD,Failed
2965,5227,"Sep 17, 2023",811.69,CREDIT,Shopping,Shopping,Netflix,USD,F
2966,5152,11/29/2023,-1894.1,debit,Xfer,null,Shell,USD,pending
2967,5381,11/09/2023,9273.61,Credit,travel,travel,CVS Pharmacy,USD,FAILED
2968,5294,"May 02, 2023",9247.1,CREDIT,xfer,Whole Foods,Whole Foods,USD,declined
2969,5033,"Jan 23, 2024",6164.0,credit,Hotel,unknown,United Airlines,USD,Completed
2970,5380,"Jul 08, 2023",3593.89,CREDIT,atm,ATM Withdrawal,Whole Foods,USD,FAILED
2971,5138,21-Jul-2023,-2819.9,Debit,PAYROLL,CVS Pharmacy,CVS Pharmacy,MXN,COMPLETED
2972,5093,2023-05-29,6457.73,CR,transfer,transfer,Walmart,USD,C
2973,5228,2023-07-28,3103.97,CREDIT,WIRE,WIRE,Shell,EUR,Complete
2974,5087,"Apr 30, 2024",2835.7,CREDIT,Transfer,Transfer,Shell,USD,failed
2975,5363,29-Oct-2023,6619.65,credit,Utilities,Whole Foods,Whole Foods,USD,PENDING
2976,5322,"Mar 29, 2023",2475.19,Credit,purchase,N/A,Walmart,USD,P
2977,5293,25-May-2023,-3782.17,DEBIT,ATM,Netflix,Netflix,USD,PENDING
2978,5061,03-Mar-2024,-4059.16,DEBIT,TRANSFER,TRANSFER,Starbucks,USD,FAILED
2979,5215,13-Dec-2023,2062.14,DR,Xfer,N/A,Google,USD,completed
2980,5221,04/13/2023,104.04,Credit,health,unknown,CVS Pharmacy,USD,PENDING
2981,5041,2023-05-11,4597.4,CREDIT,Airline,N/A,Target,USD,F
2982,5271,2023-11-06,-5907.41,DR,F&D,N/A,Starbucks,USD,COMPLETED
2983,5314,"Jul 20, 2023",6126.55,CR,TRANSFER,Netflix,Netflix,USD,PENDING
2984,5133,2023-01-15,6063.14,credit,transfer,Shell,Shell,USD,pending
2985,5053,"Mar 20, 2024",6707.32,DEBIT,xfer,United Airlines,United Airlines,USD,C
2986,5177,2024-03-26,5595.49,credit,health,Apple,Apple,GBP,pending
2987,5101,02/23/2024,-4840.29,Debit,restaurants,N/A,Whole Foods,USD,PENDING
2988,5263,"Aug 10, 2023",8868.1,CREDIT,Direct Deposit,,CVS Pharmacy,USD,Complete
2989,5263,"Jan 06, 2024",-7608.22,Debit,Health,Health,Google,USD,pending
2990,5208,30-Jun-2023,-730.78,DR,travel,Shell,Shell,USD,Complete
2991,5311,"Oct 03, 2023",453.69,CREDIT,purchase,purchase,Netflix,USD,F
2992,5032,17-Apr-2024,3169.16,DEBIT,cash,cash,Spotify,USD,completed
2993,5160,"May 02, 2023",-8651.49,DEBIT,PAYROLL,PAYROLL,CVS Pharmacy,USD,C
2994,5074,2024-01-05,-314.41,Debit,Airline,Airline,CVS Pharmacy,GBP,Pending
2995,5129,"Apr 17, 2024",8872.31,Credit,medical,,Apple,USD,Pending
2996,5040,01/01/2023,6688.23,credit,F&D,F&D,null,USD,C
2997,5209,04/16/2023,397.63,CR,Purchase,Purchase,Spotify,USD,Completed
2998,5301,2023-05-27,7192.34,debit,Shopping,null,null,USD,PENDING
2999,5132,04/01/2024,5436.23,CREDIT,cash,ATM Withdrawal,CVS Pharmacy,USD,C
3000,5314,05/21/2024,-6671.64,DR,Retail,Retail,United Airlines,USD,Complete
3001,5126,11/11/2023,629.93,Credit,Medical,Amazon,Amazon,USD,completed
3002,5107,02/12/2023,-7549.36,DEBIT,Wire,Amazon,Amazon,USD,failed
3003,5382,09/06/2023,9169.35,Credit,payroll,Payroll,Apple,USD,F
3004,5361,04/09/2024,7903.85,Debit,transfer,transfer,United Airlines,CAD,Complete
3005,5035,2024-06-24,9418.33,credit,medical,medical,Amazon,USD,declined
3006,5121,09/04/2023,-6459.6,Debit,MEDICAL,Shell,Shell,USD,pending
3007,5159,10/04/2023,5754.77,CREDIT,TRANSFER,null,CVS Pharmacy,USD,Complete
3008,5304,2024-02-06,7669.09,Credit,ATM Withdrawal,ATM Withdrawal,Target,USD,completed
3009,5244,"Dec 20, 2023",-3048.06,debit,xfer,xfer,Target,USD,Failed
3010,5175,08/30/2023,3638.6,Credit,Transfer,N/A,Netflix,USD,pending
3011,5164,10-Aug-2023,-8161.61,DR,Payroll,Netflix,Netflix,USD,FAILED
3012,5170,06-Jul-2023,16.34,CREDIT,food,null,Starbucks,USD,Failed
3013,5073,01/05/2023,541.9,CR,Airline,Airline,Apple,CAD,completed
3014,5370,04/07/2024,-5846.14,DEBIT,hotel,hotel,Amazon,GBP,Completed
3015,5354,"Oct 08, 2023",2181.51,credit,Transfer,Transfer,Spotify,USD,Failed
3016,5175,2024-04-03,8404.03,Credit,SHOPPING,unknown,unknown,MXN,F
3017,5311,03/12/2024,-6668.79,Debit,utilities,Utilities,United Airlines,USD,declined
3018,5085,15-May-2024,1524.44,Credit,Salary,Salary,Google,USD,failed
3019,5319,12-Jan-2024,3779.33,CREDIT,Medical,Google,Google,EUR,completed
3020,5385,11/02/2023,-8726.37,DR,hotel,Google,Google,USD,pending
3021,5150,04-Jun-2024,4070.47,CR,retail,unknown,Shell,USD,PENDING
3022,5371,2023-01-05,-5327.44,debit,Shopping,Shopping,Shell,USD,Pending
3023,5300,06-Jan-2023,1305.67,CREDIT,retail,retail,Amazon,USD,pending
3024,5135,2024-01-22,-441.62,debit,hotel,null,United Airlines,USD,Complete
3025,5260,07/07/2023,6802.53,CR,Shopping,Shopping,null,EUR,failed
3026,5315,11-Jun-2023,1661.25,Credit,ATM Withdrawal,Apple,Apple,USD,FAILED
3027,5196,"May 18, 2023",2313.83,credit,Hotel,Travel,Starbucks,USD,Pending
3028,5344,10-Apr-2023,5675.44,CREDIT,CASH,CASH,Netflix,USD,declined
3029,5324,21-Aug-2023,8205.26,credit,retail,Whole Foods,Whole Foods,USD,COMPLETED
3030,5069,"Apr 29, 2024",1233.49,credit,Shopping,Shopping,Starbucks,USD,F
3031,5033,2023-05-06,8490.12,Credit,xfer,Transfer,Spotify,USD,Pending
3032,5343,2023-01-03,5749.46,credit,DD,Payroll,Starbucks,USD,Declined
3033,5361,06-Jan-2024,-7377.38,DEBIT,hotel,hotel,Amazon,USD,Completed
3034,5347,"Jun 05, 2024",-8326.07,DR,payroll,payroll,Netflix,USD,Pending
3035,5169,05-Feb-2023,1135.47,credit,SHOPPING,,CVS Pharmacy,USD,F
3036,5239,01/03/2023,6245.34,credit,Hotel,Walmart,Walmart,MXN,Declined
3037,5052,"Jun 25, 2023",3609.45,CREDIT,Direct Deposit,null,Target,USD,FAILED
3038,5032,24-Feb-2024,3951.23,credit,atm,ATM Withdrawal,Apple,USD,pending
3039,5011,06/20/2024,4035.39,Credit,Cash,ATM Withdrawal,Apple,EUR,declined
3040,5320,09/23/2023,6730.76,credit,retail,CVS Pharmacy,CVS Pharmacy,USD,Failed
3041,5134,19-Jul-2023,6274.58,CR,Purchase,Shopping,Netflix,USD,Complete
3042,5375,"Apr 29, 2024",1074.37,credit,Travel,Whole Foods,Whole Foods,USD,declined
3043,5343,"Jun 13, 2023",891.65,DEBIT,utilities,Utilities,unknown,USD,COMPLETED
3044,5251,2024-05-30,2280.66,CR,Hotel,Hotel,Google,USD,failed
3045,5089,"Jun 26, 2023",-1720.79,DEBIT,DINING,Food & Dining,Walmart,GBP,pending
3046,5131,2023-12-28,-7629.87,Debit,travel,Travel,Spotify,GBP,FAILED
3047,5324,07/10/2023,1265.42,CR,PAYROLL,Payroll,Netflix,USD,Complete
3048,5254,2024-05-19,-2446.47,debit,Direct Deposit,unknown,Shell,USD,Complete
3049,5115,09/09/2023,-1095.46,Debit,retail,,Shell,USD,Failed
3050,5215,01/12/2024,-1669.83,debit,Salary,Payroll,Netflix,MXN,Declined
3051,5068,"Oct 02, 2023",7977.97,DR,dining,dining,Whole Foods,USD,Declined
3052,5295,"May 11, 2023",8442.15,credit,Xfer,Starbucks,Starbucks,USD,Completed
3053,5303,05/16/2023,-4833.47,DEBIT,xfer,CVS Pharmacy,CVS Pharmacy,USD,C
3054,5239,"May 31, 2023",-4650.72,DEBIT,Restaurants,Restaurants,Shell,USD,Failed
3055,5132,"Jan 02, 2023",3093.52,DEBIT,Salary,Shell,Shell,USD,P
3056,5035,10/27/2023,3012.88,DR,shopping,Shopping,Netflix,USD,C
3057,5122,"Mar 26, 2023",1475.77,credit,Airline,Google,Google,USD,C
3058,5270,13-Aug-2023,-4607.01,Debit,Bills,Bills,Shell,USD,COMPLETED
3059,5132,04/29/2023,-9221.58,debit,ATM Withdrawal,Walmart,Walmart,USD,PENDING
3060,5071,07/04/2023,-8127.17,debit,UTILITIES,,Shell,USD,Completed
3061,5346,02/23/2023,1532.19,CR,healthcare,Healthcare,Shell,USD,Completed
3062,5272,16-Dec-2023,-4370.92,Debit,utility,Walmart,Walmart,USD,declined
3063,5052,04-Mar-2023,4820.79,credit,purchase,purchase,Spotify,USD,P
3064,5062,23-May-2024,1282.44,DR,UTIL,Spotify,Spotify,USD,Complete
3065,5159,20-Jul-2023,5356.9,credit,UTIL,Utilities,Amazon,USD,Declined
3066,5290,08/09/2023,-1409.86,debit,ATM Withdrawal,ATM Withdrawal,CVS Pharmacy,USD,pending
3067,5099,08/15/2023,6155.8,CR,ATM Withdrawal,ATM Withdrawal,CVS Pharmacy,CAD,declined
3068,5249,2023-05-02,8651.87,CR,ATM,ATM,Walmart,USD,C
3069,5058,"May 30, 2024",-7269.98,DEBIT,Cash,null,Amazon,USD,Failed
3070,5299,"Mar 20, 2023",7753.3,credit,shopping,,Spotify,USD,P
3071,5296,01-Jan-2024,-3854.65,debit,Wire,,,USD,Completed
3072,5385,"May 28, 2023",3704.21,Credit,HOTEL,Shell,Shell,EUR,completed
3073,5013,"Feb 04, 2023",3667.0,CREDIT,restaurants,restaurants,Whole Foods,USD,P
3074,5139,04/06/2024,7618.52,credit,xfer,Transfer,Amazon,USD,COMPLETED
3075,5304,2023-03-21,3867.55,CR,atm,atm,Walmart,USD,Failed
3076,5340,17-Jun-2024,9072.83,debit,restaurants,Food & Dining,Amazon,USD,pending
3077,5233,29-Oct-2023,-3329.76,Debit,CASH,United Airlines,United Airlines,USD,PENDING
3078,5193,08/16/2023,5718.55,CREDIT,Wire,Shell,Shell,USD,FAILED
3079,5145,06/12/2023,-1513.31,DR,Bills,unknown,Target,USD,declined
3080,5358,05/08/2024,4684.11,debit,Healthcare,Healthcare,Shell,USD,C
3081,5371,24-Jun-2023,-5675.43,Debit,food & drink,food & drink,United Airlines,USD,PENDING
3082,5043,"Feb 12, 2024",2756.19,CR,restaurants,Food & Dining,N/A,USD,completed
3083,5179,25-Jan-2024,8435.97,CREDIT,shopping,Walmart,Walmart,USD,F
3084,5094,"Sep 19, 2023",3299.92,DEBIT,food,Food & Dining,Amazon,USD,P
3085,5263,04-Sep-2023,6823.88,CREDIT,retail,N/A,Shell,USD,Pending
3086,5392,04/04/2024,-1264.23,Debit,Airline,,Starbucks,USD,P
3087,5086,"May 03, 2024",4894.23,CR,Retail,null,null,USD,declined
3088,5247,"Jul 05, 2023",539.85,CREDIT,shopping,United Airlines,United Airlines,USD,Pending
3089,5056,04/21/2023,-8603.33,DEBIT,utility,,Apple,USD,Pending
3090,5088,"Aug 10, 2023",193.57,CREDIT,travel,Walmart,Walmart,EUR,PENDING
3091,5029,2024-01-11,1721.57,Credit,UTILITIES,Utilities,Apple,USD,C
3092,5160,22-Feb-2024,5907.27,DEBIT,payroll,Payroll,CVS Pharmacy,USD,pending
3093,5291,2023-08-16,6935.32,DEBIT,CASH,CASH,Whole Foods,USD,FAILED
3094,5249,01/29/2023,5026.23,CR,travel,,CVS Pharmacy,USD,Complete
3095,5327,2023-04-19,-5426.05,Debit,health,Healthcare,Walmart,GBP,pending
3096,5327,03/29/2024,490.55,CR,Airline,Airline,,USD,Pending
3097,5323,2024-02-12,8232.35,DR,Health,Healthcare,CVS Pharmacy,USD,PENDING
3098,5032,01/22/2023,-8732.65,Debit,Transfer,Transfer,Netflix,USD,Pending
3099,5050,2023-02-06,7233.25,credit,TRANSFER,Transfer,Starbucks,USD,F
3100,5196,19-Apr-2024,4923.02,credit,MEDICAL,Walmart,Walmart,USD,completed
3101,5042,03/11/2024,1705.82,CREDIT,UTILITIES,Starbucks,Starbucks,EUR,P
3102,5324,31-Jan-2024,-4238.19,debit,Wire,N/A,Starbucks,MXN,Pending
3103,5168,2023-02-06,2617.16,credit,CASH,Starbucks,Starbucks,USD,FAILED
3104,5239,20-Dec-2023,-9337.35,Debit,Shopping,Shopping,Whole Foods,USD,Complete
3105,5060,2024-04-19,4780.77,credit,SHOPPING,N/A,Target,USD,completed
3106,5354,07/31/2023,-2234.27,DR,ATM,ATM,Netflix,USD,P
3107,5382,2024-05-15,-8664.27,debit,dining,null,Whole Foods,USD,pending
3108,5201,2024-04-04,-5393.19,DR,healthcare,Healthcare,Spotify,EUR,C
3109,5366,19-May-2024,2829.85,CREDIT,Wire,Shell,Shell,USD,declined
3110,5209,"Dec 19, 2023",6811.46,credit,HOTEL,HOTEL,Target,MXN,failed
3111,5090,17-Jun-2024,-1388.06,Debit,airline,Shell,Shell,USD,COMPLETED
3112,5256,2023-11-09,-6541.95,DEBIT,Salary,Salary,Amazon,USD,failed
3113,5052,11/04/2023,-3949.89,DEBIT,Bills,Bills,Netflix,USD,COMPLETED
3114,5128,"Nov 09, 2023",-2325.37,DR,Purchase,Netflix,Netflix,USD,F
3115,5248,"Jan 13, 2024",6313.46,Credit,PAYROLL,,Whole Foods,USD,completed
3116,5314,2023-03-21,4341.4,credit,Purchase,Walmart,Walmart,USD,FAILED
3117,5396,2024-06-25,7958.58,CREDIT,Wire,Transfer,Target,USD,Pending
3118,5280,2024-04-18,371.96,DR,Medical,Shell,Shell,USD,declined
3119,5225,21-May-2023,612.3,credit,wire transfer,,,USD,Complete
3120,5008,"Feb 06, 2023",-4637.67,DR,Cash,Cash,Apple,USD,P
3121,5005,2024-06-22,-8203.45,DR,Cash,ATM Withdrawal,Google,USD,C
3122,5127,03/23/2023,3227.86,CR,dining,,Starbucks,USD,FAILED
3123,5150,05/18/2023,-7544.32,DEBIT,Utilities,Utilities,Whole Foods,USD,pending
3124,5255,04-Nov-2023,5132.5,CREDIT,CASH,null,Shell,USD,C
3125,5127,"Oct 27, 2023",1269.9,CR,hotel,hotel,Shell,USD,COMPLETED
3126,5148,15-Dec-2023,2804.13,DEBIT,Purchase,,,USD,completed
3127,5057,"Apr 29, 2024",-7602.19,debit,hotel,unknown,Netflix,USD,declined
3128,5066,2024-03-17,7457.32,CREDIT,ATM Cash,ATM Withdrawal,Google,USD,FAILED
3129,5344,"May 11, 2023",3337.5,CREDIT,Purchase,Purchase,Shell,USD,PENDING
3130,5250,08/12/2023,7763.01,CREDIT,transfer,Transfer,Walmart,USD,FAILED
3131,5060,03/06/2023,1159.13,Credit,hotel,United Airlines,United Airlines,USD,Declined
3132,5289,2023-06-30,-823.08,DEBIT,wire transfer,unknown,CVS Pharmacy,USD,declined
3133,5036,08/25/2023,8398.23,credit,Purchase,Starbucks,Starbucks,USD,pending
3134,5082,2024-05-10,4033.61,Credit,bills,bills,Target,USD,declined
3135,5282,"Mar 06, 2024",1455.96,CR,Airline,null,Whole Foods,USD,F
3136,5071,18-Feb-2023,344.2,credit,hotel,N/A,Netflix,USD,P
3137,5169,2023-10-09,3994.11,Credit,payroll,Walmart,Walmart,USD,pending
3138,5388,2023-11-22,1617.24,Debit,Payroll,Payroll,Google,USD,F
3139,5210,2023-09-13,6505.36,CREDIT,atm,N/A,Apple,USD,Declined
3140,5182,13-Feb-2024,6605.2,Credit,Xfer,Apple,Apple,MXN,failed
3141,5165,05-Oct-2023,-282.69,DEBIT,Direct Deposit,Payroll,CVS Pharmacy,USD,failed
3142,5151,03/06/2024,953.53,DR,purchase,N/A,Whole Foods,USD,Complete
3143,5021,12/07/2023,-4402.2,DR,hotel,Amazon,Amazon,USD,Completed
3144,5234,01/26/2024,424.76,CREDIT,medical,,Shell,USD,completed
3145,5025,"Mar 06, 2024",3289.0,Credit,Medical,Starbucks,Starbucks,USD,Declined
3146,5055,09/23/2023,6388.96,Credit,transfer,Netflix,Netflix,GBP,Failed
3147,5396,02/02/2024,-51.78,debit,Food & Dining,Food & Dining,Apple,EUR,Failed
3148,5111,"May 29, 2023",5381.09,Credit,travel,travel,Netflix,USD,completed
3149,5212,2023-12-07,8052.95,CR,food,Food & Dining,Google,USD,P
3150,5017,16-Jun-2024,4176.15,Debit,Health,Health,Walmart,USD,failed
3151,5266,"Aug 19, 2023",-1020.76,DR,cash,null,Walmart,USD,Complete
3152,5040,"Jul 31, 2023",8558.37,credit,WIRE,N/A,Google,USD,F
3153,5094,12/19/2023,2347.61,CREDIT,retail,Netflix,Netflix,USD,pending
3154,5386,10-Mar-2024,3642.66,CR,Shopping,Shopping,Shell,USD,pending
3155,5089,"Apr 06, 2023",1154.98,debit,UTIL,Google,Google,USD,Failed
3156,5213,06/01/2024,-4236.15,DEBIT,hotel,Travel,Starbucks,USD,P
3157,5251,2023-08-11,7202.61,CREDIT,ATM,Starbucks,Starbucks,USD,Completed
3158,5112,"Mar 08, 2023",-1976.77,DR,Shopping,Shopping,United Airlines,USD,P
3159,5252,09/30/2023,8403.68,credit,salary,Whole Foods,Whole Foods,GBP,Declined
3160,5045,27-Jan-2023,-7377.31,Debit,Medical,unknown,United Airlines,USD,F
3161,5081,"Feb 13, 2023",4739.42,Credit,health,N/A,CVS Pharmacy,EUR,C
3162,5160,2023-04-08,1929.04,credit,Restaurants,Food & Dining,Google,USD,Complete
3163,5344,10/09/2023,-3186.32,Debit,restaurants,restaurants,CVS Pharmacy,USD,Declined
3164,5028,05-Aug-2023,-4153.42,DR,Transfer,,Netflix,USD,P
3165,5261,"May 25, 2024",3322.38,CR,Airline,Travel,Spotify,USD,completed
3166,5150,30-Mar-2023,-3959.58,debit,Airline,Travel,Apple,USD,Completed
3167,5276,29-Jul-2023,-4685.66,DR,ATM Cash,ATM Cash,Apple,USD,Completed
3168,5011,23-Aug-2023,8923.6,Credit,Cash,ATM Withdrawal,Target,USD,completed
3169,5140,22-Jun-2023,9478.09,credit,dining,Target,Target,USD,PENDING
3170,5224,24-Feb-2023,-9400.32,DR,utility,utility,Netflix,USD,F
3171,5368,"May 04, 2024",-7341.57,DR,Restaurants,unknown,unknown,USD,PENDING
3172,5193,05-Jun-2023,-3185.74,DR,Xfer,Xfer,Walmart,USD,declined
3173,5341,06/08/2024,8354.4,CREDIT,utility,Utilities,Walmart,USD,Completed
3174,5267,"Dec 06, 2023",454.41,Debit,Restaurants,unknown,unknown,USD,COMPLETED
3175,5125,2024-05-17,-738.35,Debit,utilities,null,CVS Pharmacy,USD,Declined
3176,5202,"Jun 16, 2023",-7445.03,DEBIT,WIRE,WIRE,Walmart,USD,PENDING
3177,5137,"May 17, 2023",8487.23,CREDIT,wire transfer,wire transfer,CVS Pharmacy,USD,completed
3178,5116,28-May-2023,-6293.49,DEBIT,Payroll,Payroll,United Airlines,USD,Failed
3179,5203,"Feb 06, 2024",-874.01,debit,Cash,null,Netflix,USD,COMPLETED
3180,5395,08/08/2023,6615.13,credit,hotel,Travel,Walmart,USD,PENDING
3181,5195,04-May-2024,6051.23,CR,dining,Google,Google,EUR,Pending
3182,5094,"Mar 29, 2024",1.74,Credit,Direct Deposit,Amazon,Amazon,USD,pending
3183,5175,11/11/2023,-5157.04,DEBIT,Wire,Wire,Spotify,USD,Completed
3184,5108,"May 25, 2023",5253.07,CR,Cash,Whole Foods,Whole Foods,USD,Pending
3185,5378,05/17/2024,-8156.96,DR,purchase,N/A,N/A,USD,FAILED
3186,5215,2023-10-22,8654.76,Debit,Utilities,Utilities,Starbucks,EUR,COMPLETED
3187,5216,"Feb 07, 2024",-6576.34,debit,Direct Deposit,Direct Deposit,Google,USD,completed
3188,5147,06/04/2023,-1685.32,DEBIT,medical,Healthcare,unknown,USD,PENDING
3189,5036,"Mar 04, 2023",2423.89,DR,DINING,unknown,Whole Foods,USD,Failed
3190,5126,"Aug 18, 2023",4802.49,CR,utilities,utilities,Whole Foods,USD,Pending
3191,5263,05/06/2023,5294.68,credit,airline,airline,Google,USD,Pending
3192,5020,2024-05-17,5162.95,CREDIT,Bills,N/A,Spotify,USD,P
3193,5131,"Feb 18, 2024",-8830.9,Debit,restaurants,null,null,USD,COMPLETED
3194,5369,"Jun 07, 2023",5996.56,credit,Health,,CVS Pharmacy,USD,F
3195,5397,"Feb 28, 2024",6661.95,credit,airline,Spotify,Spotify,USD,declined
3196,5221,"May 28, 2024",314.48,CR,utilities,utilities,null,USD,C
3197,5072,02-Feb-2024,-6737.55,DEBIT,Transfer,Transfer,United Airlines,USD,P
3198,5275,10/08/2023,7166.03,DEBIT,Wire,CVS Pharmacy,CVS Pharmacy,EUR,PENDING
3199,5207,07/28/2023,7272.28,CREDIT,Retail,,,USD,Declined
3200,5117,06/04/2024,-7360.63,debit,retail,Apple,Apple,USD,failed
3201,5161,"Jan 17, 2023",-8276.85,DEBIT,Shopping,Shell,Shell,USD,C
3202,5116,"Oct 21, 2023",9418.29,DR,shopping,,Google,USD,COMPLETED
3203,5077,06/14/2023,-4078.73,DR,CASH,CASH,Shell,USD,Completed
3204,5006,"Jun 01, 2023",-1291.07,debit,Travel,unknown,Spotify,USD,FAILED
3205,5289,2023-09-07,-1029.47,DR,food & drink,food & drink,United Airlines,USD,F
3206,5020,05/24/2024,61.76,credit,purchase,purchase,Shell,CAD,Declined
3207,5074,22-Sep-2023,3381.9,Debit,DD,Google,Google,USD,F
3208,5043,2023-07-14,812.16,Credit,Purchase,Whole Foods,Whole Foods,USD,pending
3209,5299,"Dec 01, 2023",-126.96,DR,dining,dining,,USD,pending
3210,5058,2023-03-07,8090.3,credit,cash,,Whole Foods,USD,Failed
3211,5308,08/23/2023,2616.98,DR,ATM,N/A,N/A,MXN,Completed
3212,5185,2023-05-28,-450.63,debit,wire transfer,wire transfer,Spotify,USD,failed
3213,5210,24-Feb-2023,-7071.04,DR,DD,Payroll,Starbucks,USD,Failed
3214,5124,14-Mar-2024,-4361.57,Debit,SHOPPING,,Shell,USD,C
3215,5272,2024-04-28,-3792.15,debit,food & drink,United Airlines,United Airlines,USD,C
3216,5321,05-Feb-2024,100.87,CREDIT,wire transfer,,Apple,EUR,pending
3217,5029,04-Jan-2024,5867.34,CREDIT,food & drink,null,United Airlines,USD,P
3218,5295,2023-08-06,-5544.97,DEBIT,airline,airline,Spotify,USD,Pending
3219,5079,"Mar 26, 2023",8044.84,debit,health,Healthcare,Starbucks,USD,declined
3220,5392,2023-11-12,6418.3,credit,ATM Withdrawal,ATM Withdrawal,Apple,USD,pending
3221,5332,2024-03-02,4607.65,credit,atm,atm,Whole Foods,USD,completed
3222,5135,01/14/2024,4662.81,debit,atm,unknown,Whole Foods,USD,C
3223,5325,2023-06-07,-3039.64,DR,Retail,Shopping,Shell,USD,Completed
3224,5367,2024-01-04,7160.04,CREDIT,Purchase,Amazon,Amazon,USD,C
3225,5114,2023-12-08,5318.71,CR,travel,Google,Google,MXN,declined
3226,5272,2024-06-16,6362.54,credit,wire transfer,United Airlines,United Airlines,USD,C
3227,5057,"Apr 10, 2024",36.42,CREDIT,Transfer,unknown,United Airlines,USD,P
3228,5284,06-Jan-2024,6337.28,DR,DD,Payroll,Shell,USD,COMPLETED
3229,5340,08/23/2023,8766.23,Credit,direct deposit,,Target,USD,pending
3230,5138,"Jun 06, 2024",-5002.15,DEBIT,payroll,payroll,Whole Foods,USD,FAILED
3231,5172,03-Mar-2023,1963.84,credit,purchase,N/A,Whole Foods,GBP,completed
3232,5056,03/30/2024,4609.41,Credit,DINING,null,Spotify,USD,COMPLETED
3233,5384,"Jun 29, 2023",5896.02,credit,UTILITIES,UTILITIES,Walmart,USD,declined
3234,5088,21-Dec-2023,-8996.56,DEBIT,Purchase,,Google,USD,C
3235,5008,"Jun 24, 2024",4246.91,Credit,Airline,Travel,Apple,MXN,FAILED
3236,5250,12/22/2023,-4173.8,debit,Medical,Starbucks,Starbucks,USD,completed
3237,5045,"Jun 02, 2024",2477.4,Debit,food & drink,food & drink,Netflix,USD,C
3238,5281,"Sep 15, 2023",9146.64,credit,food,unknown,unknown,USD,Failed
3239,5061,08-Nov-2023,2018.06,CREDIT,DD,N/A,N/A,USD,Failed
3240,5049,10/10/2023,-1038.06,DEBIT,Health,null,Whole Foods,USD,pending
3241,5266,2023-10-04,1916.07,credit,food,CVS Pharmacy,CVS Pharmacy,MXN,PENDING
3242,5329,15-Apr-2023,966.69,credit,DD,Google,Google,USD,P
3243,5397,2023-07-13,-3645.39,Debit,airline,Netflix,Netflix,MXN,Complete
3244,5267,2024-06-15,-7864.05,Debit,Wire,Transfer,Apple,USD,PENDING
3245,5009,2023-11-16,-2382.79,debit,Medical,Healthcare,Google,USD,P
3246,5043,06/09/2024,2005.32,DR,airline,airline,CVS Pharmacy,MXN,Complete
3247,5255,2023-08-16,-8142.66,Debit,MEDICAL,Shell,Shell,EUR,PENDING
3248,5120,01-Jan-2024,8012.01,CREDIT,UTIL,UTIL,Amazon,USD,Failed
3249,5240,2023-07-14,918.13,CREDIT,DD,unknown,United Airlines,USD,Declined
3250,5032,01/27/2023,4437.53,CREDIT,TRAVEL,Travel,Google,USD,declined
3251,5199,2023-10-25,5776.49,Credit,TRANSFER,TRANSFER,Starbucks,USD,FAILED
3252,5185,10/23/2023,387.82,Debit,Cash,CVS Pharmacy,CVS Pharmacy,USD,declined
3253,5294,04-Nov-2023,5370.14,credit,retail,retail,CVS Pharmacy,USD,Failed
3254,5139,03/31/2024,-3783.02,Debit,hotel,null,Whole Foods,USD,PENDING
3255,5209,03/09/2024,4314.16,debit,purchase,N/A,Whole Foods,USD,Pending
3256,5108,"Sep 26, 2023",2863.11,Credit,ATM,Shell,Shell,USD,Failed
3257,5260,23-Jun-2024,4037.59,Credit,bills,bills,Shell,USD,Completed
3258,5320,07/16/2023,-2365.26,Debit,Purchase,null,null,USD,F
3259,5195,"Mar 06, 2024",-9052.17,Debit,F&D,Shell,Shell,USD,pending
3260,5054,18-Jan-2023,370.47,debit,food,Whole Foods,Whole Foods,USD,completed
3261,5092,04/09/2023,4864.72,CREDIT,MEDICAL,null,Target,EUR,Declined
3262,5119,2023-05-17,-9491.81,DEBIT,Health,Apple,Apple,GBP,Pending
3263,5064,07-Feb-2024,-4691.06,debit,HOTEL,Travel,Apple,USD,Complete
3264,5092,2024-03-08,1859.88,DR,PAYROLL,PAYROLL,United Airlines,USD,Complete
3265,5368,02/01/2024,334.39,CREDIT,Utilities,Utilities,CVS Pharmacy,USD,Complete
3266,5361,"Apr 13, 2023",3237.64,CR,SHOPPING,Shopping,Target,CAD,declined
3267,5094,"Aug 09, 2023",2700.45,Credit,Retail,Shopping,Spotify,USD,Failed
3268,5371,2024-01-18,-6611.0,DR,dining,Walmart,Walmart,USD,P
3269,5350,16-Apr-2024,1119.13,credit,Salary,Payroll,,USD,Pending
3270,5173,04/26/2023,4937.75,Credit,hotel,hotel,Whole Foods,USD,declined
3271,5243,05-Feb-2023,-7364.43,DR,cash,Netflix,Netflix,USD,Complete
3272,5036,02-Apr-2023,8680.99,CREDIT,healthcare,,Spotify,MXN,Complete
3273,5315,"Feb 17, 2024",7509.38,credit,Purchase,Shopping,CVS Pharmacy,USD,failed
3274,5024,"Jul 29, 2023",-4379.55,debit,DINING,DINING,Spotify,USD,Pending
3275,5267,11/03/2023,-8565.49,DEBIT,UTIL,Walmart,Walmart,USD,FAILED
3276,5281,19-Mar-2024,-1320.86,debit,F&D,Food & Dining,Apple,USD,failed
3277,5295,2023-04-29,7582.9,credit,Shopping,null,null,USD,Completed
3278,5341,23-Mar-2023,-2530.01,Debit,utility,Utilities,United Airlines,USD,declined
3279,5094,"Jun 25, 2023",-4296.78,DEBIT,Medical,Healthcare,Whole Foods,USD,Declined
3280,5149,"May 10, 2023",5100.71,DEBIT,Payroll,Google,Google,GBP,F
3281,5321,"Jul 10, 2023",4780.08,credit,Hotel,,Starbucks,USD,completed
3282,5133,13-Jun-2023,-16.21,debit,dining,Food & Dining,Walmart,MXN,completed
3283,5241,2023-12-16,1115.22,Credit,utilities,N/A,CVS Pharmacy,GBP,Completed
3284,5158,08/30/2023,-8749.86,Debit,HOTEL,Travel,CVS Pharmacy,USD,failed
3285,5059,28-Nov-2023,2158.82,CREDIT,utilities,unknown,United Airlines,EUR,F
3286,5129,10-Mar-2023,-665.44,DR,utilities,utilities,Google,USD,COMPLETED
3287,5212,18-Mar-2024,-3496.2,debit,Utilities,Utilities,Apple,USD,Complete
3288,5039,"Dec 31, 2023",-3255.52,DR,Health,Health,Starbucks,USD,Pending
3289,5043,05-Nov-2023,1746.45,Debit,shopping,shopping,Starbucks,USD,Declined
3290,5367,04/02/2024,2429.51,CREDIT,utility,utility,Netflix,USD,Pending
3291,5091,2023-05-03,-9303.22,debit,Travel,Whole Foods,Whole Foods,USD,C
3292,5021,2023-06-09,-9309.63,debit,direct deposit,unknown,Amazon,USD,Complete
3293,5073,"May 24, 2024",6182.39,DEBIT,restaurants,,Target,USD,Complete
3294,5212,01-Nov-2023,-8859.4,Debit,Cash,Starbucks,Starbucks,USD,Complete
3295,5199,05/13/2024,-6155.15,DR,MEDICAL,null,Apple,USD,Failed
3296,5264,02/23/2024,8477.12,Credit,Utilities,Utilities,Spotify,EUR,Declined
3297,5232,2023-01-02,9025.04,CR,CASH,United Airlines,United Airlines,USD,Declined
3298,5309,2023-10-17,1137.35,CREDIT,wire transfer,wire transfer,United Airlines,USD,P
3299,5145,"Dec 01, 2023",-278.84,Debit,Cash,ATM Withdrawal,Google,USD,C
3300,5399,03/28/2023,3634.71,CREDIT,F&D,Whole Foods,Whole Foods,USD,PENDING
3301,5271,"Feb 17, 2023",8407.76,debit,purchase,Shopping,Google,USD,completed
3302,5095,2023-02-20,-2020.22,Debit,Cash,Cash,Shell,USD,Failed
3303,5321,06/07/2023,1449.12,Credit,dining,dining,Netflix,USD,Complete
3304,5296,"Jan 03, 2024",6638.33,CR,TRANSFER,TRANSFER,Whole Foods,USD,PENDING
3305,5283,24-Apr-2024,8950.83,Credit,medical,medical,unknown,USD,COMPLETED
3306,5304,01/28/2024,-989.39,DEBIT,Medical,Healthcare,Starbucks,USD,declined
3307,5207,"Jun 08, 2023",-5014.92,DEBIT,F&D,F&D,Google,USD,Completed
3308,5089,2024-06-10,1981.41,DEBIT,TRANSFER,Transfer,Starbucks,USD,F
3309,5039,2024-03-24,-8481.93,debit,healthcare,Shell,Shell,GBP,C
3310,5123,24-Jun-2023,7845.1,debit,travel,Travel,Apple,USD,F
3311,5210,30-Mar-2023,-2025.27,DR,MEDICAL,Healthcare,Netflix,USD,declined
3312,5336,14-Mar-2024,-2285.76,debit,utilities,Utilities,Apple,MXN,Completed
3313,5125,05/02/2024,1665.34,CREDIT,healthcare,Shell,Shell,USD,declined
3314,5274,"Aug 04, 2023",7623.71,CR,Shopping,Walmart,Walmart,USD,F
3315,5398,2023-10-12,7814.03,CR,medical,Healthcare,Target,USD,F
3316,5031,02-Jul-2023,4953.92,CREDIT,wire transfer,Transfer,Netflix,USD,declined
3317,5062,"Feb 24, 2023",3648.44,Credit,xfer,xfer,Spotify,GBP,P
3318,5304,"Jan 16, 2023",-9137.56,Debit,xfer,null,Walmart,USD,Declined
3319,5196,"Feb 09, 2024",-4303.95,Debit,DINING,Food & Dining,Netflix,USD,P
3320,5040,23-Jul-2023,-4737.65,debit,UTIL,,,USD,Complete
3321,5001,01-Feb-2023,1564.63,credit,cash,ATM Withdrawal,Target,USD,Declined
3322,5379,"Nov 05, 2023",-2604.01,DR,Utilities,Utilities,Shell,USD,C
3323,5297,2023-01-17,5612.48,Credit,food,Amazon,Amazon,USD,completed
3324,5317,"Jan 08, 2024",1882.83,CR,TRANSFER,Transfer,Walmart,USD,pending
3325,5360,04/19/2023,-6871.95,DEBIT,Health,Healthcare,Netflix,USD,declined
3326,5307,"Jun 18, 2024",5044.31,credit,TRAVEL,TRAVEL,Spotify,USD,Complete
3327,5400,10/15/2023,-530.59,Debit,direct deposit,Payroll,CVS Pharmacy,USD,F
3328,5114,24-Feb-2024,9168.12,credit,utility,unknown,unknown,USD,completed
3329,5245,"Jun 11, 2023",-8495.74,debit,Utilities,Utilities,Netflix,MXN,Declined
3330,5225,2023-05-18,7473.7,CREDIT,wire transfer,Apple,Apple,USD,PENDING
3331,5021,10-Jan-2024,-7856.3,DR,travel,Travel,Google,USD,failed
3332,5220,2023-11-20,3986.72,credit,medical,,Target,MXN,Completed
3333,5054,06/18/2024,5947.41,Credit,food & drink,null,CVS Pharmacy,USD,COMPLETED
3334,5186,14-Dec-2023,4374.6,Credit,ATM Withdrawal,ATM Withdrawal,Spotify,USD,Declined
3335,5265,03-Mar-2024,6387.13,Credit,Wire,Wire,Whole Foods,USD,COMPLETED
3336,5304,05/22/2024,1243.28,debit,shopping,Shopping,Spotify,USD,Failed
3337,5008,2023-10-15,-2349.89,DR,Food & Dining,Food & Dining,Apple,USD,declined
3338,5156,2023-02-13,3162.54,CR,Retail,unknown,unknown,GBP,Failed
3339,5029,"May 27, 2023",2577.45,credit,Travel,Whole Foods,Whole Foods,USD,P
3340,5387,"Jul 12, 2023",3882.0,DR,healthcare,Healthcare,CVS Pharmacy,USD,PENDING
3341,5364,2024-04-13,-5678.8,DEBIT,shopping,Spotify,Spotify,USD,Declined
3342,5140,2024-04-18,-915.65,Debit,xfer,unknown,unknown,GBP,Pending
3343,5174,11-Feb-2023,1549.69,credit,Retail,Shopping,Spotify,USD,completed
3344,5116,2023-04-26,-4382.9,DEBIT,bills,Utilities,Target,USD,Complete
3345,5142,"Nov 14, 2023",9356.47,credit,bills,bills,null,USD,C
3346,5244,06/29/2024,6913.03,CR,Health,N/A,Apple,USD,declined
3347,5117,08/27/2023,-2298.79,DEBIT,Food & Dining,Food & Dining,Whole Foods,USD,FAILED
3348,5022,2023-11-26,5340.64,Credit,Salary,Payroll,CVS Pharmacy,MXN,FAILED
3349,5370,05/27/2024,4236.75,CREDIT,Salary,Amazon,Amazon,USD,pending
3350,5374,16-Jun-2023,6584.93,debit,Retail,Spotify,Spotify,USD,Completed
3351,5013,"Feb 26, 2023",-2605.46,DR,direct deposit,direct deposit,Shell,USD,PENDING
3352,5191,03/20/2024,8400.82,debit,ATM Cash,ATM Cash,Spotify,USD,Failed
3353,5359,"Jan 23, 2023",4365.64,CR,shopping,shopping,Amazon,EUR,Completed
3354,5344,"Aug 10, 2023",2653.45,Credit,CASH,CVS Pharmacy,CVS Pharmacy,USD,pending
3355,5252,02-May-2024,3686.31,Credit,Salary,Salary,Starbucks,USD,pending
3356,5333,"Jun 04, 2024",-4192.98,DEBIT,dining,Apple,Apple,USD,pending
3357,5154,01/11/2024,2632.58,Credit,transfer,Apple,Apple,USD,completed
3358,5205,"Dec 21, 2023",6337.08,Credit,atm,null,Netflix,USD,P
3359,5202,"Sep 04, 2023",2601.25,CR,payroll,payroll,CVS Pharmacy,USD,Failed
3360,5229,"Mar 21, 2023",-640.41,Debit,restaurants,unknown,United Airlines,USD,failed
3361,5366,"Oct 17, 2023",3140.53,CREDIT,ATM,ATM,Starbucks,USD,COMPLETED
3362,5036,02/19/2024,-7330.71,DR,UTIL,Utilities,Walmart,USD,C
3363,5037,"Aug 28, 2023",5850.06,CR,CASH,,Google,USD,Pending
3364,5056,17-Sep-2023,3894.25,CR,health,health,Google,USD,Failed
3365,5213,04/19/2024,9459.59,CREDIT,food,null,Target,USD,C
3366,5040,"May 17, 2023",-9089.69,Debit,Salary,Salary,Netflix,USD,declined
3367,5163,04/28/2023,-2266.36,Debit,MEDICAL,Healthcare,Walmart,EUR,P
3368,5026,03-Mar-2023,7094.09,debit,ATM,Apple,Apple,USD,Pending
3369,5229,2024-05-12,6523.48,Debit,UTIL,UTIL,Apple,USD,pending
3370,5200,"Sep 26, 2023",-5582.82,DEBIT,UTIL,Spotify,Spotify,USD,P
3371,5140,12/09/2023,4505.29,Credit,healthcare,unknown,unknown,USD,declined
3372,5154,06-Feb-2024,-5358.1,debit,DD,unknown,Amazon,USD,P
3373,5102,"Feb 25, 2023",-8758.29,DR,healthcare,healthcare,Netflix,USD,C
3374,5138,"Nov 04, 2023",-780.93,DEBIT,healthcare,Target,Target,USD,Failed
3375,5126,15-Feb-2023,1361.63,CREDIT,TRANSFER,Transfer,Apple,USD,Complete
3376,5197,2024-06-05,-3085.38,DR,Payroll,Payroll,CVS Pharmacy,USD,F
3377,5276,2024-04-07,3532.62,debit,HOTEL,N/A,United Airlines,USD,Complete
3378,5147,04/20/2024,-1528.1,DEBIT,Direct Deposit,Payroll,Apple,USD,F
3379,5032,"Aug 02, 2023",9351.63,CREDIT,atm,null,Google,USD,Complete
3380,5029,31-Dec-2023,-1654.04,DEBIT,retail,retail,Target,USD,completed
3381,5070,"Mar 23, 2023",9050.2,Credit,ATM Withdrawal,ATM Withdrawal,Amazon,USD,C
3382,5057,11-May-2023,-197.98,debit,Retail,Starbucks,Starbucks,USD,C
3383,5377,"Apr 25, 2024",5724.05,credit,Purchase,N/A,Shell,USD,Complete
3384,5060,12-Feb-2023,1495.32,CREDIT,ATM Withdrawal,unknown,Spotify,USD,P
3385,5147,"Jan 16, 2024",946.59,debit,utility,utility,Shell,CAD,pending
3386,5098,2023-07-11,328.38,credit,hotel,Travel,Target,USD,COMPLETED
3387,5121,25-Mar-2024,-4905.28,debit,ATM Cash,unknown,Google,USD,Completed
3388,5194,11/17/2023,5350.84,DEBIT,food,Target,Target,USD,F
3389,5014,2023-06-26,8189.54,CR,TRANSFER,TRANSFER,Amazon,USD,COMPLETED
3390,5066,2023-02-26,1247.81,Credit,shopping,Amazon,Amazon,USD,pending
3391,5197,14-Mar-2023,-7940.23,DEBIT,travel,Travel,CVS Pharmacy,USD,F
3392,5063,13-May-2024,418.77,CREDIT,bills,,Netflix,USD,FAILED
3393,5220,09-Feb-2023,9007.47,DR,Cash,null,null,USD,Completed
3394,5202,2023-07-24,-4399.2,debit,CASH,null,Starbucks,USD,Failed
3395,5132,18-Nov-2023,3625.74,CR,Medical,unknown,Apple,USD,Failed
3396,5062,12-Oct-2023,-4798.26,debit,CASH,CASH,CVS Pharmacy,USD,PENDING
3397,5262,10/05/2023,164.78,Debit,travel,travel,Google,USD,PENDING
3398,5219,"Jun 18, 2023",-9466.58,DEBIT,ATM Cash,,Walmart,USD,pending
3399,5189,"Apr 17, 2024",4152.92,debit,health,health,Walmart,USD,failed
3400,5375,2023-10-02,5920.29,Credit,airline,Spotify,Spotify,USD,Completed
3401,5066,2024-02-09,819.77,CREDIT,healthcare,null,Amazon,USD,Pending
3402,5256,12/13/2023,936.77,credit,hotel,hotel,Netflix,USD,PENDING
3403,5028,2023-10-15,3688.16,CREDIT,direct deposit,direct deposit,Whole Foods,USD,P
3404,5188,"Nov 02, 2023",-1682.0,DR,xfer,null,Walmart,USD,Complete
3405,5118,"May 13, 2024",449.57,DR,food,Food & Dining,Spotify,USD,COMPLETED
3406,5243,2023-08-27,-5073.49,Debit,Transfer,unknown,United Airlines,USD,FAILED
3407,5012,2023-11-04,5854.65,CREDIT,Wire,Wire,Walmart,USD,P
3408,5296,2023-05-13,-9376.55,DR,Transfer,null,Whole Foods,USD,Pending
3409,5115,"Jul 22, 2023",-1073.29,Debit,healthcare,Healthcare,Walmart,USD,failed
3410,5244,24-Nov-2023,4104.34,CREDIT,MEDICAL,MEDICAL,United Airlines,USD,COMPLETED
3411,5015,02-Mar-2024,7350.93,Credit,ATM Withdrawal,ATM Withdrawal,,USD,failed
3412,5360,16-Apr-2024,-5951.1,DEBIT,Retail,Retail,Amazon,USD,C
3413,5286,03-Sep-2023,4186.76,CR,transfer,Transfer,Whole Foods,USD,PENDING
3414,5299,"Jul 12, 2023",-751.39,DR,cash,ATM Withdrawal,CVS Pharmacy,USD,completed
3415,5004,20-Aug-2023,1658.65,CR,Payroll,CVS Pharmacy,CVS Pharmacy,USD,PENDING
3416,5388,2023-09-25,5953.35,debit,WIRE,Transfer,,GBP,Complete
3417,5123,03/02/2023,1116.49,debit,CASH,CASH,Google,USD,completed
3418,5182,21-Mar-2023,7294.91,DEBIT,Cash,unknown,Starbucks,USD,completed
3419,5266,"Nov 14, 2023",5447.82,Credit,MEDICAL,Shell,Shell,CAD,PENDING
3420,5023,04/17/2023,-7050.5,Debit,salary,salary,Whole Foods,USD,Declined
3421,5382,"Jan 20, 2024",-1153.12,DR,Retail,Shopping,United Airlines,USD,pending
3422,5374,"Jun 11, 2023",-6403.87,DR,HOTEL,Starbucks,Starbucks,USD,Declined
3423,5306,2024-04-05,5704.8,CR,hotel,Travel,Google,USD,declined
3424,5237,11/22/2023,4983.02,Credit,F&D,Whole Foods,Whole Foods,USD,PENDING
3425,5396,10/17/2023,-4123.6,DR,transfer,unknown,unknown,USD,C
3426,5207,01/04/2023,773.81,Credit,shopping,Shopping,N/A,USD,failed
3427,5171,10-Jun-2024,-7589.91,debit,TRAVEL,N/A,Shell,USD,pending
3428,5317,2023-08-12,4733.09,CR,restaurants,,Apple,USD,COMPLETED
3429,5097,2023-03-27,-2680.06,DEBIT,Purchase,CVS Pharmacy,CVS Pharmacy,USD,P
3430,5381,02/11/2024,1063.01,Debit,travel,United Airlines,United Airlines,USD,Complete
3431,5217,"Jan 18, 2024",-992.4,DR,Restaurants,Restaurants,Netflix,USD,P
3432,5341,"May 19, 2024",8458.99,credit,food,null,United Airlines,USD,Completed
3433,5033,2023-03-20,-4415.82,Debit,travel,travel,Walmart,GBP,COMPLETED
3434,5041,2023-09-06,308.35,DR,Wire,,Starbucks,GBP,declined
3435,5362,09/20/2023,3873.79,CREDIT,xfer,xfer,Target,USD,declined
3436,5175,01/08/2024,7541.43,credit,Wire,Transfer,United Airlines,USD,FAILED
3437,5101,27-Jan-2024,-4869.53,DR,utilities,utilities,Starbucks,USD,Pending
3438,5092,"Nov 21, 2023",9334.88,Credit,food,unknown,Amazon,GBP,Failed
3439,5219,06-May-2024,7811.64,credit,travel,Target,Target,USD,P
3440,5222,2023-10-09,-2053.47,debit,wire transfer,Google,Google,USD,Completed
3441,5194,2023-08-02,-6755.95,DR,cash,ATM Withdrawal,CVS Pharmacy,USD,Completed
3442,5154,"Apr 17, 2023",-7276.5,DEBIT,Cash,ATM Withdrawal,Starbucks,USD,FAILED
3443,5313,04/11/2023,164.3,credit,CASH,CASH,Whole Foods,CAD,Declined
3444,5201,05/11/2023,-9469.06,DR,retail,Google,Google,CAD,Failed
3445,5381,04/21/2023,7308.59,Credit,cash,cash,United Airlines,USD,F
3446,5273,"Apr 26, 2023",5915.04,credit,utility,unknown,Walmart,USD,pending
3447,5063,23-Mar-2024,-5891.99,Debit,dining,Food & Dining,Google,MXN,Complete
3448,5375,"Aug 03, 2023",782.94,CREDIT,shopping,shopping,Netflix,USD,FAILED
3449,5160,"Dec 29, 2023",-6828.35,debit,Restaurants,Food & Dining,CVS Pharmacy,USD,F
3450,5220,06/19/2023,-5094.01,DR,ATM,,United Airlines,GBP,Completed
3451,5109,06/19/2024,6104.77,CR,health,health,Google,USD,declined
3452,5072,05/22/2023,8132.88,Credit,PAYROLL,Walmart,Walmart,USD,C
3453,5054,28-Oct-2023,-8871.78,DEBIT,shopping,Shopping,CVS Pharmacy,USD,PENDING
3454,5218,11/16/2023,-2554.83,DEBIT,UTIL,Shell,Shell,MXN,Complete
3455,5091,10-Sep-2023,2840.31,Credit,ATM Withdrawal,Walmart,Walmart,USD,declined
3456,5003,"Apr 05, 2024",-8759.95,Debit,hotel,Travel,Apple,USD,declined
3457,5220,"Mar 09, 2024",7521.39,Debit,ATM Withdrawal,ATM Withdrawal,CVS Pharmacy,MXN,C
3458,5314,10/20/2023,-2677.36,Debit,TRAVEL,Travel,Netflix,USD,Pending
3459,5385,2024-03-11,-488.61,debit,CASH,CASH,Apple,USD,COMPLETED
3460,5019,13-May-2023,-5948.47,DEBIT,shopping,N/A,Apple,CAD,Failed
3461,5042,2023-08-05,-4654.53,Debit,DINING,Food & Dining,Walmart,USD,F
3462,5345,06/21/2023,-5678.41,Debit,Cash,Spotify,Spotify,USD,F
3463,5314,"Sep 14, 2023",4097.06,Debit,utilities,Utilities,CVS Pharmacy,EUR,Completed
3464,5120,07-May-2024,-1006.01,DR,WIRE,WIRE,Amazon,USD,failed
3465,5026,"Dec 01, 2023",-801.42,DR,wire transfer,,,USD,Failed
3466,5144,"Apr 23, 2023",1045.7,debit,WIRE,WIRE,Netflix,USD,PENDING
3467,5065,12/19/2023,-1387.77,DR,food,N/A,Whole Foods,USD,P
3468,5339,12-Mar-2024,-3185.16,Debit,travel,null,Spotify,USD,completed
3469,5298,2023-11-06,491.27,credit,HOTEL,HOTEL,Google,USD,Pending
3470,5097,2023-08-13,2117.12,Debit,health,Starbucks,Starbucks,USD,F
3471,5324,30-Mar-2023,-5064.73,DR,SHOPPING,SHOPPING,Apple,USD,P
3472,5239,27-Feb-2023,611.79,credit,Healthcare,Google,Google,USD,Failed
3473,5364,"Apr 28, 2023",6744.96,CREDIT,CASH,,Whole Foods,USD,pending
3474,5157,2023-05-03,838.74,DEBIT,Direct Deposit,Payroll,Spotify,USD,Declined
3475,5056,05-Jan-2023,5275.13,DEBIT,healthcare,Healthcare,Starbucks,USD,failed
3476,5264,2024-05-28,4756.06,CREDIT,WIRE,Spotify,Spotify,USD,C
3477,5123,15-Feb-2024,-2563.05,DEBIT,restaurants,N/A,N/A,USD,Completed
3478,5269,02/17/2023,9081.6,CREDIT,Transfer,Transfer,Walmart,USD,declined
3479,5098,03/29/2023,-5596.89,DR,medical,Healthcare,null,USD,PENDING
3480,5178,"Jan 03, 2023",7777.57,DR,retail,Shopping,,USD,Completed
3481,5295,04/18/2023,-3511.12,Debit,Hotel,,Shell,GBP,C
3482,5297,"Oct 06, 2023",3395.66,Credit,Purchase,,Google,USD,FAILED
3483,5368,2023-12-07,2430.49,credit,Direct Deposit,Payroll,United Airlines,USD,PENDING
3484,5322,2024-01-20,-560.74,debit,utilities,N/A,N/A,USD,FAILED
3485,5217,2023-05-12,1642.45,credit,utility,utility,Google,USD,FAILED
3486,5226,"Apr 19, 2024",-8385.73,debit,Healthcare,null,Starbucks,USD,pending
3487,5359,"Jan 20, 2023",8263.41,CREDIT,Restaurants,Food & Dining,Shell,USD,COMPLETED
3488,5174,2023-09-20,5178.56,CR,DD,United Airlines,United Airlines,USD,Failed
3489,5316,"Jan 19, 2023",-267.46,debit,xfer,xfer,Spotify,USD,failed
3490,5381,2024-01-19,1041.39,CR,ATM Cash,N/A,Apple,USD,declined
3491,5207,02/04/2024,-3388.58,DEBIT,medical,Healthcare,N/A,USD,Declined
3492,5393,25-Nov-2023,87.01,CREDIT,HOTEL,Target,Target,USD,F
3493,5030,04/29/2024,-4138.39,DR,airline,airline,Spotify,USD,PENDING
3494,5062,2024-03-04,1960.81,Credit,healthcare,Healthcare,United Airlines,USD,PENDING
3495,5323,2024-04-03,3958.83,credit,ATM Cash,ATM Cash,United Airlines,USD,Pending
3496,5336,09/24/2023,4298.31,debit,ATM Cash,ATM Withdrawal,Apple,USD,Completed
3497,5086,"Nov 29, 2023",-2617.13,DR,Utilities,Utilities,null,USD,P
3498,5395,01/17/2024,-1076.22,DEBIT,utilities,N/A,United Airlines,MXN,Pending
3499,5099,"Apr 20, 2023",2259.41,Debit,Direct Deposit,Spotify,Spotify,USD,Pending
3500,5267,04/23/2024,3648.6,Credit,Wire,Transfer,Target,USD,pending
3501,5389,2024-06-09,30.68,credit,dining,dining,Starbucks,USD,F
3502,5386,2024-01-12,987.4,Credit,transfer,null,null,USD,Failed
3503,5366,"Mar 16, 2023",9440.95,CREDIT,direct deposit,unknown,Google,USD,COMPLETED
3504,5177,"Jul 26, 2023",7916.38,Debit,medical,Google,Google,USD,completed
3505,5324,03/31/2024,3273.5,Debit,Retail,Retail,,USD,C
3506,5092,13-May-2023,870.74,DEBIT,Bills,Utilities,Whole Foods,USD,F
3507,5307,04/07/2024,-628.52,Debit,ATM,ATM Withdrawal,Spotify,USD,pending
3508,5242,03/15/2024,451.89,credit,PAYROLL,Payroll,Google,USD,Completed
3509,5040,11-Feb-2023,9079.68,DR,Transfer,Amazon,Amazon,USD,Declined
3510,5199,03/03/2024,3291.44,CREDIT,Health,Health,Apple,CAD,PENDING
3511,5396,2024-06-26,5450.56,debit,UTILITIES,N/A,Starbucks,USD,F
3512,5210,2024-03-22,4495.14,DEBIT,Retail,Target,Target,USD,pending
3513,5121,2023-03-16,6234.08,Credit,ATM Cash,ATM Withdrawal,Spotify,USD,pending
3514,5018,05-Jun-2024,5169.71,Debit,salary,Starbucks,Starbucks,USD,C
3515,5233,11/06/2023,-7459.26,DEBIT,DD,Payroll,Starbucks,USD,failed
3516,5189,04/19/2024,-7058.17,DR,cash,ATM Withdrawal,unknown,EUR,C
3517,5120,13-May-2023,7464.99,credit,Hotel,Spotify,Spotify,USD,C
3518,5188,"May 31, 2023",5425.86,CR,Purchase,N/A,Amazon,EUR,PENDING
3519,5327,08/11/2023,5335.99,Credit,dining,Food & Dining,United Airlines,USD,FAILED
3520,5246,2023-12-18,1100.53,Credit,bills,bills,Apple,USD,declined
3521,5371,2023-11-25,2244.95,CREDIT,dining,null,null,USD,P
3522,5061,"Dec 21, 2023",2519.39,CREDIT,TRANSFER,TRANSFER,Apple,CAD,completed
3523,5241,07-Feb-2024,4389.92,DEBIT,CASH,Starbucks,Starbucks,USD,pending
3524,5180,03/27/2023,3258.72,credit,salary,salary,Google,USD,P
3525,5134,2023-11-26,3170.28,Debit,SHOPPING,SHOPPING,Whole Foods,EUR,Completed
3526,5184,09/08/2023,-227.08,Debit,restaurants,Amazon,Amazon,USD,declined
3527,5036,05/26/2024,-8698.25,debit,medical,medical,Whole Foods,USD,pending
3528,5363,23-Feb-2024,-574.41,debit,Airline,unknown,Shell,USD,COMPLETED
3529,5188,12/25/2023,1341.5,CREDIT,food,N/A,N/A,USD,Complete
3530,5130,"Jul 23, 2023",2456.04,Credit,Health,unknown,unknown,USD,declined
3531,5223,02-Nov-2023,2000.82,Debit,Payroll,,Starbucks,CAD,COMPLETED
3532,5010,22-Dec-2023,-9316.56,DR,SHOPPING,Shopping,Shell,USD,COMPLETED
3533,5199,10/19/2023,3350.74,Credit,Shopping,Shopping,unknown,USD,P
3534,5258,16-Oct-2023,-1423.77,DR,bills,bills,United Airlines,USD,P
3535,5177,2023-10-19,304.86,Credit,Direct Deposit,unknown,Starbucks,USD,Declined
3536,5120,31-Mar-2024,-6061.21,DEBIT,dining,Food & Dining,,USD,COMPLETED
3537,5333,2023-10-28,5416.61,CR,dining,Food & Dining,Netflix,USD,declined
3538,5135,"Jun 04, 2024",-953.74,debit,retail,Starbucks,Starbucks,USD,failed
3539,5023,2023-11-12,4745.13,CR,xfer,Shell,Shell,USD,FAILED
3540,5206,14-Jun-2023,1089.93,CR,cash,ATM Withdrawal,United Airlines,USD,C
3541,5358,05/04/2024,-2239.27,DEBIT,Health,Shell,Shell,CAD,COMPLETED
3542,5240,"Jan 25, 2024",2643.27,Credit,HOTEL,unknown,United Airlines,USD,P
3543,5176,2024-03-05,4211.69,Credit,utility,Utilities,unknown,USD,pending
3544,5266,"Jan 13, 2024",2952.45,credit,shopping,shopping,Starbucks,USD,Pending
3545,5209,09/11/2023,1647.06,credit,Direct Deposit,Payroll,Netflix,USD,F
3546,5138,11-Mar-2023,-506.6,debit,payroll,Payroll,CVS Pharmacy,EUR,Pending
3547,5352,05/01/2024,-9443.41,DEBIT,Healthcare,Healthcare,Amazon,USD,COMPLETED
3548,5132,11/26/2023,-8130.64,debit,ATM Withdrawal,,Amazon,USD,P
3549,5330,"Jan 07, 2024",6956.68,DEBIT,Airline,Travel,Starbucks,USD,COMPLETED
3550,5198,"Apr 21, 2023",-7533.27,DR,purchase,purchase,Amazon,USD,Failed
3551,5236,"Jun 02, 2023",7162.19,credit,ATM Cash,ATM Cash,Netflix,USD,Complete
3552,5155,11-Oct-2023,-5531.02,debit,shopping,,Netflix,USD,FAILED
3553,5305,"May 28, 2024",-5293.13,Debit,DINING,Target,Target,USD,Failed
3554,5152,"Apr 22, 2023",5695.33,CR,salary,salary,Whole Foods,USD,pending
3555,5327,2023-01-19,8511.1,Debit,Healthcare,Healthcare,N/A,USD,failed
3556,5326,06/26/2023,-4002.41,Debit,Travel,Travel,Shell,USD,Failed
3557,5076,02-Jun-2023,1149.84,credit,atm,atm,Whole Foods,USD,F
3558,5090,2023-06-03,4701.91,DEBIT,utilities,utilities,United Airlines,USD,P
3559,5269,25-Mar-2023,5148.92,Debit,direct deposit,N/A,Netflix,USD,F
3560,5203,"May 03, 2023",432.23,DR,travel,Whole Foods,Whole Foods,USD,FAILED
3561,5349,2023-07-02,3275.68,DEBIT,xfer,Amazon,Amazon,USD,P
3562,5313,"May 19, 2024",1571.18,CREDIT,direct deposit,Whole Foods,Whole Foods,USD,P
3563,5187,"Feb 23, 2023",9293.95,Credit,UTILITIES,Utilities,Amazon,USD,Declined
3564,5332,"Sep 10, 2023",-4631.87,DR,dining,null,Shell,USD,completed
3565,5373,2023-11-21,2150.49,Credit,airline,airline,Spotify,USD,Complete
3566,5274,10/26/2023,4150.34,CR,food & drink,unknown,Spotify,USD,FAILED
3567,5269,03-May-2023,6427.38,DR,CASH,CASH,Spotify,CAD,COMPLETED
3568,5135,"May 17, 2023",4054.15,Credit,hotel,Travel,Walmart,USD,completed
3569,5058,04/01/2024,3136.71,CR,Purchase,CVS Pharmacy,CVS Pharmacy,USD,completed
3570,5023,"Mar 04, 2024",-8231.88,debit,Airline,unknown,Google,USD,failed
3571,5252,2024-06-15,-173.38,DEBIT,restaurants,Food & Dining,Apple,USD,P
3572,5110,2023-08-18,8533.99,credit,payroll,payroll,Apple,USD,Failed
3573,5321,07/18/2023,4841.24,debit,restaurants,null,Walmart,USD,FAILED
3574,5113,2023-04-22,-5426.8,debit,CASH,null,Netflix,USD,FAILED
3575,5187,04/18/2024,-6595.22,Debit,utilities,utilities,Spotify,USD,declined
3576,5359,"Feb 10, 2024",5490.98,DR,UTILITIES,UTILITIES,CVS Pharmacy,USD,declined
3577,5021,"Aug 16, 2023",-5499.02,DEBIT,Wire,unknown,unknown,USD,Declined
3578,5132,10/07/2023,1140.88,debit,payroll,CVS Pharmacy,CVS Pharmacy,USD,Pending
3579,5236,08/23/2023,9422.97,CR,food,food,Starbucks,USD,Completed
3580,5068,06/15/2023,4606.07,CREDIT,TRAVEL,N/A,Shell,USD,F
3581,5374,"May 31, 2023",8220.31,Credit,Utilities,null,null,USD,Declined
3582,5120,2023-06-12,4172.26,CR,medical,CVS Pharmacy,CVS Pharmacy,USD,pending
3583,5014,"Dec 27, 2023",8786.18,CREDIT,utility,utility,Amazon,USD,C
3584,5354,06/30/2024,5944.61,credit,health,health,United Airlines,USD,Failed
3585,5048,2024-05-24,-3701.71,debit,airline,Travel,Amazon,EUR,PENDING
3586,5360,2024-04-27,-9423.95,Debit,Utilities,N/A,Starbucks,USD,failed
3587,5382,02/18/2023,1767.53,credit,utilities,utilities,Apple,CAD,PENDING
3588,5133,"Oct 26, 2023",-6268.55,DEBIT,SHOPPING,SHOPPING,CVS Pharmacy,USD,C
3589,5145,"Mar 24, 2024",-4328.78,DR,travel,Travel,Amazon,MXN,Complete
3590,5242,"Mar 15, 2024",-4300.66,Debit,atm,N/A,Netflix,CAD,Failed
3591,5015,13-Mar-2023,9336.27,credit,cash,ATM Withdrawal,Whole Foods,USD,Pending
3592,5223,2024-05-04,1644.18,Debit,Transfer,Transfer,Google,USD,Complete
3593,5163,03/05/2024,9192.42,DEBIT,ATM Cash,Netflix,Netflix,USD,Completed
3594,5371,04/12/2023,8414.72,DEBIT,ATM Withdrawal,ATM Withdrawal,Walmart,USD,COMPLETED
3595,5150,2024-05-08,3980.21,CR,Health,N/A,N/A,USD,COMPLETED
3596,5306,30-Sep-2023,8317.87,credit,restaurants,Food & Dining,Apple,USD,C
3597,5378,04/15/2023,5352.37,credit,medical,Healthcare,Walmart,USD,P
3598,5370,"Oct 06, 2023",2373.26,credit,Medical,null,null,USD,F
3599,5350,12/22/2023,2396.48,credit,utility,,Shell,USD,FAILED
3600,5312,04/30/2024,8205.6,CR,atm,null,null,USD,Failed
3601,5128,01-May-2023,1754.99,CREDIT,ATM Cash,Apple,Apple,USD,failed
3602,5007,"Sep 11, 2023",5477.84,CREDIT,dining,dining,CVS Pharmacy,USD,Complete
3603,5317,01/20/2024,4942.01,CR,HOTEL,Travel,United Airlines,USD,pending
3604,5219,07/05/2023,-4587.42,debit,health,health,CVS Pharmacy,USD,Failed
3605,5371,25-Apr-2023,2605.84,credit,Hotel,Shell,Shell,MXN,Completed
3606,5348,07/06/2023,-3632.75,DEBIT,wire transfer,wire transfer,Starbucks,GBP,P
3607,5115,"Dec 02, 2023",6736.54,Credit,Healthcare,Walmart,Walmart,CAD,declined
3608,5262,"Feb 20, 2024",-5906.02,debit,Bills,Utilities,Amazon,USD,failed
3609,5135,2023-08-23,6631.34,Credit,Purchase,Shopping,United Airlines,USD,P
3610,5345,"Sep 27, 2023",-1910.13,DEBIT,Retail,Target,Target,USD,Completed
3611,5271,2024-05-13,4804.03,CR,SHOPPING,unknown,Netflix,USD,FAILED
3612,5215,"Jun 11, 2024",3135.96,CR,F&D,F&D,Google,CAD,F
3613,5093,"Mar 27, 2023",-9444.11,DEBIT,HOTEL,Travel,Apple,USD,pending
3614,5021,"Jun 17, 2024",3223.9,Credit,Purchase,Shell,Shell,USD,F
3615,5369,"Aug 26, 2023",4431.39,credit,ATM Cash,Shell,Shell,USD,COMPLETED
3616,5243,2024-04-09,8838.83,DR,food,Food & Dining,Spotify,USD,Declined
3617,5189,"May 09, 2023",-252.84,DEBIT,TRAVEL,Travel,Starbucks,USD,pending
3618,5352,02/16/2024,8189.9,CREDIT,Direct Deposit,Direct Deposit,Netflix,USD,FAILED
3619,5116,08/21/2023,5524.14,CREDIT,xfer,xfer,Spotify,USD,FAILED
3620,5005,2024-02-08,3058.46,CR,medical,Healthcare,,USD,COMPLETED
3621,5275,"Mar 26, 2023",-187.04,DR,Food & Dining,Amazon,Amazon,USD,C
3622,5356,13-Mar-2023,-9057.27,DR,healthcare,healthcare,Spotify,USD,Pending
3623,5032,29-Mar-2023,7723.54,CREDIT,atm,atm,CVS Pharmacy,USD,PENDING
3624,5038,2024-04-20,3747.18,DEBIT,Health,Healthcare,Amazon,EUR,F
3625,5385,"Apr 30, 2024",-4166.58,DEBIT,food,Starbucks,Starbucks,USD,Failed
3626,5060,05/14/2024,4330.34,Credit,Shopping,Shopping,Whole Foods,USD,Declined
3627,5164,08/20/2023,3585.12,DEBIT,salary,,Apple,MXN,Pending
3628,5054,"Nov 02, 2023",-2662.59,DR,Wire,Wire,Whole Foods,USD,failed
3629,5067,2024-03-31,1514.78,DR,Healthcare,Healthcare,Shell,USD,COMPLETED
3630,5034,2023-03-24,1228.16,CREDIT,DD,null,Amazon,USD,Pending
3631,5140,2024-05-14,-7520.44,DEBIT,food & drink,Spotify,Spotify,USD,Pending
3632,5076,03/14/2023,357.93,CR,DINING,,Walmart,USD,Completed
3633,5148,05/15/2023,9084.02,debit,transfer,Transfer,Shell,USD,Completed
3634,5031,"Jun 22, 2024",2980.99,CREDIT,Salary,Salary,Netflix,USD,COMPLETED
3635,5085,"Feb 26, 2023",2530.36,CR,purchase,,,USD,Complete
3636,5308,"May 28, 2023",-8241.26,debit,utility,utility,Starbucks,USD,FAILED
3637,5124,12/09/2023,6011.12,CREDIT,bills,Utilities,Shell,USD,C
3638,5238,05/09/2024,-2909.3,debit,Food & Dining,Food & Dining,CVS Pharmacy,USD,Pending
3639,5176,08/07/2023,8004.78,Credit,Cash,Cash,United Airlines,USD,Pending
3640,5030,11-Mar-2024,-5030.66,Debit,UTIL,N/A,Walmart,USD,C
3641,5218,09-May-2024,-9016.1,debit,purchase,purchase,Walmart,USD,Completed
3642,5109,2024-05-21,-7733.87,DEBIT,Transfer,Transfer,Shell,USD,Declined
3643,5298,05-Sep-2023,6304.62,debit,Payroll,unknown,United Airlines,USD,Pending
3644,5168,"Jun 17, 2024",1547.05,CR,PAYROLL,Shell,Shell,USD,Pending
3645,5355,03/21/2024,9204.57,CR,direct deposit,direct deposit,Walmart,USD,F
3646,5185,2023-05-14,-4192.19,Debit,health,United Airlines,United Airlines,USD,COMPLETED
3647,5098,06/05/2024,5786.67,DEBIT,xfer,Google,Google,USD,PENDING
3648,5256,"Apr 05, 2024",1680.59,Credit,Utilities,Utilities,Whole Foods,CAD,F
3649,5118,"Mar 11, 2023",6073.78,CR,hotel,N/A,CVS Pharmacy,USD,Complete
3650,5032,"Mar 20, 2024",3383.0,CREDIT,retail,Shopping,Apple,MXN,Pending
3651,5347,16-May-2024,272.03,CR,utility,Walmart,Walmart,USD,failed
3652,5065,2024-06-20,-5055.71,debit,Bills,Walmart,Walmart,USD,F
3653,5181,"Jan 08, 2024",4690.93,credit,Transfer,Transfer,Spotify,USD,completed
3654,5191,2024-06-24,4636.49,CR,food,food,Amazon,USD,declined
3655,5213,2024-06-03,-1111.21,Debit,utility,United Airlines,United Airlines,USD,failed
3656,5036,"Apr 09, 2023",-7298.6,debit,MEDICAL,MEDICAL,Target,USD,FAILED
3657,5398,2023-03-10,-794.75,Debit,salary,N/A,Walmart,USD,F
3658,5127,05/10/2023,3472.42,credit,Retail,Amazon,Amazon,USD,P
3659,5314,2023-03-04,6772.14,Credit,Retail,Walmart,Walmart,USD,Declined
3660,5203,"Aug 03, 2023",4988.15,CR,TRANSFER,TRANSFER,Spotify,USD,Pending
3661,5011,24-Nov-2023,3436.07,credit,direct deposit,Target,Target,USD,declined
3662,5227,"Jan 04, 2023",-2431.89,debit,airline,CVS Pharmacy,CVS Pharmacy,GBP,F
3663,5248,04/23/2023,1234.88,Credit,Health,Healthcare,Walmart,USD,C
3664,5171,28-Aug-2023,-7397.89,debit,Payroll,Starbucks,Starbucks,USD,Pending
3665,5275,2023-11-05,1256.39,CR,DINING,Food & Dining,Target,USD,pending
3666,5388,20-Mar-2024,3190.28,Credit,TRAVEL,Travel,Starbucks,USD,FAILED
3667,5302,02/09/2023,4643.98,credit,medical,Healthcare,Netflix,USD,pending
3668,5107,11-Oct-2023,-7926.22,debit,Direct Deposit,CVS Pharmacy,CVS Pharmacy,USD,COMPLETED
3669,5118,"Apr 16, 2024",2002.94,CR,UTIL,UTIL,Netflix,USD,COMPLETED
3670,5083,2023-12-07,-250.49,Debit,UTIL,UTIL,United Airlines,USD,Complete
3671,5266,"Sep 18, 2023",-2088.18,debit,travel,Google,Google,USD,COMPLETED
3672,5084,06-Jul-2023,-9299.4,debit,transfer,transfer,Whole Foods,USD,declined
3673,5025,12-Jul-2023,7861.78,Credit,utility,Utilities,Whole Foods,USD,F
3674,5028,09-May-2023,6301.82,Credit,wire transfer,wire transfer,Spotify,USD,pending
3675,5174,2024-06-03,5917.13,credit,Health,Health,Shell,USD,FAILED
3676,5330,14-Nov-2023,-6894.91,Debit,DD,CVS Pharmacy,CVS Pharmacy,USD,Declined
3677,5080,2023-08-03,1034.36,DR,Wire,Transfer,Netflix,USD,completed
3678,5174,23-Sep-2023,4851.65,CR,Wire,unknown,unknown,USD,failed
3679,5294,27-Apr-2023,-8396.63,DR,xfer,Transfer,United Airlines,USD,COMPLETED
3680,5218,09-May-2024,4351.76,CREDIT,Payroll,Whole Foods,Whole Foods,USD,pending
3681,5085,08/10/2023,6334.08,CREDIT,UTIL,UTIL,Netflix,USD,FAILED
3682,5110,2023-02-23,-3811.18,DR,salary,salary,United Airlines,USD,C
3683,5290,08/12/2023,-8752.21,DEBIT,UTILITIES,UTILITIES,Google,USD,Pending
3684,5345,06/18/2023,6105.19,CR,xfer,Transfer,Apple,USD,P
3685,5116,"Mar 28, 2023",6540.13,CR,Wire,null,Starbucks,USD,Declined
3686,5270,2024-04-06,31.85,credit,utilities,utilities,Starbucks,USD,pending
3687,5386,"May 25, 2024",6522.26,CREDIT,WIRE,Netflix,Netflix,USD,Declined
3688,5011,2023-12-26,-5488.24,DEBIT,payroll,null,Walmart,USD,C
3689,5087,02/04/2024,1245.71,DEBIT,xfer,Target,Target,USD,Declined
3690,5257,2023-08-12,5316.53,CREDIT,Travel,Travel,Whole Foods,EUR,Completed
3691,5016,15-Nov-2023,3819.77,credit,ATM Withdrawal,N/A,Shell,USD,declined
3692,5092,14-Feb-2024,-6197.56,debit,Utilities,Utilities,Amazon,USD,FAILED
3693,5297,01/03/2024,-9239.42,debit,Travel,Travel,Google,USD,Declined
3694,5185,27-May-2024,3785.44,credit,salary,Payroll,Netflix,USD,COMPLETED
3695,5042,"Jun 02, 2023",5410.55,Credit,UTIL,UTIL,unknown,CAD,PENDING
3696,5074,"Aug 20, 2023",3718.5,Credit,shopping,Shopping,Whole Foods,USD,FAILED
3697,5165,"Apr 25, 2024",-1536.98,DEBIT,Wire,Transfer,Netflix,USD,FAILED
3698,5027,2024-03-16,-1120.56,DEBIT,Salary,null,Amazon,USD,F
3699,5217,30-May-2024,8721.04,CR,retail,null,Target,USD,F
3700,5173,2023-08-09,2156.85,credit,Utilities,Utilities,Google,USD,F
3701,5278,02/11/2024,-6853.49,DEBIT,wire transfer,N/A,Netflix,USD,FAILED
3702,5269,2023-01-09,756.73,CREDIT,Bills,Bills,United Airlines,MXN,Completed
3703,5129,"Feb 28, 2024",3103.14,DR,SHOPPING,SHOPPING,Whole Foods,USD,FAILED
3704,5283,04/27/2023,-1358.98,Debit,bills,Utilities,Starbucks,USD,Completed
3705,5119,05/18/2024,2871.98,Credit,ATM,ATM,Walmart,USD,Complete
3706,5172,04/03/2024,4696.56,CREDIT,utility,utility,Spotify,USD,Failed
3707,5080,2023-01-25,1987.52,CREDIT,Xfer,Google,Google,GBP,Completed
3708,5371,"Apr 28, 2024",-8789.51,Debit,payroll,United Airlines,United Airlines,EUR,Failed
3709,5123,06/01/2023,-2131.28,debit,MEDICAL,MEDICAL,Netflix,USD,declined
3710,5223,11-Apr-2024,3844.16,debit,utility,unknown,Starbucks,USD,completed
3711,5343,11/24/2023,-6129.85,DEBIT,TRANSFER,TRANSFER,Spotify,CAD,declined
3712,5121,2023-03-07,6781.69,Credit,hotel,Travel,N/A,USD,declined
3713,5004,05/07/2024,1406.08,CR,atm,ATM Withdrawal,CVS Pharmacy,USD,completed
3714,5320,13-Nov-2023,56.88,Credit,payroll,payroll,Starbucks,USD,Pending
3715,5128,12-May-2024,2534.54,credit,PAYROLL,unknown,Netflix,USD,FAILED
3716,5256,2023-02-14,5546.11,Credit,atm,,,USD,PENDING
3717,5036,06-Apr-2023,6092.09,CR,Restaurants,Food & Dining,Whole Foods,USD,Completed
3718,5343,"Jun 06, 2023",3308.52,DR,PAYROLL,Target,Target,USD,C
3719,5034,"Apr 24, 2024",7922.45,DR,Hotel,Hotel,Apple,USD,Failed
3720,5214,2023-05-09,1617.18,CREDIT,Restaurants,,,USD,completed
3721,5025,2023-01-30,8748.44,Credit,ATM Withdrawal,,Walmart,USD,pending
3722,5286,2023-06-14,-3040.53,debit,Shopping,United Airlines,United Airlines,USD,C
3723,5215,25-Jan-2023,410.21,CREDIT,purchase,purchase,Amazon,USD,F
3724,5026,"Oct 17, 2023",7977.28,CR,airline,airline,Target,USD,COMPLETED
3725,5085,06/18/2024,1099.65,Credit,direct deposit,Payroll,Amazon,USD,Completed
3726,5111,06-May-2024,267.88,Credit,Travel,Travel,Whole Foods,USD,pending
3727,5090,04/24/2024,7045.76,CREDIT,payroll,payroll,Netflix,USD,P
3728,5202,06-Feb-2023,3615.75,CREDIT,payroll,Payroll,Google,USD,FAILED
3729,5386,"May 30, 2024",2920.94,CREDIT,ATM Cash,Apple,Apple,USD,FAILED
3730,5120,20-Jul-2023,2586.89,CREDIT,Utilities,Utilities,Shell,USD,Pending
3731,5002,16-Mar-2024,-1444.84,debit,cash,cash,Spotify,USD,PENDING
3732,5101,01-Sep-2023,1674.42,Credit,Utilities,unknown,Shell,USD,F
3733,5283,12/16/2023,-8468.78,debit,DINING,null,Apple,CAD,Failed
3734,5190,08-Mar-2023,-1750.39,DEBIT,UTILITIES,Utilities,Apple,USD,C
3735,5223,"Apr 27, 2023",1087.1,CR,ATM,N/A,Amazon,USD,F
3736,5039,03/07/2024,6992.15,Credit,food,CVS Pharmacy,CVS Pharmacy,USD,Declined
3737,5311,03/16/2024,906.56,Credit,utilities,Utilities,Shell,USD,PENDING
3738,5168,2023-05-15,7560.78,Debit,Healthcare,Healthcare,Apple,USD,COMPLETED
3739,5161,07/22/2023,8137.58,CREDIT,hotel,,Target,EUR,FAILED
3740,5137,2023-01-14,-9318.39,DEBIT,hotel,hotel,Apple,USD,F
3741,5223,15-Nov-2023,6042.03,DEBIT,ATM,Google,Google,USD,PENDING
3742,5240,11-Jul-2023,5815.57,Credit,Hotel,Travel,N/A,USD,Declined
3743,5188,04/21/2024,7722.79,Credit,Restaurants,N/A,N/A,USD,Failed
3744,5140,04/25/2023,-5342.76,Debit,retail,unknown,Whole Foods,USD,declined
3745,5106,2023-04-25,-1357.26,debit,Payroll,Payroll,Walmart,USD,failed
3746,5154,13-Jan-2023,3550.85,DR,hotel,Starbucks,Starbucks,USD,Complete
3747,5031,12/08/2023,8802.47,CR,UTIL,UTIL,Amazon,USD,P
3748,5075,2024-06-24,762.66,credit,Wire,null,Netflix,USD,Complete
3749,5074,"May 11, 2024",3618.64,DEBIT,xfer,xfer,Netflix,USD,F
3750,5324,"Mar 30, 2024",1988.95,Credit,ATM,ATM Withdrawal,Target,USD,C
3751,5313,09/25/2023,4531.21,debit,utilities,Shell,Shell,USD,Pending
3752,5287,2023-02-21,-6851.24,debit,atm,Google,Google,USD,FAILED
3753,5350,2023-04-06,-6264.6,Debit,Direct Deposit,Starbucks,Starbucks,USD,failed
3754,5144,24-May-2024,6859.17,Debit,TRANSFER,,Walmart,USD,completed
3755,5119,10-Aug-2023,4160.0,Credit,SHOPPING,unknown,unknown,USD,Pending
3756,5387,2024-02-05,5988.79,credit,UTIL,Utilities,CVS Pharmacy,GBP,FAILED
3757,5231,15-Sep-2023,7139.71,Credit,atm,ATM Withdrawal,Target,USD,failed
3758,5133,19-Apr-2023,7291.67,CREDIT,DINING,DINING,United Airlines,USD,Pending
3759,5010,14-May-2024,1808.77,Credit,health,health,Whole Foods,USD,PENDING
3760,5058,05-Jul-2023,-3744.93,debit,xfer,xfer,Amazon,USD,F
3761,5385,06-Feb-2024,2278.17,CREDIT,utilities,null,CVS Pharmacy,MXN,C
3762,5350,2023-10-26,3738.49,Debit,Bills,Bills,Starbucks,USD,declined
3763,5260,"Apr 12, 2024",5868.24,Credit,Payroll,Spotify,Spotify,USD,PENDING
3764,5307,21-Jul-2023,5898.88,CREDIT,shopping,Walmart,Walmart,USD,COMPLETED
3765,5361,03/02/2024,-3930.5,Debit,ATM Cash,unknown,unknown,USD,completed
3766,5299,05-Apr-2023,4173.66,Debit,medical,CVS Pharmacy,CVS Pharmacy,USD,F
3767,5035,"Nov 02, 2023",-4552.39,DEBIT,salary,N/A,CVS Pharmacy,USD,Failed
3768,5052,"Mar 21, 2024",3789.03,DEBIT,Cash,Cash,Amazon,USD,Completed
3769,5020,21-Apr-2024,6732.61,credit,atm,unknown,Whole Foods,USD,Complete
3770,5319,"Jul 09, 2023",4784.81,credit,TRANSFER,unknown,Apple,USD,Complete
3771,5169,30-Apr-2023,8026.22,CR,food & drink,Food & Dining,United Airlines,USD,Completed
3772,5318,2023-10-29,-4338.5,Debit,Airline,unknown,Apple,USD,Declined
3773,5211,"Jun 07, 2023",-5448.14,DR,dining,unknown,United Airlines,USD,Declined
3774,5219,"Aug 25, 2023",2188.61,CR,medical,Amazon,Amazon,USD,Pending
3775,5006,20-Sep-2023,1086.18,Credit,Restaurants,Restaurants,CVS Pharmacy,USD,F
3776,5279,05/15/2023,5674.22,CR,dining,Netflix,Netflix,USD,pending
3777,5362,12-Mar-2023,2479.97,debit,medical,Target,Target,USD,Declined
3778,5199,"Mar 19, 2024",3095.31,CREDIT,Wire,Target,Target,USD,PENDING
3779,5027,2023-11-02,7718.56,Debit,bills,bills,null,USD,F
3780,5203,03/21/2023,7279.27,CREDIT,Hotel,unknown,Starbucks,USD,Complete
3781,5162,09/26/2023,246.39,CREDIT,dining,null,Amazon,USD,C
3782,5199,"Dec 02, 2023",-9029.35,DEBIT,cash,,Walmart,USD,P
3783,5023,"May 16, 2024",-1088.64,debit,utility,unknown,CVS Pharmacy,USD,failed
3784,5024,02/23/2023,131.38,Credit,atm,atm,Target,USD,COMPLETED
3785,5128,"Dec 18, 2023",1340.45,credit,shopping,shopping,Shell,USD,failed
3786,5321,2023-04-22,-8382.89,DEBIT,CASH,CASH,Walmart,GBP,Failed
3787,5207,"Dec 08, 2023",1513.97,credit,DD,DD,Shell,USD,pending
3788,5156,11/28/2023,3872.89,CR,DINING,Food & Dining,CVS Pharmacy,USD,FAILED
3789,5340,16-Jul-2023,6578.56,DR,xfer,Netflix,Netflix,USD,PENDING
3790,5021,2023-01-22,5465.81,credit,MEDICAL,Healthcare,CVS Pharmacy,USD,C
3791,5156,"Mar 02, 2023",6240.55,DR,travel,United Airlines,United Airlines,USD,P
3792,5014,"Jul 13, 2023",6122.67,CR,transfer,Apple,Apple,USD,completed
3793,5369,06/03/2024,-6937.05,Debit,shopping,unknown,Amazon,USD,FAILED
3794,5390,05/20/2024,-8958.74,DEBIT,utilities,null,Whole Foods,USD,FAILED
3795,5352,"Nov 16, 2023",-7459.06,Debit,payroll,Amazon,Amazon,USD,P
3796,5193,2023-06-28,2466.36,credit,utilities,Utilities,Target,USD,declined
3797,5146,2024-03-24,4453.29,CR,Salary,Shell,Shell,USD,completed
3798,5171,"Mar 05, 2024",8827.59,Debit,WIRE,WIRE,Spotify,USD,C
3799,5243,13-Feb-2024,2602.56,Credit,WIRE,,,USD,P
3800,5139,2023-05-07,-4649.56,DR,TRAVEL,TRAVEL,Starbucks,USD,F
3801,5094,01/29/2024,6744.34,credit,utility,utility,Netflix,USD,Failed
3802,5259,26-Jul-2023,1374.44,Credit,DINING,Food & Dining,unknown,USD,Complete
3803,5332,"Jun 10, 2024",4714.72,Credit,Healthcare,Healthcare,Netflix,USD,F
3804,5141,10-Dec-2023,5448.48,CR,transfer,N/A,Shell,USD,PENDING
3805,5320,05-Sep-2023,8589.65,CR,Wire,unknown,Google,EUR,Declined
3806,5215,06-Jan-2024,-908.96,debit,Health,Health,Shell,USD,declined
3807,5064,"Apr 18, 2023",2015.24,credit,food & drink,United Airlines,United Airlines,USD,Failed
3808,5228,04/18/2023,-691.19,Debit,UTIL,UTIL,,USD,P
3809,5323,29-Nov-2023,4284.72,CREDIT,ATM Withdrawal,Amazon,Amazon,USD,C
3810,5277,"Jun 14, 2024",-4886.02,debit,retail,Spotify,Spotify,USD,Failed
3811,5328,08-Nov-2023,-3758.87,debit,Payroll,Payroll,Amazon,MXN,completed
3812,5290,2024-06-23,8690.34,CR,DINING,Amazon,Amazon,USD,Complete
3813,5011,06/16/2023,1927.78,CR,utilities,unknown,unknown,USD,Failed
3814,5070,12/28/2023,-2922.7,Debit,bills,bills,Walmart,USD,Pending
3815,5113,"Sep 12, 2023",-3396.79,DEBIT,CASH,CASH,Walmart,USD,PENDING
3816,5141,01-Jul-2023,1223.41,credit,ATM,Starbucks,Starbucks,USD,Completed
3817,5075,2023-11-02,696.18,credit,Health,unknown,Walmart,USD,completed
3818,5127,"May 08, 2024",2199.78,CREDIT,HOTEL,Travel,Apple,USD,PENDING
3819,5098,20-May-2024,-2923.43,Debit,ATM,ATM Withdrawal,null,USD,completed
3820,5082,19-Mar-2023,9069.62,Credit,hotel,Walmart,Walmart,USD,Pending
3821,5017,"Mar 28, 2023",-151.45,Debit,cash,unknown,United Airlines,USD,PENDING
3822,5177,2024-01-28,8505.58,Credit,Salary,Target,Target,USD,P
3823,5381,2023-04-07,-7971.62,debit,MEDICAL,Amazon,Amazon,USD,pending
3824,5058,11-Jun-2024,7448.43,CR,Travel,N/A,Target,USD,PENDING
3825,5276,08/25/2023,9205.69,DEBIT,xfer,xfer,Netflix,USD,COMPLETED
3826,5397,09/29/2023,-3904.23,DEBIT,bills,bills,CVS Pharmacy,USD,Complete
3827,5252,"Jun 10, 2023",5742.7,Credit,PAYROLL,Payroll,Amazon,USD,P
3828,5207,23-Oct-2023,-3397.64,Debit,Healthcare,null,Amazon,USD,Failed
3829,5184,2024-06-20,-793.85,DR,Cash,Cash,Whole Foods,USD,F
3830,5174,18-Feb-2023,8214.9,CR,ATM Withdrawal,Amazon,Amazon,USD,Completed
3831,5153,2023-05-31,-2742.62,DR,payroll,United Airlines,United Airlines,USD,pending
3832,5153,09/10/2023,-4168.05,DR,Food & Dining,Food & Dining,Shell,USD,Declined
3833,5112,05/07/2024,2697.75,Credit,Bills,CVS Pharmacy,CVS Pharmacy,USD,F
3834,5382,"Jun 30, 2023",4586.0,credit,PAYROLL,N/A,Apple,USD,F
3835,5055,17-May-2023,9264.35,CR,Cash,ATM Withdrawal,Spotify,USD,Failed
3836,5160,2023-02-08,5239.01,CR,Health,Walmart,Walmart,USD,declined
3837,5019,"Mar 11, 2024",-1361.27,DR,airline,airline,Amazon,USD,C
3838,5236,18-Mar-2023,-8702.23,DR,Medical,Amazon,Amazon,USD,completed
3839,5182,"May 12, 2023",-4761.63,DEBIT,dining,unknown,unknown,USD,COMPLETED
3840,5009,06/04/2023,-3613.38,debit,utilities,N/A,Walmart,USD,P
3841,5304,12/05/2023,-1308.05,DEBIT,Health,Healthcare,Walmart,USD,C
3842,5185,01-Mar-2024,5237.98,CREDIT,utility,Utilities,Amazon,USD,Completed
3843,5143,11/20/2023,6960.68,DR,Transfer,Spotify,Spotify,USD,Complete
3844,5297,"May 30, 2024",9447.39,Credit,wire transfer,Transfer,Shell,USD,COMPLETED
3845,5057,20-Apr-2023,7115.57,debit,MEDICAL,N/A,Walmart,USD,declined
3846,5180,03/20/2024,5243.78,CREDIT,WIRE,null,Netflix,USD,F
3847,5045,12-Mar-2023,-5298.79,DR,shopping,null,Whole Foods,USD,FAILED
3848,5145,2023-08-23,-2797.98,DEBIT,restaurants,Walmart,Walmart,MXN,declined
3849,5180,"Feb 13, 2024",-8740.3,DR,Wire,,Netflix,USD,pending
3850,5015,03/19/2023,6422.87,credit,TRAVEL,Travel,CVS Pharmacy,USD,PENDING
3851,5150,"Jan 30, 2023",-5686.76,Debit,Cash,Walmart,Walmart,USD,pending
3852,5191,"Jun 06, 2023",-2776.18,DR,WIRE,Netflix,Netflix,USD,Declined
3853,5156,"Aug 20, 2023",-8386.23,DEBIT,F&D,F&D,Google,USD,P
3854,5034,"Dec 17, 2023",4294.44,CR,Health,Healthcare,Shell,USD,Complete
3855,5333,"Jan 22, 2023",5957.96,CR,ATM Cash,Walmart,Walmart,USD,F
3856,5309,26-May-2024,7810.86,CR,UTILITIES,unknown,United Airlines,USD,completed
3857,5274,2023-03-24,9220.96,DR,hotel,Travel,Shell,USD,F
3858,5249,2023-11-20,7806.81,DEBIT,healthcare,,Amazon,USD,Declined
3859,5094,03/19/2024,-9133.32,Debit,MEDICAL,MEDICAL,Netflix,USD,COMPLETED
3860,5092,01/24/2024,-1895.58,Debit,Bills,Utilities,Walmart,USD,Completed
3861,5221,2024-04-29,-4010.56,DR,TRAVEL,Travel,CVS Pharmacy,GBP,COMPLETED
3862,5317,05-Aug-2023,2781.1,DR,DD,Payroll,Walmart,USD,Completed
3863,5221,"Feb 07, 2024",5212.62,debit,shopping,Google,Google,USD,Failed
3864,5094,"Jun 03, 2023",1197.83,debit,ATM Cash,unknown,Shell,USD,C
3865,5329,"Apr 29, 2023",1288.38,debit,direct deposit,null,Amazon,CAD,Declined
3866,5089,2023-03-11,-2666.23,DR,Travel,unknown,Amazon,USD,Failed
3867,5199,05/26/2023,9078.61,Debit,TRANSFER,null,Shell,USD,F
3868,5187,01/03/2023,6366.6,credit,Wire,Wire,United Airlines,USD,F
3869,5079,2023-02-09,599.07,Credit,health,,Shell,USD,Declined
3870,5121,09/24/2023,8483.1,credit,airline,Apple,Apple,USD,FAILED
3871,5228,"Nov 06, 2023",5381.39,Credit,dining,Walmart,Walmart,USD,pending
3872,5220,2024-01-30,1766.17,Credit,Wire,N/A,Amazon,USD,F
3873,5197,"Mar 26, 2023",-1279.7,debit,restaurants,Food & Dining,Apple,GBP,Declined
3874,5356,06-Dec-2023,5890.33,Credit,TRANSFER,Transfer,Starbucks,USD,pending
3875,5341,2024-04-26,8169.12,Credit,cash,Amazon,Amazon,USD,Failed
3876,5032,"Dec 25, 2023",2159.81,CR,Cash,Cash,United Airlines,CAD,COMPLETED
3877,5141,21-Apr-2023,-3701.57,debit,cash,cash,Walmart,USD,COMPLETED
3878,5093,28-Sep-2023,8316.56,DEBIT,CASH,CASH,Walmart,USD,FAILED
3879,5066,05/18/2023,-7856.14,DEBIT,dining,dining,unknown,USD,Pending
3880,5173,2023-05-02,1677.83,CR,Direct Deposit,United Airlines,United Airlines,USD,completed
3881,5263,29-Jun-2023,-5248.3,debit,Food & Dining,,Whole Foods,MXN,Declined
3882,5101,06/03/2023,8609.09,CREDIT,PAYROLL,unknown,unknown,USD,Pending
3883,5292,01/19/2024,-4543.21,Debit,ATM Withdrawal,ATM Withdrawal,Google,USD,FAILED
3884,5135,"Mar 16, 2024",6921.02,Credit,TRANSFER,Transfer,unknown,USD,pending
3885,5251,"Apr 05, 2023",4513.44,debit,Health,Health,Target,USD,completed
3886,5009,2023-07-31,7926.9,credit,restaurants,restaurants,Apple,CAD,P
3887,5131,03/10/2023,8004.46,credit,purchase,Shopping,CVS Pharmacy,USD,Complete
3888,5302,2024-04-18,-5139.62,Debit,cash,Google,Google,USD,COMPLETED
3889,5119,"Jun 03, 2024",4791.6,debit,Hotel,unknown,Google,CAD,C
3890,5081,2024-04-16,5760.44,CREDIT,Travel,Travel,Spotify,USD,declined
3891,5269,27-Nov-2023,2145.73,CR,payroll,Payroll,Apple,USD,F
3892,5299,03-Jan-2024,8981.85,Credit,direct deposit,Target,Target,USD,F
3893,5170,03/07/2023,-6017.71,debit,DINING,Food & Dining,Shell,USD,Pending
3894,5309,19-Mar-2024,6631.57,CR,Salary,N/A,Shell,USD,Declined
3895,5254,05/25/2024,8986.78,credit,shopping,Netflix,Netflix,USD,Complete
3896,5067,2023-10-09,-7673.65,debit,travel,,Target,USD,C
3897,5400,19-Oct-2023,-7298.57,DR,MEDICAL,Healthcare,Google,USD,pending
3898,5148,04/28/2023,-448.96,DEBIT,dining,dining,Spotify,USD,FAILED
3899,5013,01/25/2024,8076.53,debit,Healthcare,Starbucks,Starbucks,USD,COMPLETED
3900,5138,"Feb 23, 2024",5695.55,CR,travel,Amazon,Amazon,GBP,Complete
3901,5175,06/30/2024,6896.1,CREDIT,utilities,utilities,Walmart,USD,Complete
3902,5036,"Feb 23, 2024",-1866.36,DEBIT,SHOPPING,N/A,Walmart,USD,P
3903,5265,19-Jul-2023,-4578.67,debit,HOTEL,HOTEL,Netflix,USD,PENDING
3904,5057,20-Jan-2024,3955.01,CREDIT,Medical,Healthcare,Target,USD,Declined
3905,5105,2023-09-30,8887.44,CREDIT,Hotel,null,Starbucks,USD,pending
3906,5266,2023-11-04,-2060.12,DR,ATM Withdrawal,ATM Withdrawal,Netflix,USD,completed
3907,5332,2024-05-16,6182.97,Credit,ATM,Amazon,Amazon,USD,pending
3908,5322,"Dec 16, 2023",6323.5,credit,TRAVEL,Travel,Walmart,USD,Failed
3909,5056,2023-09-07,2572.39,CREDIT,Health,Shell,Shell,MXN,Completed
3910,5152,2024-05-20,3365.37,credit,airline,null,Starbucks,USD,Complete
3911,5094,2023-06-18,3861.42,Credit,SHOPPING,SHOPPING,Apple,USD,Complete
3912,5172,2023-05-31,5991.45,credit,WIRE,WIRE,Target,USD,Completed
3913,5359,"Nov 27, 2023",1473.64,CREDIT,Transfer,Transfer,Apple,USD,FAILED
3914,5171,22-Jan-2024,-9280.92,DEBIT,atm,Netflix,Netflix,USD,Complete
3915,5134,01/30/2024,-4807.46,DEBIT,DD,DD,CVS Pharmacy,USD,Complete
3916,5006,02/12/2023,-66.51,DR,utility,Apple,Apple,USD,Complete
3917,5382,2023-02-17,6017.84,credit,transfer,Transfer,null,USD,completed
3918,5070,2023-12-19,4637.48,credit,ATM,Starbucks,Starbucks,USD,pending
3919,5179,03/02/2024,-2246.62,DEBIT,Health,N/A,CVS Pharmacy,USD,FAILED
3920,5189,03/25/2023,3551.14,CREDIT,Direct Deposit,Direct Deposit,United Airlines,USD,COMPLETED
3921,5349,11/04/2023,-3677.17,DEBIT,Hotel,,Walmart,MXN,completed
3922,5311,20-Aug-2023,933.37,CREDIT,retail,null,null,USD,Pending
3923,5223,"Jan 08, 2023",-5350.65,DEBIT,Salary,null,Google,USD,Pending
3924,5189,14-Mar-2024,2336.96,CREDIT,transfer,Transfer,Amazon,USD,failed
3925,5046,"Jan 01, 2024",4089.87,DEBIT,dining,dining,Walmart,USD,F
3926,5095,13-Feb-2023,2430.48,Debit,Direct Deposit,,Netflix,USD,PENDING
3927,5373,"Jun 08, 2024",2744.43,Credit,airline,airline,Amazon,USD,Pending
3928,5253,12-Apr-2023,6987.65,CR,Bills,Bills,Netflix,USD,FAILED
3929,5350,08-Jan-2024,5068.84,CREDIT,ATM Withdrawal,ATM Withdrawal,Spotify,USD,Pending
3930,5139,2023-04-18,4000.12,CR,Direct Deposit,Whole Foods,Whole Foods,EUR,P
3931,5388,2024-02-19,-8085.67,DEBIT,F&D,N/A,Google,USD,Failed
3932,5099,2023-09-12,6645.86,debit,hotel,null,Netflix,USD,Complete
3933,5294,2023-12-14,-2580.45,Debit,DD,CVS Pharmacy,CVS Pharmacy,GBP,PENDING
3934,5211,2024-05-29,8998.24,Credit,food & drink,food & drink,null,USD,C
3935,5158,01/31/2023,3443.41,CR,Cash,Starbucks,Starbucks,USD,Completed
3936,5124,26-Jul-2023,2324.81,DEBIT,MEDICAL,Starbucks,Starbucks,USD,F
3937,5293,2024-06-16,3695.71,Credit,Restaurants,null,Whole Foods,USD,pending
3938,5224,2023-07-22,3945.52,CREDIT,payroll,Whole Foods,Whole Foods,USD,Pending
3939,5173,10/30/2023,9496.87,Credit,Bills,Utilities,Apple,USD,FAILED
3940,5080,2023-03-18,1117.53,debit,food,Food & Dining,Google,USD,PENDING
3941,5380,26-May-2024,-5244.27,debit,Wire,Wire,United Airlines,USD,Declined
3942,5101,04/01/2023,309.52,Credit,Medical,CVS Pharmacy,CVS Pharmacy,USD,Failed
3943,5383,15-Feb-2023,518.37,Credit,xfer,null,Spotify,USD,failed
3944,5126,2024-06-11,5629.55,CR,Direct Deposit,Payroll,Google,USD,Declined
3945,5173,08/26/2023,2673.27,debit,retail,Shopping,Amazon,USD,completed
3946,5369,19-May-2023,5091.77,DR,Health,Netflix,Netflix,USD,FAILED
3947,5187,2024-01-08,3283.97,credit,Shopping,United Airlines,United Airlines,USD,COMPLETED
3948,5198,2024-03-05,2904.64,CR,ATM Withdrawal,ATM Withdrawal,Apple,USD,Completed
3949,5257,"Feb 11, 2023",-6120.59,DEBIT,DINING,Apple,Apple,USD,Declined
3950,5270,2024-01-03,1327.6,CREDIT,Medical,Healthcare,CVS Pharmacy,USD,Pending
3951,5398,08/25/2023,9418.87,DR,TRAVEL,Starbucks,Starbucks,USD,P
3952,5284,2023-03-17,-7219.91,debit,Food & Dining,Food & Dining,Amazon,USD,PENDING
3953,5237,"Jan 20, 2024",-9134.4,Debit,F&D,CVS Pharmacy,CVS Pharmacy,USD,C
3954,5057,10-Apr-2023,4778.4,Debit,CASH,CASH,CVS Pharmacy,USD,completed
3955,5364,"Sep 20, 2023",9334.79,credit,Restaurants,Food & Dining,Walmart,USD,failed
3956,5214,21-Jun-2024,6012.27,Credit,payroll,Payroll,Spotify,USD,C
3957,5180,"Dec 19, 2023",2273.65,Credit,dining,Food & Dining,Netflix,USD,Complete
3958,5264,06/15/2023,-8649.06,Debit,PAYROLL,Apple,Apple,USD,C
3959,5157,2024-02-04,6259.73,CR,UTILITIES,UTILITIES,Shell,USD,completed
3960,5043,15-Jan-2023,1208.41,credit,wire transfer,Transfer,Spotify,USD,COMPLETED
3961,5101,2024-03-11,315.35,Debit,medical,medical,Walmart,USD,failed
3962,5300,"Dec 03, 2023",-3066.2,DEBIT,atm,ATM Withdrawal,CVS Pharmacy,USD,Completed
3963,5045,2023-08-08,4463.86,Credit,ATM Withdrawal,Starbucks,Starbucks,USD,COMPLETED
3964,5115,"Mar 25, 2024",-9024.99,DEBIT,Retail,Retail,Walmart,USD,F
3965,5329,2023-07-18,-3862.11,DEBIT,food,CVS Pharmacy,CVS Pharmacy,USD,FAILED
3966,5289,"Mar 17, 2023",8851.15,CREDIT,medical,medical,Walmart,USD,F
3967,5286,"Feb 01, 2024",-728.06,debit,PAYROLL,PAYROLL,Starbucks,USD,declined
3968,5089,2023-05-09,1904.96,CREDIT,DD,Payroll,Starbucks,MXN,F
3969,5171,"Oct 02, 2023",-4931.18,debit,Food & Dining,null,Amazon,USD,FAILED
3970,5055,"Feb 08, 2023",3127.52,credit,Hotel,Travel,Netflix,USD,Declined
3971,5340,"Jun 19, 2024",3168.85,credit,travel,Walmart,Walmart,USD,pending
3972,5242,02/20/2023,4676.99,CREDIT,medical,Healthcare,Netflix,USD,Complete
3973,5286,12-Jan-2024,-4901.37,DEBIT,CASH,ATM Withdrawal,Shell,USD,failed
3974,5189,2023-01-19,7459.13,credit,MEDICAL,Healthcare,Apple,USD,pending
3975,5348,"May 16, 2024",2583.17,CREDIT,airline,,Spotify,USD,PENDING
3976,5192,04/14/2024,5428.22,Debit,Wire,N/A,Starbucks,USD,P
3977,5101,2024-01-27,904.25,CREDIT,Retail,unknown,unknown,USD,P
3978,5150,12/22/2023,1600.24,debit,transfer,Transfer,Netflix,USD,Complete
3979,5276,"Apr 29, 2023",3729.0,DEBIT,salary,salary,Target,USD,declined
3980,5289,2023-06-14,7416.55,CREDIT,ATM Withdrawal,ATM Withdrawal,Target,USD,FAILED
3981,5290,2024-01-04,-6799.68,debit,utilities,Starbucks,Starbucks,EUR,Failed
3982,5255,2023-08-08,4340.29,CR,restaurants,restaurants,Google,USD,Completed
3983,5368,15-Feb-2024,2474.11,debit,cash,cash,Spotify,MXN,PENDING
3984,5369,2023-03-28,8623.16,Credit,Wire,Transfer,Netflix,USD,C
3985,5387,2024-04-03,-1583.54,Debit,ATM,unknown,CVS Pharmacy,USD,PENDING
3986,5020,03/12/2023,-1598.71,Debit,Purchase,Purchase,Amazon,USD,F
3987,5074,07-Apr-2023,-9467.19,DEBIT,restaurants,Google,Google,USD,COMPLETED
3988,5255,01/25/2023,6572.63,credit,Utilities,Utilities,Starbucks,USD,declined
3989,5234,18-Apr-2023,-8372.27,DEBIT,Direct Deposit,N/A,Apple,USD,P
3990,5189,04/10/2023,-4809.97,DEBIT,Airline,Airline,Target,USD,COMPLETED
3991,5276,"Feb 13, 2024",-7758.5,DEBIT,PAYROLL,Google,Google,MXN,COMPLETED
3992,5199,2024-01-06,9192.94,credit,Payroll,Payroll,Amazon,USD,pending
3993,5343,2023-02-08,7604.64,credit,transfer,,United Airlines,USD,pending
3994,5092,14-Apr-2023,-5799.36,Debit,F&D,N/A,Netflix,USD,COMPLETED
3995,5375,20-Jan-2023,3607.58,credit,ATM,Target,Target,GBP,Complete
3996,5094,"Jan 01, 2024",6312.23,DR,Payroll,Payroll,Google,USD,F
3997,5142,13-Apr-2024,4675.25,CR,ATM Cash,Amazon,Amazon,USD,pending
3998,5073,2023-01-18,2676.43,CREDIT,Bills,unknown,Spotify,USD,failed
3999,5245,2023-07-24,8103.46,credit,PAYROLL,PAYROLL,CVS Pharmacy,EUR,pending
4000,5340,01/25/2024,7846.09,Credit,PAYROLL,N/A,Starbucks,USD,completed
4001,5383,2023-08-14,2828.3,Debit,PAYROLL,N/A,CVS Pharmacy,GBP,FAILED
4002,5149,02/20/2023,8077.74,CREDIT,Restaurants,Starbucks,Starbucks,USD,F
4003,5361,2024-01-08,3878.89,CR,Medical,Medical,Amazon,USD,FAILED
4004,5023,"Jan 30, 2024",3362.39,CREDIT,utilities,Spotify,Spotify,USD,declined
4005,5208,16-Apr-2024,2663.73,CR,Retail,Shopping,CVS Pharmacy,USD,Complete
4006,5155,06/06/2024,-8710.55,DEBIT,Wire,Transfer,Target,USD,pending
4007,5360,2023-09-19,-6666.84,DEBIT,shopping,Target,Target,USD,pending
4008,5049,01/14/2023,-5436.27,debit,Restaurants,null,Walmart,USD,Pending
4009,5039,10/27/2023,545.41,credit,MEDICAL,N/A,Shell,USD,Failed
4010,5385,03-Feb-2023,4359.4,DEBIT,food & drink,Food & Dining,Amazon,USD,failed
4011,5109,11/28/2023,1067.36,DEBIT,DD,Payroll,Google,USD,failed
4012,5347,2023-12-07,8959.0,credit,Shopping,Google,Google,USD,Pending
4013,5294,01-Jan-2024,7366.02,credit,retail,United Airlines,United Airlines,USD,declined
4014,5111,24-Jan-2024,5186.34,debit,food,food,Target,MXN,P
4015,5103,"Feb 11, 2024",2542.13,credit,xfer,Walmart,Walmart,USD,completed
4016,5160,"May 04, 2023",-8211.79,DR,TRANSFER,TRANSFER,Walmart,USD,PENDING
4017,5008,"Jun 27, 2023",-1986.09,DEBIT,wire transfer,N/A,Apple,USD,Complete
4018,5046,"Jul 23, 2023",1114.55,credit,transfer,N/A,Starbucks,USD,FAILED
4019,5199,2023-05-12,8759.83,Debit,Xfer,N/A,Starbucks,USD,Completed
4020,5040,26-Oct-2023,-1072.97,DEBIT,Health,Health,CVS Pharmacy,GBP,Failed
4021,5103,03/11/2024,4556.08,Credit,Food & Dining,N/A,Whole Foods,USD,declined
4022,5319,10/09/2023,-3327.01,debit,WIRE,Netflix,Netflix,USD,Pending
4023,5134,06-Jun-2024,4045.58,DR,bills,N/A,Apple,USD,Failed
4024,5002,13-Dec-2023,-7714.26,debit,dining,N/A,Apple,CAD,F
4025,5128,"Feb 01, 2024",-4199.37,DR,medical,Netflix,Netflix,EUR,C
4026,5251,24-Jan-2023,1725.86,CREDIT,TRANSFER,TRANSFER,Whole Foods,USD,declined
4027,5228,"Jun 24, 2023",5060.11,CREDIT,ATM Cash,ATM Withdrawal,Spotify,USD,C
4028,5028,"Jun 29, 2023",-2898.47,debit,Airline,Airline,Shell,USD,Failed
4029,5302,08-Jun-2023,8831.7,CREDIT,direct deposit,direct deposit,Netflix,USD,F
4030,5304,09/11/2023,7873.73,DR,utility,utility,Whole Foods,USD,Failed
4031,5057,21-May-2023,8762.6,CR,salary,null,Starbucks,USD,FAILED
4032,5349,"Jan 16, 2023",-1157.87,DR,utility,Target,Target,USD,declined
4033,5265,27-Apr-2023,-6087.42,DEBIT,cash,ATM Withdrawal,Walmart,USD,failed
4034,5063,2023-09-27,3793.61,CR,Xfer,Walmart,Walmart,USD,Declined
4035,5159,2023-02-14,-4248.78,Debit,xfer,,United Airlines,USD,failed
4036,5074,2023-12-28,-6294.87,DEBIT,CASH,Walmart,Walmart,USD,Pending
4037,5167,"Apr 04, 2023",8237.05,CREDIT,cash,Apple,Apple,USD,F
4038,5327,11/12/2023,9100.04,Credit,hotel,unknown,Netflix,USD,Completed
4039,5156,04/14/2024,1832.84,credit,DINING,Food & Dining,United Airlines,USD,FAILED
4040,5071,08-Jan-2023,9347.67,Credit,UTILITIES,Utilities,Spotify,USD,Failed
4041,5350,03/18/2024,2508.36,CREDIT,CASH,CASH,CVS Pharmacy,USD,Declined
4042,5392,01/07/2024,-7367.41,Debit,wire transfer,Amazon,Amazon,USD,failed
4043,5300,"Oct 18, 2023",7683.66,DEBIT,retail,retail,Google,USD,Declined
4044,5296,04/24/2023,-4788.2,DR,cash,N/A,Apple,USD,Completed
4045,5324,14-Mar-2024,1958.75,CR,utilities,Google,Google,USD,declined
4046,5245,2024-03-16,5656.83,credit,utilities,Target,Target,USD,FAILED
4047,5217,04/29/2024,1949.62,CR,Salary,,Amazon,USD,pending
4048,5125,12-Jun-2024,6704.53,CR,Health,Healthcare,Shell,CAD,Pending
4049,5116,03/10/2023,5189.31,CR,Medical,unknown,CVS Pharmacy,USD,C
4050,5214,03/01/2023,-8337.29,Debit,restaurants,unknown,unknown,GBP,completed
4051,5245,30-Mar-2023,2451.74,CR,salary,Payroll,Apple,USD,F
4052,5355,29-Apr-2024,-6465.58,DEBIT,transfer,transfer,Shell,USD,Declined
4053,5134,01/31/2023,5321.78,Debit,Cash,ATM Withdrawal,Walmart,USD,declined
4054,5264,08/22/2023,1057.74,CREDIT,shopping,shopping,Target,USD,C
4055,5168,"Feb 26, 2023",6529.89,credit,Healthcare,N/A,United Airlines,USD,Completed
4056,5337,2023-03-05,-95.66,debit,health,Healthcare,null,GBP,P
4057,5118,02-Jul-2023,-7863.45,DEBIT,Payroll,Payroll,Amazon,USD,declined
4058,5265,16-Jul-2023,-962.84,Debit,shopping,shopping,Apple,USD,COMPLETED
4059,5149,03/24/2023,8849.76,credit,Xfer,N/A,Netflix,CAD,Pending
4060,5277,13-Aug-2023,1658.56,Credit,Purchase,unknown,Netflix,USD,Completed
4061,5367,24-Feb-2024,-7176.63,DEBIT,DD,N/A,Spotify,USD,Failed
4062,5341,15-Mar-2024,986.49,Credit,retail,retail,Apple,USD,Completed
4063,5238,11/13/2023,-8147.05,DEBIT,Retail,Shopping,Target,USD,PENDING
4064,5243,2023-04-28,-7829.87,debit,Salary,Payroll,Amazon,USD,P
4065,5128,"Mar 31, 2024",5853.63,credit,health,Healthcare,Whole Foods,CAD,completed
4066,5057,02/15/2023,32.04,DEBIT,salary,Whole Foods,Whole Foods,USD,pending
4067,5241,18-May-2023,5347.45,credit,TRANSFER,,,USD,FAILED
4068,5352,"May 16, 2023",8534.83,Debit,Medical,Medical,Starbucks,USD,failed
4069,5006,01/01/2023,6100.81,credit,dining,dining,CVS Pharmacy,USD,COMPLETED
4070,5260,01/13/2024,7496.08,Credit,Retail,Starbucks,Starbucks,USD,C
4071,5275,"Mar 15, 2023",1908.59,credit,dining,dining,CVS Pharmacy,USD,completed
4072,5050,01/10/2023,7917.12,Credit,ATM Cash,ATM Cash,Shell,USD,Pending
4073,5279,"Nov 18, 2023",6338.65,DEBIT,wire transfer,wire transfer,United Airlines,USD,Complete
4074,5301,2024-04-14,4985.94,credit,TRANSFER,Apple,Apple,USD,failed
4075,5393,01/08/2024,6254.01,CR,retail,,Shell,USD,declined
4076,5240,"Feb 21, 2024",-6795.29,DEBIT,medical,Healthcare,unknown,GBP,COMPLETED
4077,5281,04/25/2024,7558.87,Credit,UTILITIES,Utilities,Walmart,USD,pending
4078,5379,2024-03-22,-3652.8,Debit,cash,Spotify,Spotify,USD,COMPLETED
4079,5204,2023-11-29,3744.85,CREDIT,direct deposit,direct deposit,Walmart,MXN,Complete
4080,5376,02-Feb-2023,1202.4,CREDIT,direct deposit,N/A,Google,USD,C
4081,5180,"Jan 15, 2023",-3940.18,DEBIT,direct deposit,direct deposit,Walmart,USD,completed
4082,5218,"Jan 31, 2024",4626.16,Credit,payroll,Starbucks,Starbucks,EUR,F
4083,5065,30-Apr-2023,8642.66,DR,CASH,,Netflix,USD,Failed
4084,5004,"May 15, 2023",-496.19,debit,WIRE,Amazon,Amazon,USD,Complete
4085,5010,31-Mar-2024,-1440.31,DR,TRAVEL,Whole Foods,Whole Foods,USD,declined
4086,5268,2024-03-22,-6999.91,debit,food,Spotify,Spotify,USD,FAILED
4087,5200,25-Dec-2023,-8517.15,Debit,Wire,Wire,Google,USD,pending
4088,5048,2024-05-09,-4468.69,DR,Wire,unknown,Amazon,USD,C
4089,5278,"Nov 19, 2023",744.1,CREDIT,salary,salary,Google,USD,C
4090,5284,"Apr 03, 2023",8009.66,Credit,Utilities,Utilities,Shell,USD,failed
4091,5171,09-Sep-2023,3264.85,credit,Utilities,Utilities,Target,USD,C
4092,5220,01/23/2024,7973.8,CREDIT,Transfer,Transfer,Walmart,USD,Failed
4093,5357,2024-03-17,9475.82,credit,shopping,Shopping,Apple,USD,P
4094,5246,07-Jan-2024,7737.91,Credit,restaurants,Food & Dining,Target,USD,C
4095,5086,02/01/2024,1239.98,credit,TRANSFER,TRANSFER,Apple,EUR,P
4096,5233,31-Jul-2023,-6487.6,Debit,Food & Dining,unknown,Google,EUR,Complete
4097,5240,17-Apr-2024,-9024.88,DEBIT,Retail,Retail,Starbucks,USD,Completed
4098,5246,10-May-2023,9409.16,Credit,retail,Shopping,Spotify,USD,Complete
4099,5122,24-Jan-2023,-3430.32,Debit,DD,DD,Spotify,USD,COMPLETED
4100,5261,"Dec 16, 2023",-866.67,DR,xfer,Transfer,Shell,USD,Complete
4101,5109,07/14/2023,3304.63,credit,Utilities,,Apple,EUR,COMPLETED
4102,5106,03/06/2024,4860.98,credit,Travel,Travel,Shell,USD,completed
4103,5061,2023-03-20,-8973.53,debit,Transfer,Transfer,Whole Foods,USD,Complete
4104,5265,2023-03-26,-8822.43,Debit,health,Healthcare,Apple,USD,C
4105,5121,2023-07-28,7672.35,DR,Purchase,Shell,Shell,USD,P
4106,5269,"Apr 07, 2024",4752.83,CR,Hotel,Starbucks,Starbucks,USD,C
4107,5082,07/24/2023,5032.1,DR,retail,null,null,USD,Completed
4108,5075,"Feb 11, 2023",-2429.39,DEBIT,hotel,hotel,CVS Pharmacy,EUR,Declined
4109,5206,14-Jul-2023,-8507.92,DR,wire transfer,Whole Foods,Whole Foods,USD,declined
4110,5175,10/11/2023,4003.7,Credit,shopping,Whole Foods,Whole Foods,USD,Pending
4111,5350,31-Mar-2024,-681.88,DR,food,,Starbucks,USD,pending
4112,5192,2024-06-15,4984.35,CREDIT,Payroll,unknown,CVS Pharmacy,USD,completed
4113,5050,20-Sep-2023,1584.99,CREDIT,DINING,unknown,unknown,USD,Declined
4114,5181,27-Jun-2023,5579.42,CREDIT,ATM Cash,ATM Cash,Starbucks,USD,pending
4115,5010,05-Oct-2023,6839.36,CR,Salary,null,Google,USD,pending
4116,5268,2023-05-14,-2030.04,debit,Health,Health,Whole Foods,USD,pending
4117,5182,"Feb 05, 2023",2612.93,DEBIT,HOTEL,Travel,Spotify,USD,Pending
4118,5174,12/12/2023,6602.32,Credit,food,Food & Dining,Starbucks,USD,F
4119,5241,18-May-2023,5913.14,Credit,Airline,Airline,Netflix,USD,FAILED
4120,5132,"Jan 21, 2023",8496.44,debit,Cash,Cash,Target,USD,declined
4121,5087,02-Aug-2023,4227.47,CREDIT,Transfer,unknown,Google,USD,COMPLETED
4122,5017,01/16/2024,176.82,credit,PAYROLL,unknown,Netflix,USD,COMPLETED
4123,5205,"Aug 21, 2023",756.93,credit,Payroll,Google,Google,USD,completed
4124,5282,18-Mar-2023,756.89,credit,Cash,Cash,Spotify,USD,FAILED
4125,5276,"May 24, 2023",-6637.2,DEBIT,Hotel,Hotel,Walmart,USD,Pending
4126,5144,04/28/2024,4433.6,credit,UTILITIES,null,CVS Pharmacy,USD,C
4127,5346,"Apr 11, 2024",-8321.0,debit,Utilities,Utilities,United Airlines,USD,failed
4128,5075,"Apr 21, 2023",-2569.09,Debit,SHOPPING,unknown,Apple,USD,failed
4129,5360,01/21/2023,2380.36,DR,payroll,Target,Target,USD,Failed
4130,5386,03-Feb-2023,1213.04,CR,healthcare,Healthcare,Starbucks,USD,Declined
4131,5008,2023-10-17,7650.93,CR,ATM,ATM Withdrawal,Google,USD,failed
4132,5293,02/20/2024,9232.47,Credit,Health,N/A,Netflix,USD,failed
4133,5366,02/02/2023,-6788.77,Debit,Travel,Travel,Google,USD,P
4134,5037,01/14/2023,3836.84,Credit,Xfer,,Apple,USD,C
4135,5397,02/09/2024,-8311.04,DR,Airline,Target,Target,USD,Completed
4136,5188,09-Nov-2023,-6997.85,DEBIT,medical,Shell,Shell,USD,PENDING
4137,5147,05-Jul-2023,1213.15,Debit,Food & Dining,Food & Dining,Walmart,USD,Declined
4138,5363,10/19/2023,4781.9,credit,utility,CVS Pharmacy,CVS Pharmacy,USD,Failed
4139,5081,10/31/2023,5766.17,CR,F&D,N/A,Shell,USD,Pending
4140,5056,06/30/2023,-4605.89,debit,ATM,Target,Target,GBP,PENDING
4141,5334,02/06/2023,6088.8,credit,utilities,N/A,Google,USD,P
4142,5009,02-Mar-2023,2934.2,DR,MEDICAL,Whole Foods,Whole Foods,USD,Pending
4143,5021,25-Mar-2024,7409.87,debit,utilities,Utilities,Starbucks,USD,Complete
4144,5021,01/28/2024,4862.32,CR,Transfer,,Spotify,USD,C
4145,5001,01/27/2024,3559.58,Debit,payroll,Apple,Apple,USD,Completed
4146,5040,01/27/2023,-1700.3,Debit,atm,Spotify,Spotify,USD,declined
4147,5260,2023-05-04,4702.15,Debit,PAYROLL,null,Spotify,USD,Declined
4148,5048,02/23/2023,-2125.59,debit,wire transfer,Transfer,Starbucks,USD,F
4149,5151,"Sep 10, 2023",-1146.59,DEBIT,purchase,Shopping,Spotify,USD,PENDING
4150,5209,2023-09-05,5648.98,credit,food,,Whole Foods,USD,FAILED
4151,5229,23-Feb-2023,-1042.91,DEBIT,xfer,United Airlines,United Airlines,USD,pending
4152,5075,01/31/2023,6003.2,Credit,restaurants,unknown,Target,USD,COMPLETED
4153,5192,"May 10, 2023",3598.6,CR,food & drink,Food & Dining,United Airlines,USD,declined
4154,5073,04/20/2024,6698.81,CREDIT,direct deposit,direct deposit,Whole Foods,USD,C
4155,5396,2024-04-10,-6342.97,DR,dining,dining,United Airlines,CAD,declined
4156,5032,"May 20, 2023",6665.63,DEBIT,cash,United Airlines,United Airlines,USD,Pending
4157,5352,2023-03-04,7568.64,Debit,wire transfer,null,Spotify,USD,Completed
4158,5149,2023-12-07,-4169.86,debit,CASH,unknown,CVS Pharmacy,MXN,COMPLETED
4159,5298,05/07/2023,5352.68,Credit,Cash,Cash,Shell,EUR,P
4160,5153,08/02/2023,3966.8,Credit,DINING,Food & Dining,Google,USD,P
4161,5175,06-Jun-2023,-3801.51,debit,food & drink,null,Shell,USD,Pending
4162,5376,09-Jan-2024,7095.7,CREDIT,WIRE,WIRE,Starbucks,USD,F
4163,5352,2023-01-18,3042.35,credit,SHOPPING,Shopping,Whole Foods,USD,F
4164,5232,19-Oct-2023,8638.19,Credit,direct deposit,N/A,Spotify,USD,Declined
4165,5152,09-Jun-2023,7043.77,CREDIT,Hotel,null,null,GBP,P
4166,5334,24-Jan-2024,-8375.23,Debit,payroll,payroll,,USD,Pending
4167,5053,"Jun 18, 2023",-8275.03,DEBIT,TRANSFER,N/A,Walmart,USD,Pending
4168,5189,02/04/2024,-4047.44,debit,utility,Whole Foods,Whole Foods,USD,Failed
4169,5021,22-Mar-2023,7809.09,CREDIT,Retail,unknown,Walmart,GBP,FAILED
4170,5227,"Aug 04, 2023",9072.39,Credit,retail,unknown,Shell,CAD,C
4171,5359,"Apr 14, 2023",7670.08,CREDIT,Healthcare,unknown,Shell,USD,C
4172,5007,"Feb 11, 2024",3637.62,DR,utilities,,United Airlines,USD,Failed
4173,5200,08/19/2023,8469.8,Debit,ATM Withdrawal,Spotify,Spotify,USD,completed
4174,5177,03/01/2024,-5005.19,DEBIT,CASH,CASH,null,USD,FAILED
4175,5127,29-Feb-2024,-506.55,DR,food,Food & Dining,Starbucks,USD,Complete
4176,5169,2023-04-13,7026.22,CREDIT,Health,null,Netflix,USD,completed
4177,5262,16-Nov-2023,5265.57,DR,Medical,null,United Airlines,USD,F
4178,5014,"Jul 28, 2023",-6282.01,Debit,healthcare,Healthcare,Target,USD,declined
4179,5319,2023-05-26,2126.02,CREDIT,WIRE,unknown,Whole Foods,USD,declined
4180,5349,"Feb 15, 2023",-4730.16,Debit,TRAVEL,N/A,Google,USD,completed
4181,5133,04/15/2024,3350.67,CR,medical,medical,Amazon,USD,pending
4182,5057,11-May-2023,-8180.06,DEBIT,UTIL,Target,Target,USD,Failed
4183,5045,11-Apr-2024,5111.63,DR,Medical,,,USD,P
4184,5037,"Sep 08, 2023",6059.51,Credit,bills,N/A,Shell,USD,PENDING
4185,5005,12/15/2023,-2360.99,debit,UTILITIES,null,Netflix,USD,Completed
4186,5204,2024-02-17,9446.18,CREDIT,ATM Withdrawal,ATM Withdrawal,Walmart,USD,Declined
4187,5100,2023-01-14,-5015.69,debit,hotel,,Starbucks,USD,completed
4188,5203,"Feb 20, 2024",7596.62,CREDIT,Xfer,Transfer,Whole Foods,USD,failed
4189,5386,"Jan 14, 2023",4892.87,CREDIT,Payroll,Apple,Apple,USD,P
4190,5363,09/17/2023,2851.73,CR,DINING,,Netflix,USD,Failed
4191,5353,2023-08-24,-2672.86,DEBIT,Purchase,Netflix,Netflix,USD,Declined
4192,5377,24-Mar-2024,591.68,CREDIT,utility,N/A,Starbucks,CAD,failed
4193,5266,2023-06-24,6967.54,Credit,DD,DD,Shell,USD,P
4194,5043,02/26/2024,4160.24,Credit,UTILITIES,UTILITIES,Whole Foods,USD,Declined
4195,5287,2023-12-27,5978.5,CREDIT,MEDICAL,Healthcare,unknown,USD,Pending
4196,5347,"Feb 04, 2023",1941.21,DR,UTIL,UTIL,Shell,USD,completed
4197,5123,09/26/2023,3512.18,Debit,utilities,Utilities,Spotify,USD,Complete
4198,5328,"Mar 11, 2024",4790.58,CR,F&D,Food & Dining,Apple,USD,COMPLETED
4199,5130,"Jan 14, 2024",7584.61,Credit,Medical,,Amazon,USD,failed
4200,5300,02/26/2023,143.61,DR,Travel,Starbucks,Starbucks,USD,F
4201,5301,20-Aug-2023,9054.26,credit,DD,unknown,Walmart,USD,Complete
4202,5126,02/03/2024,6449.85,Credit,F&D,Food & Dining,Target,USD,Complete
4203,5205,05/23/2024,-4786.06,debit,Cash,Amazon,Amazon,USD,Completed
4204,5107,06-Oct-2023,3803.92,CREDIT,ATM,ATM Withdrawal,Starbucks,USD,failed
4205,5040,"Mar 17, 2024",-1520.82,DEBIT,bills,bills,Shell,USD,Complete
4206,5381,09/28/2023,-8898.14,DR,medical,Healthcare,Spotify,USD,Completed
4207,5379,14-May-2024,139.88,CR,Bills,Bills,United Airlines,USD,P
4208,5340,12/16/2023,3534.79,DEBIT,DINING,DINING,Starbucks,USD,Pending
4209,5325,"Jun 08, 2024",1634.37,Credit,Airline,Starbucks,Starbucks,GBP,FAILED
4210,5262,07-Jun-2024,-8333.23,DR,Utilities,Utilities,CVS Pharmacy,USD,Failed
4211,5118,01/05/2024,-7245.16,debit,medical,null,Amazon,USD,F
4212,5172,10/26/2023,-6478.3,debit,Direct Deposit,United Airlines,United Airlines,USD,PENDING
4213,5323,23-Mar-2023,4777.07,CR,medical,Apple,Apple,USD,Pending
4214,5068,"Jun 25, 2023",1771.47,credit,retail,Netflix,Netflix,USD,Pending
4215,5293,"Jun 27, 2023",929.67,CREDIT,Xfer,Netflix,Netflix,USD,F
4216,5195,"Mar 09, 2023",3650.25,credit,payroll,CVS Pharmacy,CVS Pharmacy,USD,F
4217,5344,05/02/2023,-3811.61,Debit,food & drink,Food & Dining,United Airlines,USD,COMPLETED
4218,5394,12/15/2023,3202.18,CR,Hotel,unknown,CVS Pharmacy,USD,Declined
4219,5399,"Jan 29, 2023",-8221.46,DEBIT,utilities,Starbucks,Starbucks,EUR,declined
4220,5136,04/14/2023,5681.8,Credit,Shopping,Shopping,United Airlines,USD,P
4221,5074,2023-08-13,-263.5,debit,travel,Spotify,Spotify,USD,PENDING
4222,5363,2023-09-09,7473.29,DEBIT,Cash,ATM Withdrawal,Netflix,USD,pending
4223,5069,2023-12-19,5836.56,CR,Health,Walmart,Walmart,USD,failed
4224,5227,03/28/2024,3647.05,Credit,travel,,United Airlines,GBP,P
4225,5385,08-Feb-2024,-4925.93,Debit,TRANSFER,Transfer,Google,USD,Declined
4226,5067,20-Mar-2024,3163.03,CR,restaurants,Whole Foods,Whole Foods,USD,Completed
4227,5396,06/05/2024,8853.6,debit,purchase,null,Spotify,USD,pending
4228,5240,12/14/2023,-3001.09,DR,medical,medical,Shell,USD,failed
4229,5158,31-Mar-2023,8433.29,Credit,utility,Utilities,Apple,USD,P
4230,5050,11/03/2023,5339.76,Debit,direct deposit,CVS Pharmacy,CVS Pharmacy,USD,Failed
4231,5298,04/22/2023,-2999.53,DR,ATM,null,Google,USD,completed
4232,5086,"Jan 13, 2023",6412.73,debit,shopping,Starbucks,Starbucks,USD,COMPLETED
4233,5034,05/10/2023,3852.8,Credit,ATM Withdrawal,ATM Withdrawal,Target,USD,pending
4234,5215,2023-12-25,-8714.49,DR,DD,,CVS Pharmacy,USD,Completed
4235,5035,02/22/2023,8353.47,CREDIT,Purchase,Netflix,Netflix,USD,F
4236,5359,08-Apr-2024,4360.4,CR,Direct Deposit,,Google,USD,Failed
4237,5055,2023-03-06,4762.2,CREDIT,travel,,Spotify,USD,COMPLETED
4238,5121,"Jul 30, 2023",542.73,credit,Airline,Airline,Shell,USD,F
4239,5055,10-Jan-2023,2455.15,credit,Food & Dining,null,null,USD,P
4240,5174,"Feb 09, 2023",-8561.5,DR,restaurants,restaurants,Starbucks,USD,Failed
4241,5043,"Feb 25, 2023",8175.26,Debit,ATM Cash,ATM Cash,Apple,USD,declined
4242,5122,04/24/2023,-40.21,DR,salary,salary,Google,EUR,pending
4243,5199,16-Jun-2023,1274.11,Credit,Bills,null,Walmart,USD,pending
4244,5118,02/01/2023,-5625.8,Debit,CASH,ATM Withdrawal,Amazon,USD,Failed
4245,5201,17-Jun-2024,-3465.44,Debit,shopping,N/A,Google,GBP,P
4246,5268,06/26/2024,3147.77,credit,ATM Withdrawal,ATM Withdrawal,Google,USD,Failed
4247,5062,"May 18, 2024",-7236.92,Debit,atm,Google,Google,USD,C
4248,5048,28-Jul-2023,3538.92,DEBIT,Travel,CVS Pharmacy,CVS Pharmacy,USD,Complete
4249,5094,30-Oct-2023,-4000.23,debit,Xfer,Transfer,Target,USD,C
4250,5346,04/18/2023,8217.2,CR,dining,unknown,Shell,USD,declined
4251,5006,01/01/2023,7133.44,CR,DD,null,Shell,USD,Complete
4252,5233,01-Aug-2023,8065.43,CREDIT,Cash,Starbucks,Starbucks,USD,Failed
4253,5244,05/04/2023,3588.48,credit,atm,null,Apple,USD,Failed
4254,5084,2023-02-17,7377.16,CREDIT,food,food,Google,USD,Failed
4255,5249,18-Jan-2023,4822.57,CR,shopping,Shopping,Apple,USD,completed
4256,5106,05/20/2024,-7916.6,Debit,Salary,United Airlines,United Airlines,USD,pending
4257,5036,07-Jan-2023,8704.58,Credit,Purchase,Amazon,Amazon,USD,F
4258,5249,2023-10-19,362.67,CREDIT,food & drink,,Starbucks,USD,F
4259,5032,2023-09-06,6018.89,CR,Retail,Walmart,Walmart,USD,Completed
4260,5030,2023-04-12,9246.61,CREDIT,travel,N/A,Netflix,USD,PENDING
4261,5383,2023-09-26,4498.2,Credit,Restaurants,Google,Google,USD,FAILED
4262,5149,2023-11-27,-2840.87,Debit,Wire,Transfer,CVS Pharmacy,USD,Failed
4263,5234,"Sep 16, 2023",5239.12,CR,Wire,Wire,Walmart,CAD,failed
4264,5397,"Jul 18, 2023",3239.98,CR,dining,Walmart,Walmart,USD,Declined
4265,5284,16-Sep-2023,7939.05,Credit,Xfer,N/A,United Airlines,CAD,COMPLETED
4266,5012,06-Mar-2024,1634.68,Credit,medical,Healthcare,Spotify,USD,FAILED
4267,5015,07/05/2023,3832.08,debit,cash,ATM Withdrawal,Apple,USD,Complete
4268,5039,12/21/2023,1613.54,credit,transfer,Spotify,Spotify,USD,PENDING
4269,5272,21-Jul-2023,9301.34,Debit,healthcare,healthcare,Target,USD,pending
4270,5025,2023-02-11,5125.17,Credit,TRANSFER,Transfer,Netflix,EUR,failed
4271,5073,2023-06-20,-2507.91,DR,transfer,Transfer,Walmart,USD,Completed
4272,5227,"Oct 07, 2023",8625.26,debit,shopping,Shopping,,GBP,Pending
4273,5259,29-Jan-2023,1173.01,credit,Purchase,Shopping,null,USD,COMPLETED
4274,5083,12/18/2023,1079.44,CR,food,null,null,USD,PENDING
4275,5022,"Jul 19, 2023",2340.46,credit,dining,Food & Dining,Whole Foods,CAD,Failed
4276,5048,2023-02-02,1053.77,credit,DD,Payroll,United Airlines,MXN,Failed
4277,5179,08/21/2023,-3224.11,Debit,Direct Deposit,Google,Google,USD,declined
4278,5243,2023-02-27,-7268.03,DEBIT,shopping,,Spotify,USD,P
4279,5099,2023-12-31,-8728.08,DEBIT,healthcare,Healthcare,Shell,USD,P
4280,5191,"Dec 25, 2023",807.12,CR,HOTEL,HOTEL,United Airlines,USD,declined
4281,5237,15-Mar-2023,983.32,debit,F&D,F&D,Google,EUR,P
4282,5200,"Jun 25, 2024",4756.29,CR,ATM Cash,,,USD,declined
4283,5060,"Mar 15, 2024",-7804.38,DEBIT,Food & Dining,Google,Google,USD,P
4284,5051,"Sep 22, 2023",-2252.05,DEBIT,direct deposit,direct deposit,Target,USD,Failed
4285,5177,09-Apr-2023,5075.96,Credit,Xfer,Transfer,Spotify,USD,Pending
4286,5173,"Jul 04, 2023",4381.48,CR,Cash,ATM Withdrawal,Netflix,USD,declined
4287,5201,"Jan 24, 2023",1948.57,CR,food,,Netflix,MXN,failed
4288,5363,21-Jun-2024,8111.96,CR,cash,ATM Withdrawal,Shell,USD,Declined
4289,5027,2023-01-06,-6017.62,DR,healthcare,unknown,unknown,GBP,P
4290,5291,27-Jan-2023,-3452.69,Debit,ATM Cash,ATM Withdrawal,Apple,USD,PENDING
4291,5338,"Jan 12, 2023",-5524.71,DEBIT,payroll,unknown,Walmart,USD,COMPLETED
4292,5098,2024-05-25,306.59,CREDIT,airline,Travel,Whole Foods,USD,failed
4293,5303,14-Jun-2023,8055.55,DR,Shopping,Shopping,Shell,USD,COMPLETED
4294,5105,"Mar 26, 2023",-4273.68,DEBIT,UTILITIES,Shell,Shell,USD,Completed
4295,5112,04/29/2024,9178.68,debit,wire transfer,null,Whole Foods,USD,P
4296,5075,02/26/2023,328.02,credit,transfer,Transfer,United Airlines,USD,PENDING
4297,5338,"Mar 11, 2024",6766.72,CR,hotel,,Netflix,USD,COMPLETED
4298,5189,17-Jan-2023,-8070.38,DR,F&D,F&D,Apple,USD,Declined
4299,5338,08/04/2023,1030.59,credit,wire transfer,Walmart,Walmart,CAD,Declined
4300,5235,2023-03-14,6578.56,credit,restaurants,restaurants,Shell,USD,F
4301,5239,2024-01-22,644.05,credit,F&D,N/A,Shell,USD,Pending
4302,5277,09/29/2023,-1109.52,Debit,bills,Amazon,Amazon,USD,declined
4303,5339,2023-10-07,2609.27,CREDIT,Direct Deposit,null,Walmart,USD,PENDING
4304,5056,05/15/2024,4149.32,Credit,purchase,Shopping,Amazon,USD,P
4305,5218,06/16/2024,580.42,Credit,utilities,unknown,Starbucks,USD,Completed
4306,5055,"May 06, 2023",7718.4,CR,Cash,N/A,Spotify,USD,completed
4307,5313,"Aug 13, 2023",4505.96,debit,salary,salary,,USD,C
4308,5187,07/22/2023,8682.84,credit,TRANSFER,TRANSFER,Shell,USD,Declined
4309,5234,2023-04-30,-5036.56,DR,F&D,Starbucks,Starbucks,USD,COMPLETED
4310,5326,"Mar 27, 2023",7842.88,CR,restaurants,N/A,Shell,USD,completed
4311,5082,2023-03-22,5778.01,CR,ATM Withdrawal,Starbucks,Starbucks,USD,Pending
4312,5243,05/20/2023,9099.34,credit,Xfer,Transfer,United Airlines,USD,COMPLETED
4313,5257,2023-06-13,-4615.04,debit,Hotel,Hotel,Apple,USD,Pending
4314,5015,08/21/2023,-3921.29,DEBIT,Bills,null,CVS Pharmacy,USD,PENDING
4315,5247,13-Oct-2023,1782.35,CREDIT,salary,Spotify,Spotify,USD,C
4316,5290,2024-03-21,1495.41,DR,salary,,Target,USD,PENDING
4317,5057,05/12/2024,9327.1,DEBIT,Wire,N/A,Netflix,USD,Complete
4318,5089,06-Oct-2023,8578.64,CREDIT,Travel,null,Google,USD,completed
4319,5085,02/20/2023,-2204.32,DR,dining,Netflix,Netflix,USD,COMPLETED
4320,5126,04/30/2024,6588.38,Credit,Hotel,Travel,Spotify,USD,P
4321,5246,"Dec 15, 2023",4770.42,credit,food & drink,Starbucks,Starbucks,USD,failed
4322,5395,04/29/2023,-7989.99,DR,Transfer,United Airlines,United Airlines,USD,PENDING
4323,5123,06/07/2024,7225.73,CR,Transfer,Transfer,CVS Pharmacy,USD,P
4324,5191,07-Feb-2023,3736.98,DEBIT,atm,ATM Withdrawal,Spotify,USD,F
4325,5058,02-May-2024,7795.35,credit,shopping,shopping,Amazon,USD,Pending
4326,5231,28-Apr-2023,1438.25,CR,payroll,payroll,Google,USD,Complete
4327,5267,2024-05-21,-5119.36,Debit,CASH,ATM Withdrawal,Netflix,USD,failed
4328,5284,17-May-2024,526.79,Credit,Payroll,Payroll,Netflix,USD,COMPLETED
4329,5115,13-May-2024,9092.91,Credit,Healthcare,Target,Target,USD,declined
4330,5075,10/20/2023,8149.3,DR,TRAVEL,TRAVEL,Whole Foods,USD,C
4331,5383,"Aug 30, 2023",3598.95,Credit,CASH,Apple,Apple,USD,pending
4332,5052,2024-05-25,2034.87,credit,retail,Shopping,Spotify,USD,FAILED
4333,5381,"May 27, 2023",-2660.43,Debit,PAYROLL,Spotify,Spotify,USD,COMPLETED
4334,5071,2024-06-09,296.89,CR,utilities,utilities,Amazon,USD,Failed
4335,5119,22-Feb-2024,-5069.7,DEBIT,HOTEL,Google,Google,USD,C
4336,5376,11/10/2023,9460.01,CR,ATM Cash,ATM Cash,United Airlines,USD,F
4337,5119,"Jul 29, 2023",1927.46,CREDIT,Direct Deposit,Whole Foods,Whole Foods,USD,completed
4338,5119,20-Jul-2023,8217.55,CREDIT,TRANSFER,United Airlines,United Airlines,USD,pending
4339,5356,2024-01-23,7973.17,credit,hotel,hotel,Spotify,MXN,declined
4340,5118,08/20/2023,3757.53,CREDIT,UTIL,null,null,USD,F
4341,5283,11/09/2023,6716.77,DEBIT,Transfer,Transfer,Apple,USD,declined
4342,5339,"May 12, 2023",789.62,Credit,ATM,ATM Withdrawal,Apple,USD,F
4343,5204,"Feb 08, 2024",-2189.22,debit,medical,medical,Netflix,USD,declined
4344,5305,2024-06-05,9064.15,credit,hotel,Travel,Shell,USD,Completed
4345,5066,22-Jun-2024,-4997.67,debit,Direct Deposit,Direct Deposit,CVS Pharmacy,USD,COMPLETED
4346,5317,2024-02-02,1816.43,Debit,Salary,,Google,USD,Declined
4347,5166,"Jul 21, 2023",-2253.7,DR,utilities,,Apple,USD,C
4348,5350,04/24/2023,-885.75,DEBIT,wire transfer,wire transfer,Shell,USD,Failed
4349,5213,01/19/2024,4109.6,debit,TRAVEL,TRAVEL,unknown,CAD,pending
4350,5021,14-Jan-2023,8670.48,CR,Direct Deposit,Direct Deposit,Amazon,GBP,P
4351,5266,06/25/2024,-7244.42,debit,Utilities,null,Target,USD,completed
4352,5221,02/04/2023,6306.51,CR,Transfer,Transfer,Netflix,USD,completed
4353,5065,"Apr 07, 2023",-9185.18,debit,food,Spotify,Spotify,USD,Failed
4354,5247,01/27/2023,6646.87,CR,PAYROLL,Payroll,United Airlines,USD,Completed
4355,5026,11/14/2023,729.79,DEBIT,shopping,shopping,Google,USD,PENDING
4356,5041,09/22/2023,6115.3,CR,TRAVEL,TRAVEL,Whole Foods,USD,F
4357,5235,17-Jan-2024,-8619.69,DEBIT,Restaurants,Restaurants,Apple,USD,pending
4358,5005,"Mar 17, 2023",4145.02,DR,Healthcare,Healthcare,Whole Foods,USD,COMPLETED
4359,5337,2023-11-20,5180.32,DR,hotel,hotel,Amazon,USD,F
4360,5263,15-Apr-2023,5405.81,Debit,DINING,N/A,Whole Foods,USD,COMPLETED
4361,5110,08-Oct-2023,1247.74,Debit,CASH,Walmart,Walmart,USD,F
4362,5073,"Jul 16, 2023",3620.42,CREDIT,food & drink,Food & Dining,Amazon,USD,failed
4363,5327,06/04/2023,4617.23,Debit,Shopping,Shopping,Spotify,USD,Complete
4364,5361,"Apr 13, 2023",-3913.75,debit,MEDICAL,United Airlines,United Airlines,USD,FAILED
4365,5287,"Dec 20, 2023",4231.91,DR,TRANSFER,Apple,Apple,USD,F
4366,5354,2024-04-12,-2870.75,Debit,medical,medical,Apple,USD,P
4367,5082,29-Apr-2024,-3901.19,DEBIT,Airline,N/A,Starbucks,USD,pending
4368,5125,10/29/2023,6346.52,debit,salary,United Airlines,United Airlines,USD,declined
4369,5082,18-Jun-2024,-4608.61,Debit,Xfer,Xfer,United Airlines,USD,declined
4370,5161,"Jun 12, 2023",6044.61,CR,WIRE,WIRE,CVS Pharmacy,USD,declined
4371,5023,"Feb 18, 2023",7095.17,DEBIT,CASH,ATM Withdrawal,CVS Pharmacy,USD,FAILED
4372,5015,05-Apr-2023,7981.54,Debit,ATM,null,null,USD,Pending
4373,5006,15-Mar-2024,1166.94,Credit,Cash,Shell,Shell,MXN,FAILED
4374,5279,2023-02-25,-4275.18,DEBIT,medical,unknown,Spotify,USD,Pending
4375,5033,02/13/2024,-1258.03,DEBIT,Shopping,Shopping,Starbucks,USD,F
4376,5156,03-May-2023,2238.78,CR,shopping,Amazon,Amazon,USD,declined
4377,5178,2023-02-27,5674.48,CR,Health,Health,Whole Foods,USD,Complete
4378,5166,11/01/2023,2035.36,Debit,utility,Utilities,Amazon,MXN,failed
4379,5256,"Feb 02, 2023",-4463.84,DR,airline,,United Airlines,USD,Completed
4380,5230,15-Jan-2023,6118.32,CREDIT,Salary,Salary,Spotify,GBP,C
4381,5138,03/11/2023,3458.55,CR,Healthcare,Target,Target,CAD,Pending
4382,5171,2024-04-01,5890.1,CREDIT,payroll,,Spotify,USD,pending
4383,5013,"Aug 26, 2023",2524.36,credit,healthcare,healthcare,Walmart,USD,completed
4384,5126,07/22/2023,-1907.73,Debit,Bills,null,Whole Foods,USD,C
4385,5143,"Oct 01, 2023",-4852.11,DEBIT,purchase,Shopping,Target,USD,Pending
4386,5314,2023-04-22,-4430.64,debit,Retail,null,CVS Pharmacy,USD,Completed
4387,5343,"Apr 12, 2023",-4177.24,Debit,ATM Withdrawal,ATM Withdrawal,Starbucks,USD,C
4388,5244,2023-02-22,3319.77,CREDIT,medical,medical,Amazon,USD,Declined
4389,5058,"Apr 06, 2024",-2883.28,debit,Hotel,Walmart,Walmart,USD,pending
4390,5036,2023-05-26,3911.99,CREDIT,Salary,,Shell,USD,F
4391,5070,"May 28, 2024",-3629.57,Debit,DINING,United Airlines,United Airlines,GBP,declined
4392,5063,04-Aug-2023,-700.8,debit,MEDICAL,Healthcare,Whole Foods,USD,Declined
4393,5022,2023-05-18,5799.46,DEBIT,TRAVEL,Target,Target,USD,P
4394,5258,05/30/2024,-5543.54,DR,payroll,Payroll,Google,USD,F
4395,5114,11/05/2023,-262.06,Debit,Salary,Spotify,Spotify,USD,COMPLETED
4396,5069,"Jun 20, 2023",-9040.2,Debit,Utilities,,Starbucks,USD,failed
4397,5374,09-Jan-2023,743.44,Debit,Direct Deposit,Whole Foods,Whole Foods,USD,Complete
4398,5388,20-Jun-2023,7996.37,Credit,DD,DD,Netflix,EUR,completed
4399,5002,"Mar 24, 2024",2496.97,CR,payroll,payroll,Target,USD,Completed
4400,5004,06/20/2023,-5065.41,debit,food,food,Spotify,USD,F
4401,5293,"Jun 01, 2023",757.37,debit,Payroll,Payroll,Amazon,USD,COMPLETED
4402,5266,2023-04-18,-5946.44,debit,hotel,N/A,Netflix,USD,pending
4403,5180,02/27/2023,-3436.49,DEBIT,Retail,,,USD,failed
4404,5253,26-Mar-2023,4319.25,CR,Healthcare,Spotify,Spotify,USD,declined
4405,5108,2023-04-06,7944.67,credit,Healthcare,Target,Target,USD,Failed
4406,5093,"Sep 05, 2023",-8349.78,DEBIT,Food & Dining,N/A,Starbucks,USD,pending
4407,5323,2023-04-15,3906.07,CREDIT,health,Healthcare,unknown,CAD,Declined
4408,5011,2023-06-10,-2194.45,DR,dining,CVS Pharmacy,CVS Pharmacy,USD,Pending
4409,5248,06/19/2023,-2521.43,DR,restaurants,,CVS Pharmacy,USD,COMPLETED
4410,5249,2023-06-24,-5599.57,DR,purchase,purchase,Whole Foods,USD,F
4411,5061,01/04/2024,289.14,credit,Transfer,Spotify,Spotify,USD,P
4412,5222,2023-04-07,-792.62,debit,utility,utility,,GBP,Completed
4413,5352,09/17/2023,6386.62,CR,purchase,United Airlines,United Airlines,USD,Pending
4414,5128,2023-11-30,5195.42,DR,Salary,Payroll,Google,MXN,Complete
4415,5228,2023-08-27,4423.28,CREDIT,healthcare,Amazon,Amazon,USD,completed
4416,5356,2023-01-13,8343.73,Credit,HOTEL,United Airlines,United Airlines,USD,FAILED
4417,5366,2023-11-07,8564.74,CREDIT,Medical,Healthcare,Whole Foods,USD,declined
4418,5023,"May 20, 2023",4065.67,CR,health,Target,Target,USD,PENDING
4419,5037,"Oct 07, 2023",9493.12,credit,transfer,Spotify,Spotify,USD,C
4420,5232,15-Sep-2023,6335.97,CREDIT,food,food,United Airlines,USD,PENDING
4421,5082,01/05/2024,8053.89,Credit,DD,Payroll,Target,USD,P
4422,5377,16-Mar-2023,8371.89,DEBIT,atm,ATM Withdrawal,Google,USD,completed
4423,5025,02-Jun-2023,-2836.27,Debit,bills,Utilities,,USD,completed
4424,5227,2024-05-09,5389.76,Credit,payroll,Payroll,Shell,USD,Completed
4425,5303,03/12/2024,-6488.69,DEBIT,Travel,Spotify,Spotify,USD,FAILED
4426,5235,2024-04-08,-1359.69,DEBIT,Hotel,unknown,Whole Foods,USD,COMPLETED
4427,5061,"May 12, 2024",-6155.79,Debit,ATM,Amazon,Amazon,USD,Declined
4428,5202,25-Oct-2023,4746.67,CREDIT,cash,unknown,Whole Foods,USD,Complete
4429,5050,"Mar 31, 2023",-3475.8,Debit,Xfer,Shell,Shell,USD,C
4430,5115,05/03/2023,8635.56,DR,utilities,utilities,Whole Foods,GBP,Failed
4431,5364,"Feb 05, 2023",-37.34,DEBIT,Salary,Salary,Amazon,USD,C
4432,5398,2024-06-25,4881.17,CR,food,CVS Pharmacy,CVS Pharmacy,USD,P
4433,5042,11/23/2023,-4291.35,Debit,Cash,,Google,GBP,completed
4434,5123,"Jul 11, 2023",-539.28,DR,Restaurants,Restaurants,Whole Foods,USD,failed
4435,5260,"Apr 08, 2023",7596.88,Credit,travel,Travel,United Airlines,USD,F
4436,5386,02/19/2024,-5495.1,DR,travel,unknown,United Airlines,USD,pending
4437,5251,2023-04-07,-4119.4,DR,payroll,null,Amazon,USD,Complete
4438,5083,"Apr 24, 2023",696.22,Debit,Cash,ATM Withdrawal,Spotify,USD,Failed
4439,5207,06/07/2023,1038.81,Credit,airline,Spotify,Spotify,USD,COMPLETED
4440,5221,2024-05-14,877.37,DEBIT,Health,Health,Apple,USD,Completed
4441,5209,19-Apr-2023,3587.32,Credit,CASH,unknown,unknown,USD,Failed
4442,5347,2024-05-29,962.68,CREDIT,HOTEL,HOTEL,CVS Pharmacy,USD,failed
4443,5184,06/02/2024,6822.06,credit,utilities,unknown,Apple,USD,P
4444,5216,09/30/2023,3003.45,DR,ATM,ATM,Walmart,EUR,PENDING
4445,5250,"Nov 19, 2023",8659.76,Credit,Health,Health,Apple,USD,F
4446,5081,07-Mar-2024,4139.34,CR,PAYROLL,PAYROLL,Walmart,USD,Declined
4447,5104,"Dec 15, 2023",6413.85,Credit,Cash,ATM Withdrawal,null,USD,FAILED
4448,5380,20-Feb-2024,-6896.06,DEBIT,ATM Cash,null,Amazon,USD,C
4449,5061,23-Aug-2023,-3808.56,debit,Transfer,Transfer,Starbucks,USD,Complete
4450,5373,"Dec 30, 2023",-5709.84,debit,Healthcare,,,GBP,Declined
4451,5304,09-Jan-2024,-6095.36,Debit,restaurants,Amazon,Amazon,USD,Complete
4452,5079,"Jul 09, 2023",-9244.52,DEBIT,Healthcare,Healthcare,Amazon,USD,PENDING
4453,5172,2023-09-23,4592.06,Debit,retail,Walmart,Walmart,USD,pending
4454,5157,02/12/2023,4277.28,CREDIT,F&D,Shell,Shell,USD,FAILED
4455,5012,"May 22, 2024",3003.27,CREDIT,payroll,CVS Pharmacy,CVS Pharmacy,USD,C
4456,5296,01/21/2024,-7372.01,DEBIT,UTILITIES,Starbucks,Starbucks,USD,FAILED
4457,5032,2023-10-17,3476.15,credit,Bills,Utilities,United Airlines,USD,failed
4458,5091,22-May-2023,-6472.35,DR,Cash,Cash,Target,USD,Declined
4459,5143,"Apr 10, 2023",-8067.04,debit,travel,Travel,Google,USD,C
4460,5209,06/05/2023,-8053.35,DR,TRANSFER,TRANSFER,Walmart,USD,FAILED
4461,5261,29-Apr-2024,-113.44,DEBIT,medical,Healthcare,Spotify,USD,Complete
4462,5309,23-Feb-2023,5128.98,DR,Payroll,N/A,Google,USD,completed
4463,5145,07/08/2023,5573.93,credit,Travel,Walmart,Walmart,USD,F
4464,5336,"Dec 10, 2023",2037.87,credit,UTIL,UTIL,United Airlines,GBP,failed
4465,5024,11-Mar-2024,-3918.53,debit,Retail,Netflix,Netflix,USD,completed
4466,5036,20-Mar-2023,-274.69,Debit,transfer,Shell,Shell,USD,FAILED
4467,5078,"Apr 19, 2024",-6133.71,DEBIT,travel,N/A,Netflix,USD,C
4468,5375,2024-03-18,6724.73,CREDIT,Food & Dining,Shell,Shell,USD,Declined
4469,5151,2024-01-29,8234.17,credit,payroll,Whole Foods,Whole Foods,USD,C
4470,5286,30-Jun-2024,-3946.16,Debit,healthcare,null,Netflix,USD,Pending
4471,5095,26-Feb-2024,-7655.19,debit,purchase,purchase,Starbucks,USD,declined
4472,5075,"Feb 03, 2023",4048.44,DR,TRANSFER,Transfer,Shell,USD,Complete
4473,5196,04/06/2023,972.47,debit,purchase,Shopping,Spotify,USD,F
4474,5077,10-Jan-2023,8790.24,debit,MEDICAL,unknown,Apple,USD,declined
4475,5048,"Jan 06, 2024",8480.43,Credit,purchase,Shopping,Starbucks,USD,FAILED
4476,5145,2023-12-12,-5884.57,debit,hotel,Netflix,Netflix,USD,Failed
4477,5317,04-Mar-2023,-169.06,Debit,Retail,Shopping,Target,USD,Completed
4478,5120,10-Apr-2023,2357.46,debit,purchase,,Target,USD,PENDING
4479,5246,2024-03-04,6200.13,CR,MEDICAL,Healthcare,Starbucks,USD,P
4480,5028,09-Mar-2023,-6230.09,DR,dining,Netflix,Netflix,USD,completed
4481,5175,2024-04-03,2453.89,credit,restaurants,Food & Dining,Walmart,USD,Complete
4482,5335,12/17/2023,3178.92,Credit,Travel,null,Starbucks,USD,C
4483,5252,01/19/2024,1977.99,CREDIT,F&D,N/A,Google,USD,FAILED
4484,5105,2024-01-20,9335.22,CREDIT,UTIL,N/A,Starbucks,USD,Pending
4485,5026,"Mar 17, 2024",-6706.7,debit,Direct Deposit,United Airlines,United Airlines,USD,completed
4486,5142,06/07/2024,8121.95,CR,Cash,ATM Withdrawal,Whole Foods,USD,Completed
4487,5298,06/01/2023,8182.87,CR,ATM Withdrawal,,Google,MXN,PENDING
4488,5124,04/26/2023,8985.76,credit,Airline,null,Google,USD,FAILED
4489,5308,01-Sep-2023,5489.36,CR,Healthcare,Spotify,Spotify,USD,completed
4490,5120,06-Apr-2023,-5986.46,DR,restaurants,Food & Dining,Spotify,USD,COMPLETED
4491,5116,"Jan 10, 2023",3599.45,CREDIT,hotel,Travel,Google,USD,Failed
4492,5203,2023-09-17,3488.59,CREDIT,atm,atm,Whole Foods,USD,completed
4493,5398,2023-03-25,1258.16,credit,direct deposit,direct deposit,Starbucks,USD,COMPLETED
4494,5245,2023-10-06,-2422.06,Debit,wire transfer,wire transfer,CVS Pharmacy,USD,failed
4495,5005,04/26/2024,743.86,DR,direct deposit,Whole Foods,Whole Foods,CAD,Pending
4496,5099,2024-06-17,-7258.46,DR,transfer,Transfer,Google,USD,FAILED
4497,5297,19-Aug-2023,6974.6,Debit,MEDICAL,null,Netflix,MXN,F
4498,5145,09/23/2023,574.94,Credit,Food & Dining,Food & Dining,Apple,USD,COMPLETED
4499,5365,03/03/2024,-2106.5,DEBIT,PAYROLL,Whole Foods,Whole Foods,USD,PENDING
4500,5218,14-Oct-2023,6746.25,CREDIT,shopping,shopping,CVS Pharmacy,USD,COMPLETED
4501,5328,26-Feb-2024,3613.92,Credit,travel,null,Shell,USD,COMPLETED
4502,5200,2023-02-10,2174.19,CREDIT,SHOPPING,Shopping,Shell,USD,Complete
4503,5138,2024-04-28,2599.03,CREDIT,Airline,Travel,Spotify,USD,F
4504,5036,2023-08-17,1377.3,credit,restaurants,N/A,United Airlines,USD,pending
4505,5072,01/01/2024,1966.49,debit,WIRE,N/A,Walmart,USD,Pending
4506,5073,27-May-2024,-9428.96,DEBIT,Transfer,Amazon,Amazon,USD,P
4507,5150,2023-02-07,8288.58,debit,Direct Deposit,Shell,Shell,USD,Declined
4508,5107,12-Sep-2023,1387.88,Credit,healthcare,United Airlines,United Airlines,USD,Failed
4509,5349,15-Nov-2023,6606.45,Debit,Medical,Healthcare,Netflix,USD,PENDING
4510,5109,06/03/2023,-5711.73,debit,Retail,Spotify,Spotify,USD,COMPLETED
4511,5108,05/13/2023,-3970.55,Debit,F&D,Food & Dining,Walmart,USD,Completed
4512,5282,19-Oct-2023,3471.41,Debit,dining,dining,Starbucks,USD,declined
4513,5033,05/21/2024,4472.32,CR,retail,N/A,Shell,USD,declined
4514,5246,"Feb 18, 2024",8629.32,CR,HOTEL,HOTEL,United Airlines,USD,P
4515,5021,07/27/2023,-8368.62,DEBIT,medical,medical,Walmart,USD,Pending
4516,5248,22-Jun-2024,1872.06,CR,atm,ATM Withdrawal,Whole Foods,USD,pending
4517,5078,"Jan 21, 2024",-3502.21,DEBIT,cash,null,CVS Pharmacy,USD,declined
4518,5325,2023-10-28,6957.88,Credit,retail,Shopping,Google,USD,Failed
4519,5390,17-Jul-2023,-4169.67,DEBIT,ATM,ATM,Shell,USD,Declined
4520,5172,2023-08-24,7259.07,CREDIT,transfer,transfer,Amazon,USD,Completed
4521,5279,04/22/2024,-4518.72,Debit,utility,utility,unknown,USD,COMPLETED
4522,5059,"Dec 13, 2023",-3840.29,Debit,utility,United Airlines,United Airlines,CAD,Complete
4523,5323,2024-01-29,4787.15,Credit,Restaurants,N/A,Google,USD,FAILED
4524,5163,2023-01-07,378.47,CR,health,,Netflix,USD,failed
4525,5320,"Dec 20, 2023",-801.4,Debit,Xfer,Amazon,Amazon,GBP,pending
4526,5281,"Feb 03, 2024",9259.49,credit,bills,Utilities,Google,USD,COMPLETED
4527,5232,2024-04-12,4476.77,CREDIT,payroll,N/A,Spotify,USD,FAILED
4528,5075,05/09/2024,5936.98,credit,Restaurants,Restaurants,Target,USD,declined
4529,5106,28-Jun-2024,3813.66,debit,Utilities,unknown,Apple,USD,Declined
4530,5031,2023-09-18,9248.38,CR,wire transfer,Transfer,Target,USD,Complete
4531,5180,06/23/2023,-8632.54,debit,food & drink,N/A,Target,USD,Complete
4532,5372,"Jan 03, 2023",4718.99,Credit,Utilities,unknown,unknown,USD,COMPLETED
4533,5373,10/10/2023,1392.66,CR,Healthcare,Healthcare,Target,USD,F
4534,5061,2024-03-07,-490.24,Debit,restaurants,Food & Dining,Apple,USD,C
4535,5012,2023-06-24,-1994.34,debit,wire transfer,,United Airlines,CAD,declined
4536,5251,14-Apr-2023,6564.08,Credit,ATM Cash,Starbucks,Starbucks,USD,COMPLETED
4537,5339,2023-05-30,6271.79,CR,utility,Target,Target,USD,COMPLETED
4538,5244,01-Mar-2024,-4102.58,debit,Purchase,Shopping,N/A,USD,pending
4539,5112,2023-11-17,-610.52,debit,DINING,Food & Dining,Starbucks,USD,FAILED
4540,5200,10/17/2023,-9024.94,debit,SHOPPING,Google,Google,USD,C
4541,5184,05/08/2023,-9378.84,DR,Healthcare,Healthcare,unknown,USD,FAILED
4542,5262,"Apr 27, 2024",-9011.08,Debit,UTILITIES,Utilities,CVS Pharmacy,USD,Failed
4543,5283,15-Jan-2024,2833.15,CR,UTILITIES,Utilities,Google,USD,failed
4544,5081,"May 04, 2023",8756.78,Debit,SHOPPING,Shopping,Netflix,USD,Complete
4545,5007,2023-04-15,-8306.8,debit,Healthcare,Healthcare,Target,USD,pending
4546,5063,"Feb 21, 2023",-6553.25,DR,F&D,unknown,Spotify,EUR,P
4547,5013,18-Jul-2023,996.35,Credit,Direct Deposit,null,Shell,USD,C
4548,5296,31-Jan-2023,2848.37,credit,Retail,unknown,Shell,USD,C
4549,5268,2024-01-21,-1450.41,DR,Direct Deposit,Netflix,Netflix,USD,declined
4550,5273,03/06/2024,-6681.87,Debit,restaurants,null,Spotify,USD,COMPLETED
4551,5010,2023-10-17,190.69,CREDIT,ATM Withdrawal,ATM Withdrawal,Whole Foods,USD,completed
4552,5338,06/18/2024,7048.53,Debit,airline,Apple,Apple,USD,P
4553,5300,13-Feb-2024,-5838.81,DR,airline,Walmart,Walmart,USD,Completed
4554,5235,"Sep 05, 2023",788.75,CREDIT,Direct Deposit,unknown,Starbucks,CAD,FAILED
4555,5237,"Dec 14, 2023",-885.22,DEBIT,Travel,Travel,Apple,USD,Failed
4556,5370,01/12/2024,4325.44,Debit,Retail,,Google,USD,F
4557,5282,"Jun 21, 2024",2597.98,Credit,F&D,N/A,N/A,USD,pending
4558,5232,2023-03-23,-7458.58,DEBIT,ATM Cash,ATM Withdrawal,Apple,USD,COMPLETED
4559,5360,"May 20, 2024",1837.73,Debit,dining,dining,Target,USD,C
4560,5143,04/10/2024,4471.04,CR,F&D,Whole Foods,Whole Foods,USD,COMPLETED
4561,5223,2023-12-22,6571.12,CREDIT,SHOPPING,Shopping,Apple,USD,COMPLETED
4562,5004,07-Feb-2023,7977.86,CREDIT,Retail,Shopping,N/A,USD,PENDING
4563,5369,2023-10-12,8416.49,CR,utility,N/A,CVS Pharmacy,USD,failed
4564,5186,08/08/2023,5882.91,DEBIT,UTIL,UTIL,Target,USD,P
4565,5302,"Jan 13, 2023",594.77,CR,WIRE,WIRE,Walmart,USD,P
4566,5109,18-Dec-2023,2632.91,CR,Direct Deposit,Payroll,Netflix,USD,F
4567,5112,2024-06-03,8252.06,CR,Payroll,Payroll,Spotify,USD,F
4568,5059,"Apr 17, 2024",2215.64,credit,utilities,utilities,null,USD,Complete
4569,5127,11/09/2023,6413.31,Credit,Payroll,N/A,Whole Foods,USD,failed
4570,5267,13-May-2024,-6254.19,debit,utility,Utilities,Spotify,USD,C
4571,5265,"Jan 13, 2023",-3176.37,DR,retail,retail,Target,USD,Completed
4572,5020,2024-03-01,2784.55,CR,Bills,Target,Target,CAD,declined
4573,5343,"Apr 22, 2023",2770.18,CR,cash,unknown,Apple,USD,F
4574,5309,"Sep 03, 2023",7408.29,credit,Restaurants,N/A,Whole Foods,USD,Declined
4575,5006,"Oct 04, 2023",7005.22,CR,TRANSFER,TRANSFER,CVS Pharmacy,USD,completed
4576,5011,"May 31, 2024",4636.38,DR,DINING,Shell,Shell,EUR,completed
4577,5289,2023-01-10,-1220.37,DR,utilities,,United Airlines,EUR,Completed
4578,5316,12-Nov-2023,9348.92,DEBIT,wire transfer,Google,Google,USD,FAILED
4579,5107,02/04/2024,9231.72,DEBIT,Transfer,Transfer,Starbucks,USD,Completed
4580,5352,2023-03-09,6889.27,Credit,dining,dining,Shell,USD,Failed
4581,5342,"Jan 28, 2023",3688.41,CREDIT,TRAVEL,TRAVEL,Spotify,USD,Pending
4582,5373,"Mar 22, 2023",6207.01,CR,Travel,Travel,Target,USD,PENDING
4583,5360,2023-06-15,1896.85,DR,Cash,Cash,Netflix,USD,F
4584,5281,14-Jul-2023,986.2,credit,retail,Target,Target,USD,Completed
4585,5097,18-Nov-2023,3481.76,credit,airline,N/A,Apple,USD,Failed
4586,5203,04/04/2023,2819.9,CR,direct deposit,direct deposit,Shell,MXN,PENDING
4587,5364,28-Mar-2023,6447.21,CREDIT,Transfer,Transfer,United Airlines,USD,Completed
4588,5092,07-Jan-2023,5105.12,CREDIT,F&D,F&D,Amazon,USD,Declined
4589,5012,2023-10-23,8413.77,debit,atm,ATM Withdrawal,Shell,USD,Complete
4590,5207,09-May-2024,3194.62,Credit,ATM Withdrawal,N/A,Amazon,USD,Pending
4591,5075,2023-03-08,-3640.85,DR,utilities,utilities,,USD,Completed
4592,5289,"May 16, 2024",3245.31,CREDIT,Health,unknown,Google,USD,COMPLETED
4593,5007,17-Jun-2024,5499.14,Credit,Cash,ATM Withdrawal,Target,USD,PENDING
4594,5136,25-May-2023,5934.08,debit,MEDICAL,Healthcare,CVS Pharmacy,GBP,Complete
4595,5331,"Mar 19, 2023",7648.5,credit,Health,United Airlines,United Airlines,USD,FAILED
4596,5008,2024-03-03,-1668.94,debit,food,CVS Pharmacy,CVS Pharmacy,CAD,PENDING
4597,5208,"Dec 13, 2023",-8303.95,debit,SHOPPING,SHOPPING,Whole Foods,USD,completed
4598,5294,"Jul 29, 2023",-8197.97,debit,Restaurants,Food & Dining,Spotify,USD,FAILED
4599,5365,10/19/2023,530.5,CR,healthcare,healthcare,Starbucks,USD,COMPLETED
4600,5052,01/11/2024,7497.78,Credit,healthcare,Netflix,Netflix,USD,COMPLETED
4601,5125,03-Jun-2024,7282.37,Credit,wire transfer,Spotify,Spotify,USD,F
4602,5230,29-Dec-2023,7496.07,CREDIT,shopping,Shopping,Shell,USD,Complete
4603,5295,01/31/2023,8281.32,CR,Airline,Airline,Amazon,USD,declined
4604,5096,05/07/2023,-6443.87,debit,atm,N/A,Apple,USD,F
4605,5031,05-Jul-2023,-550.92,debit,Healthcare,Healthcare,,USD,declined
4606,5013,01/31/2024,6526.69,Credit,HOTEL,N/A,United Airlines,USD,PENDING
4607,5106,2024-02-17,1105.94,CR,PAYROLL,Netflix,Netflix,USD,FAILED
4608,5357,2023-08-17,-853.71,DEBIT,MEDICAL,N/A,Netflix,USD,Failed
4609,5046,03/26/2023,8639.28,CREDIT,food,N/A,Shell,USD,Declined
4610,5005,"Jan 25, 2023",8710.11,Credit,payroll,Target,Target,USD,completed
4611,5036,"Feb 06, 2024",4479.68,Credit,Cash,Google,Google,CAD,Failed
4612,5011,2023-09-07,3110.69,CR,Health,Healthcare,Whole Foods,CAD,completed
4613,5020,2023-03-27,2580.44,CR,SHOPPING,SHOPPING,CVS Pharmacy,USD,declined
4614,5285,03/29/2023,-4595.31,DEBIT,travel,travel,CVS Pharmacy,USD,COMPLETED
4615,5270,01/14/2024,8459.4,Debit,utilities,Utilities,United Airlines,USD,FAILED
4616,5237,06/20/2023,7774.63,credit,medical,Healthcare,Shell,USD,P
4617,5223,"May 26, 2023",5714.87,Credit,shopping,Netflix,Netflix,USD,COMPLETED
4618,5069,18-Sep-2023,2775.43,DEBIT,utility,Starbucks,Starbucks,EUR,P
4619,5108,01/07/2023,-8616.72,DEBIT,payroll,unknown,unknown,USD,PENDING
4620,5087,"Feb 03, 2024",-6099.43,debit,hotel,Travel,Google,USD,Completed
4621,5238,04/18/2023,3879.0,debit,Travel,Travel,Target,USD,C
4622,5212,"Oct 28, 2023",-1441.85,DR,ATM,United Airlines,United Airlines,USD,P
4623,5042,07/31/2023,7276.74,CR,Direct Deposit,Direct Deposit,United Airlines,USD,pending
4624,5362,"Jan 30, 2024",2354.68,DR,Health,,Shell,USD,F
4625,5210,2024-05-08,-2400.08,debit,Payroll,Payroll,Walmart,USD,Pending
4626,5339,2024-01-18,-9219.79,Debit,Medical,Medical,Netflix,USD,pending
4627,5074,22-Sep-2023,4118.46,Credit,Restaurants,Food & Dining,Spotify,USD,COMPLETED
4628,5321,04/19/2024,9056.73,DR,Health,Walmart,Walmart,USD,FAILED
4629,5018,2023-07-17,774.04,Debit,hotel,,Spotify,USD,PENDING
4630,5250,"Aug 24, 2023",3033.83,CR,MEDICAL,Healthcare,CVS Pharmacy,USD,completed
4631,5172,17-Dec-2023,7298.46,DEBIT,salary,salary,Amazon,USD,completed
4632,5086,"Sep 28, 2023",-4020.15,DR,dining,United Airlines,United Airlines,USD,Pending
4633,5104,2023-09-07,-2157.69,DEBIT,Bills,,Walmart,MXN,PENDING
4634,5235,07/15/2023,2241.09,credit,shopping,null,Walmart,USD,F
4635,5391,2024-01-14,-1667.05,debit,Travel,Travel,Shell,USD,Completed
4636,5317,"Jun 27, 2024",-3236.62,DR,hotel,,,USD,failed
4637,5281,15-Apr-2024,-9444.67,debit,food,Food & Dining,unknown,USD,declined
4638,5062,06-Feb-2024,3979.31,Credit,bills,bills,Whole Foods,USD,Declined
4639,5230,01/23/2023,3881.84,DR,food & drink,United Airlines,United Airlines,CAD,F
4640,5055,09/25/2023,2675.73,CREDIT,salary,Payroll,Whole Foods,USD,F
4641,5278,07/22/2023,3946.17,CREDIT,Retail,Whole Foods,Whole Foods,USD,pending
4642,5065,01-Oct-2023,786.83,DR,wire transfer,N/A,United Airlines,USD,P
4643,5241,29-Jan-2024,4419.53,CREDIT,airline,unknown,Amazon,USD,pending
4644,5179,2023-05-27,-8114.95,DEBIT,Wire,Transfer,Netflix,USD,Completed
4645,5169,30-Apr-2023,7601.09,DEBIT,xfer,xfer,Amazon,MXN,Pending
4646,5297,11/27/2023,-6609.11,Debit,Travel,Travel,CVS Pharmacy,USD,PENDING
4647,5203,"Jan 17, 2023",6597.89,CREDIT,Health,Health,Walmart,EUR,Declined
4648,5207,04/11/2023,-5786.29,DR,Transfer,Transfer,Spotify,USD,Complete
4649,5071,2023-07-18,6585.61,CREDIT,medical,null,Amazon,USD,Complete
4650,5062,03/13/2023,215.53,CR,transfer,Transfer,United Airlines,USD,PENDING
4651,5152,08-Apr-2023,5403.01,Credit,bills,N/A,Amazon,USD,Complete
4652,5164,"Oct 25, 2023",-1760.12,DR,MEDICAL,unknown,Target,USD,Declined
4653,5115,2023-01-18,1251.03,Credit,Airline,Airline,Apple,USD,COMPLETED
4654,5271,01/28/2023,-7829.67,debit,DINING,Food & Dining,unknown,USD,C
4655,5034,14-Apr-2024,8205.58,Debit,utility,Walmart,Walmart,USD,failed
4656,5144,28-Mar-2024,772.32,CREDIT,purchase,N/A,Netflix,USD,COMPLETED
4657,5179,2023-01-22,-6759.19,Debit,medical,Healthcare,Google,USD,declined
4658,5122,04/18/2023,8824.96,Credit,UTIL,UTIL,Shell,USD,Failed
4659,5172,2023-08-18,1270.08,CREDIT,utility,utility,Amazon,USD,P
4660,5037,"Jun 01, 2024",6046.59,debit,Direct Deposit,Payroll,United Airlines,USD,failed
4661,5104,2023-10-18,-7005.76,debit,MEDICAL,unknown,unknown,USD,Declined
4662,5160,28-Apr-2024,-4608.1,debit,Cash,Cash,CVS Pharmacy,USD,P
4663,5214,02/03/2024,-9371.74,DEBIT,Travel,Travel,Amazon,USD,pending
4664,5310,06/01/2024,7434.5,CREDIT,ATM Cash,ATM Withdrawal,Starbucks,USD,Pending
4665,5211,02/20/2024,-2130.73,Debit,dining,Food & Dining,Shell,USD,Pending
4666,5125,2023-02-09,-1126.26,DEBIT,Bills,Utilities,Shell,USD,Completed
4667,5050,12/16/2023,5931.97,CR,Food & Dining,N/A,United Airlines,USD,completed
4668,5214,11-Apr-2024,1235.0,Credit,purchase,null,Walmart,CAD,FAILED
4669,5081,29-Aug-2023,1758.9,DEBIT,Airline,null,Walmart,USD,F
4670,5159,2024-03-14,5456.62,CREDIT,Shopping,unknown,Google,USD,Completed
4671,5105,09-Jul-2023,5301.87,DEBIT,salary,salary,Whole Foods,USD,P
4672,5283,2023-05-21,-8173.93,debit,DINING,DINING,Amazon,EUR,F
4673,5295,13-Jun-2024,-1537.03,debit,Restaurants,N/A,Whole Foods,USD,PENDING
4674,5337,2023-01-01,6177.82,credit,hotel,hotel,unknown,USD,completed
4675,5236,06/24/2024,-6133.55,DR,Wire,Wire,Target,USD,declined
4676,5117,26-Jun-2024,9241.39,credit,direct deposit,Shell,Shell,USD,declined
4677,5382,14-Apr-2024,-4190.92,DEBIT,TRANSFER,TRANSFER,Walmart,CAD,pending
4678,5063,09/21/2023,684.47,Credit,purchase,Shopping,Whole Foods,USD,Declined
4679,5351,2024-06-23,-7627.09,DEBIT,Wire,Transfer,United Airlines,USD,Completed
4680,5250,2023-05-11,4430.87,CREDIT,Healthcare,,Starbucks,USD,C
4681,5018,02/22/2023,-7263.89,DEBIT,retail,null,Target,USD,F
4682,5072,"Sep 25, 2023",-5900.49,DR,cash,cash,Spotify,MXN,failed
4683,5139,21-Jun-2024,1472.4,CREDIT,UTILITIES,Utilities,Netflix,USD,F
4684,5113,07/31/2023,5519.97,Credit,hotel,hotel,Netflix,USD,P
4685,5273,04/01/2023,3774.99,CR,travel,travel,Spotify,USD,C
4686,5332,04/12/2024,305.27,CR,MEDICAL,Healthcare,Walmart,MXN,Pending
4687,5382,10/13/2023,4020.98,Debit,healthcare,United Airlines,United Airlines,USD,Declined
4688,5363,"Oct 10, 2023",5962.28,CR,salary,N/A,Shell,USD,Failed
4689,5301,05/26/2024,995.41,Credit,Shopping,N/A,United Airlines,USD,Completed
4690,5035,16-Nov-2023,1077.13,CR,salary,Walmart,Walmart,USD,Pending
4691,5319,08-Jan-2024,2503.25,CR,Healthcare,Healthcare,Walmart,USD,Declined
4692,5073,01/25/2024,3093.89,CREDIT,Payroll,Payroll,Whole Foods,USD,PENDING
4693,5208,12-May-2024,6244.86,CR,utility,United Airlines,United Airlines,USD,Declined
4694,5348,08/15/2023,4137.91,credit,CASH,Starbucks,Starbucks,USD,Pending
4695,5330,"Jun 16, 2023",6739.59,credit,Cash,ATM Withdrawal,Starbucks,USD,Completed
4696,5363,"Mar 01, 2024",-7625.05,DR,airline,airline,Google,EUR,Complete
4697,5201,09/23/2023,-3877.94,Debit,dining,N/A,Netflix,USD,Complete
4698,5063,"Jan 21, 2023",5187.78,CREDIT,health,null,null,USD,P
4699,5272,"Mar 17, 2023",4823.69,DEBIT,health,health,CVS Pharmacy,USD,completed
4700,5388,"Apr 11, 2024",-6450.09,Debit,Airline,Airline,Netflix,USD,C
4701,5071,2024-04-17,-7423.41,DR,retail,Netflix,Netflix,USD,Complete
4702,5056,13-Mar-2024,-451.81,DEBIT,salary,Payroll,Google,USD,PENDING
4703,5331,2023-08-10,6039.4,Credit,cash,N/A,Netflix,USD,completed
4704,5019,"Jul 11, 2023",7924.23,debit,ATM Cash,CVS Pharmacy,CVS Pharmacy,GBP,failed
4705,5324,2023-09-11,4206.28,CREDIT,Bills,null,Spotify,USD,PENDING
4706,5325,2024-06-21,-4783.59,Debit,Xfer,,Google,USD,F
4707,5366,05/26/2024,2671.58,Credit,Health,Health,United Airlines,USD,declined
4708,5262,2023-06-19,84.68,CR,Cash,Whole Foods,Whole Foods,USD,COMPLETED
4709,5297,01-Jun-2024,4280.06,Debit,Shopping,,Google,USD,F
4710,5119,2024-02-01,-7066.54,DEBIT,utilities,utilities,Google,GBP,failed
4711,5094,"Feb 29, 2024",987.99,credit,airline,Target,Target,USD,failed
4712,5054,05/01/2023,8936.3,Debit,Purchase,Shopping,Apple,USD,failed
4713,5360,01/14/2023,1484.17,Debit,Healthcare,Starbucks,Starbucks,USD,FAILED
4714,5369,2024-04-30,-7335.3,DR,Utilities,Utilities,Whole Foods,USD,pending
4715,5358,13-Dec-2023,-3976.17,DEBIT,DD,DD,Google,USD,pending
4716,5001,"Feb 14, 2024",-4813.1,DEBIT,Retail,null,Walmart,USD,COMPLETED
4717,5325,23-Mar-2024,-5494.43,DEBIT,atm,Netflix,Netflix,USD,pending
4718,5039,"Mar 26, 2024",4299.98,CR,utilities,unknown,Apple,USD,Declined
4719,5335,16-Sep-2023,-946.43,DEBIT,Food & Dining,Food & Dining,Spotify,USD,Pending
4720,5293,2024-01-20,-9127.24,DEBIT,dining,Target,Target,USD,pending
4721,5090,"Jul 08, 2023",1188.24,credit,salary,Payroll,Whole Foods,CAD,Completed
4722,5147,2023-11-21,-570.66,debit,Cash,,Shell,USD,FAILED
4723,5397,"Apr 09, 2024",8264.69,CR,purchase,CVS Pharmacy,CVS Pharmacy,USD,Declined
4724,5257,03/13/2023,-6716.25,DR,Utilities,Utilities,United Airlines,EUR,pending
4725,5042,"Apr 07, 2023",-3237.17,DR,UTIL,Utilities,Netflix,USD,failed
4726,5372,"May 31, 2024",6876.12,DR,payroll,N/A,Target,USD,Completed
4727,5305,24-Oct-2023,5293.68,CR,Healthcare,Healthcare,United Airlines,USD,P
4728,5064,"Sep 27, 2023",2428.76,credit,Healthcare,Healthcare,Whole Foods,USD,F
4729,5075,"May 31, 2023",-5764.53,debit,DINING,DINING,Starbucks,USD,FAILED
4730,5022,03/20/2024,-5113.58,DR,airline,,Shell,USD,Declined
4731,5199,04/13/2024,-8290.43,Debit,restaurants,,Netflix,USD,failed
4732,5164,2023-01-01,133.1,Credit,shopping,Amazon,Amazon,USD,pending
4733,5251,04/25/2023,-788.18,Debit,Shopping,Google,Google,USD,FAILED
4734,5259,"Mar 07, 2023",371.4,CR,Bills,null,CVS Pharmacy,USD,F
4735,5372,"Sep 11, 2023",-5093.67,Debit,Payroll,null,Target,USD,Pending
4736,5304,"Nov 07, 2023",8071.18,debit,TRAVEL,United Airlines,United Airlines,USD,Failed
4737,5162,2024-05-10,2338.18,Credit,healthcare,null,CVS Pharmacy,USD,declined
4738,5057,"Mar 02, 2024",5019.24,CR,Shopping,,Apple,USD,completed
4739,5112,02-Dec-2023,-1451.21,DR,ATM Withdrawal,Google,Google,USD,Pending
4740,5153,"Jun 16, 2023",2644.81,CR,TRAVEL,TRAVEL,Spotify,USD,failed
4741,5018,02-Apr-2023,9461.7,Credit,PAYROLL,unknown,Target,USD,P
4742,5211,26-Nov-2023,-3966.61,DR,F&D,Food & Dining,Walmart,USD,Complete
4743,5166,2024-01-08,-978.62,debit,retail,Apple,Apple,USD,pending
4744,5351,2024-05-10,6076.01,DR,TRAVEL,Travel,Whole Foods,USD,declined
4745,5376,"Mar 11, 2024",5784.99,CR,utility,Utilities,Whole Foods,USD,Completed
4746,5309,2024-05-26,7870.76,DR,TRAVEL,,Spotify,USD,Pending
4747,5047,2024-03-05,2563.85,credit,Food & Dining,Food & Dining,CVS Pharmacy,USD,Failed
4748,5107,05-Dec-2023,4606.2,debit,travel,Travel,Apple,EUR,failed
4749,5056,06-Apr-2024,6198.75,DEBIT,Food & Dining,Food & Dining,Apple,USD,failed
4750,5101,2023-09-21,7351.81,credit,CASH,CASH,Whole Foods,USD,Pending
4751,5264,"Jul 27, 2023",158.64,credit,utility,Utilities,CVS Pharmacy,USD,declined
4752,5131,2024-05-10,4717.22,Credit,direct deposit,Payroll,Google,USD,Declined
4753,5016,03/31/2024,-3983.05,DEBIT,dining,dining,Apple,USD,Pending
4754,5348,"Apr 16, 2024",4328.6,credit,Direct Deposit,Payroll,Google,USD,Complete
4755,5201,2023-08-06,229.42,Credit,hotel,Travel,Shell,USD,pending
4756,5121,05-May-2024,6464.47,Credit,DD,DD,Target,USD,Completed
4757,5126,"Oct 01, 2023",-4113.85,Debit,ATM Cash,ATM Cash,Target,USD,declined
4758,5231,2023-05-19,1236.4,debit,Travel,Travel,Walmart,USD,Failed
4759,5122,28-Sep-2023,3344.39,CREDIT,F&D,Food & Dining,Google,USD,F
4760,5227,03/07/2023,-2111.75,Debit,Utilities,Utilities,Google,USD,Complete
4761,5279,2023-10-27,1214.92,Credit,utilities,Apple,Apple,USD,FAILED
4762,5085,"Dec 05, 2023",1804.73,Credit,Healthcare,Healthcare,Netflix,USD,Completed
4763,5087,2023-01-25,1456.21,CREDIT,hotel,null,Whole Foods,EUR,Completed
4764,5223,06/15/2023,6059.42,CR,UTILITIES,Utilities,CVS Pharmacy,EUR,Pending
4765,5117,12/27/2023,8966.2,debit,healthcare,Whole Foods,Whole Foods,USD,COMPLETED
4766,5235,08-Sep-2023,4615.44,credit,Hotel,Hotel,Walmart,USD,Declined
4767,5005,2023-08-25,7368.62,DEBIT,hotel,Travel,Starbucks,USD,Complete
4768,5302,2024-06-24,1537.53,Credit,Airline,CVS Pharmacy,CVS Pharmacy,USD,declined
4769,5386,2023-07-11,7525.11,CREDIT,Payroll,Payroll,Netflix,USD,failed
4770,5280,10-Dec-2023,1444.58,credit,ATM,ATM Withdrawal,Netflix,GBP,Declined
4771,5189,"Dec 27, 2023",5134.11,debit,Medical,Healthcare,Netflix,USD,Complete
4772,5315,2024-01-11,1565.1,CREDIT,Restaurants,null,null,USD,Failed
4773,5277,16-Feb-2023,660.5,DR,MEDICAL,Target,Target,USD,pending
4774,5395,08-Jul-2023,3456.67,CR,Medical,Whole Foods,Whole Foods,MXN,Declined
4775,5044,06-May-2024,-2665.96,DEBIT,Cash,Shell,Shell,USD,pending
4776,5051,"Apr 05, 2024",-2152.9,DEBIT,UTIL,unknown,Amazon,CAD,C
4777,5003,"Mar 06, 2023",285.03,CR,Cash,ATM Withdrawal,,USD,completed
4778,5014,2024-03-15,-8463.16,Debit,Payroll,Payroll,Apple,EUR,F
4779,5278,2023-04-12,-5140.48,DR,direct deposit,direct deposit,Google,USD,C
4780,5367,06/28/2023,-3906.71,DR,cash,ATM Withdrawal,Netflix,USD,PENDING
4781,5365,"Jun 12, 2023",-1371.26,DR,purchase,N/A,Apple,MXN,Pending
4782,5221,10-Apr-2024,3523.83,DR,Health,Apple,Apple,USD,Failed
4783,5371,2024-03-31,7315.59,CR,TRANSFER,N/A,Netflix,USD,Completed
4784,5222,07/23/2023,-5980.97,DEBIT,Bills,Bills,CVS Pharmacy,USD,Declined
4785,5198,"Jun 15, 2024",3961.41,Credit,Xfer,Xfer,CVS Pharmacy,USD,Completed
4786,5358,2023-06-30,6772.2,CREDIT,ATM Cash,ATM Cash,Starbucks,USD,declined
4787,5400,2023-05-27,5699.78,Debit,DD,Apple,Apple,USD,COMPLETED
4788,5042,12/26/2023,8076.62,CREDIT,ATM Withdrawal,ATM Withdrawal,Starbucks,USD,Pending
4789,5032,02/27/2023,-5739.83,Debit,Health,null,null,USD,FAILED
4790,5398,03/18/2023,-2882.95,Debit,retail,retail,Starbucks,USD,Pending
4791,5070,"Mar 29, 2024",103.76,credit,F&D,CVS Pharmacy,CVS Pharmacy,USD,COMPLETED
4792,5119,02/10/2024,8398.27,Credit,WIRE,Target,Target,USD,completed
4793,5236,04/13/2024,6551.19,CR,ATM Cash,,,USD,Pending
4794,5319,07-Feb-2024,899.49,credit,Food & Dining,Food & Dining,Amazon,USD,COMPLETED
4795,5228,"Feb 05, 2023",9427.2,credit,Direct Deposit,Payroll,Spotify,USD,PENDING
4796,5268,"Mar 02, 2024",8489.93,credit,ATM Withdrawal,United Airlines,United Airlines,USD,failed
4797,5198,13-Dec-2023,7214.31,DR,Restaurants,Restaurants,Target,USD,pending
4798,5388,05/14/2024,5308.02,CR,PAYROLL,,Walmart,USD,Complete
4799,5180,2023-10-23,2208.92,credit,Utilities,N/A,CVS Pharmacy,USD,FAILED
4800,5147,"Nov 24, 2023",8396.05,Credit,salary,Payroll,Spotify,USD,Completed
4801,5123,10-Feb-2023,7873.42,credit,utilities,Utilities,Netflix,USD,COMPLETED
4802,5316,18-Apr-2024,-498.3,DEBIT,medical,N/A,Google,USD,PENDING
4803,5218,"Mar 30, 2023",3641.1,DR,Payroll,Payroll,Netflix,USD,Pending
4804,5251,10/15/2023,1016.2,DEBIT,food & drink,Netflix,Netflix,USD,P
4805,5333,"Jul 05, 2023",6280.82,DR,UTILITIES,Utilities,Amazon,USD,PENDING
4806,5246,06/08/2024,8086.44,credit,Restaurants,Food & Dining,,USD,Completed
4807,5162,"Dec 27, 2023",-7430.2,DEBIT,dining,Food & Dining,Apple,USD,PENDING
4808,5124,08/19/2023,1015.02,debit,ATM Cash,ATM Withdrawal,Spotify,USD,failed
4809,5196,"Dec 24, 2023",4397.44,Credit,Restaurants,Food & Dining,Starbucks,USD,failed
4810,5216,04/26/2023,-338.34,Debit,F&D,F&D,Whole Foods,USD,Complete
4811,5192,05-Aug-2023,-3096.34,Debit,hotel,Travel,Target,USD,failed
4812,5034,"Mar 30, 2024",3887.99,CR,ATM,unknown,Google,USD,completed
4813,5098,"Jan 11, 2023",-5728.57,DR,Direct Deposit,N/A,Shell,USD,Pending
4814,5225,"Nov 14, 2023",-4421.3,debit,Bills,Google,Google,USD,Completed
4815,5002,2023-08-11,6157.4,debit,xfer,Amazon,Amazon,USD,FAILED
4816,5273,04-Aug-2023,1808.02,CREDIT,Purchase,null,Shell,USD,completed
4817,5142,03/06/2023,2076.94,CR,Airline,Airline,unknown,USD,F
4818,5184,"May 04, 2024",5666.07,Credit,Wire,Wire,Apple,USD,F
4819,5352,03/13/2024,7218.6,debit,Restaurants,,,USD,FAILED
4820,5287,06/05/2024,-2241.29,DEBIT,xfer,Starbucks,Starbucks,USD,failed
4821,5094,11/19/2023,-717.81,DR,Purchase,Purchase,Google,USD,completed
4822,5026,"Mar 21, 2024",3627.96,Debit,cash,cash,,USD,Pending
4823,5306,03-Feb-2023,1742.79,CREDIT,Xfer,unknown,unknown,USD,F
4824,5044,23-Sep-2023,2653.39,debit,atm,Netflix,Netflix,USD,declined
4825,5228,"Aug 02, 2023",4639.48,DR,bills,bills,Target,USD,F
4826,5192,"Apr 23, 2023",8004.5,CREDIT,Direct Deposit,Direct Deposit,Walmart,USD,Completed
4827,5242,2023-03-05,6671.88,Credit,Bills,Utilities,Whole Foods,USD,Pending
4828,5334,"Jul 07, 2023",9280.57,credit,HOTEL,Travel,Starbucks,USD,Pending
4829,5077,04/14/2023,477.75,CREDIT,direct deposit,CVS Pharmacy,CVS Pharmacy,EUR,Declined
4830,5238,23-Jul-2023,-212.11,debit,Xfer,Whole Foods,Whole Foods,USD,Completed
4831,5188,"Aug 27, 2023",-6469.24,debit,utility,Apple,Apple,USD,failed
4832,5032,2024-03-02,-1881.69,DR,restaurants,Target,Target,CAD,pending
4833,5166,24-Sep-2023,-1648.15,debit,Xfer,Xfer,Walmart,USD,failed
4834,5163,31-Jan-2023,4158.29,CR,TRANSFER,null,null,USD,failed
4835,5359,2023-02-02,1743.57,debit,F&D,unknown,Shell,USD,failed
4836,5145,08-Feb-2023,8047.75,Credit,atm,Google,Google,USD,PENDING
4837,5010,"Apr 20, 2024",4115.67,CR,F&D,F&D,Target,USD,Failed
4838,5286,"Sep 10, 2023",1517.24,Debit,TRANSFER,Transfer,Spotify,USD,completed
4839,5222,09-Jun-2023,2552.66,DR,direct deposit,Payroll,unknown,CAD,Declined
4840,5278,"Oct 16, 2023",-2135.82,debit,hotel,Apple,Apple,USD,Complete
4841,5289,"Sep 07, 2023",-6495.23,DEBIT,TRANSFER,TRANSFER,Amazon,USD,Completed
4842,5296,11/20/2023,7161.93,DR,CASH,CASH,Spotify,USD,failed
4843,5341,13-Aug-2023,-477.88,Debit,DINING,Netflix,Netflix,USD,F
4844,5083,04/25/2023,5443.37,CR,UTIL,null,Whole Foods,USD,pending
4845,5044,02/03/2023,1477.88,Debit,bills,Amazon,Amazon,MXN,F
4846,5164,"Mar 09, 2023",-8358.55,DR,Utilities,Apple,Apple,USD,failed
4847,5314,25-May-2024,4512.42,CREDIT,Travel,Shell,Shell,USD,COMPLETED
4848,5249,20-Sep-2023,1046.37,credit,ATM Cash,ATM Withdrawal,Shell,USD,failed
4849,5291,01/16/2023,-2510.73,DR,DD,Target,Target,USD,Completed
4850,5336,28-May-2024,4062.25,CR,health,Healthcare,CVS Pharmacy,USD,Completed
4851,5213,"Apr 04, 2023",8295.99,credit,DINING,CVS Pharmacy,CVS Pharmacy,USD,COMPLETED
4852,5059,2024-02-25,-5884.74,DEBIT,UTIL,null,Shell,USD,pending
4853,5166,2023-11-10,7576.03,Credit,travel,Shell,Shell,USD,COMPLETED
4854,5164,05/27/2024,7065.17,Debit,dining,N/A,CVS Pharmacy,USD,Completed
4855,5006,19-Apr-2023,1773.77,Credit,DD,DD,Walmart,USD,failed
4856,5018,2023-09-28,5589.25,CREDIT,WIRE,N/A,Whole Foods,USD,completed
4857,5354,2024-06-06,4095.46,Credit,Salary,Salary,Starbucks,USD,Complete
4858,5120,2023-04-10,-1854.55,debit,bills,null,Target,USD,Complete
4859,5046,"Mar 14, 2023",6387.51,CR,purchase,Whole Foods,Whole Foods,USD,P
4860,5068,02/19/2024,7486.16,credit,Utilities,,Apple,USD,F
4861,5298,09-Oct-2023,-2007.01,debit,Cash,ATM Withdrawal,Shell,USD,Pending
4862,5388,2024-02-16,1781.06,credit,utilities,Utilities,Apple,USD,F
4863,5289,"Mar 28, 2023",-6628.22,Debit,HOTEL,Walmart,Walmart,CAD,pending
4864,5255,15-Jun-2024,5329.81,DR,Purchase,CVS Pharmacy,CVS Pharmacy,USD,C
4865,5056,12/20/2023,4273.03,CR,Medical,Spotify,Spotify,USD,P
4866,5039,09-Aug-2023,7490.34,credit,cash,Shell,Shell,USD,failed
4867,5141,2023-11-21,-3085.67,debit,airline,airline,Starbucks,USD,completed
4868,5022,29-Sep-2023,-3531.09,debit,Health,Starbucks,Starbucks,USD,F
4869,5109,10-Mar-2023,-534.39,Debit,cash,,Spotify,USD,COMPLETED
4870,5294,2023-05-15,-2129.69,debit,health,health,,USD,Declined
4871,5075,"Jun 09, 2023",-939.89,Debit,Hotel,Netflix,Netflix,USD,declined
4872,5093,11-Jun-2023,5323.81,credit,Utilities,N/A,CVS Pharmacy,USD,Completed
4873,5103,26-Oct-2023,8114.98,credit,dining,dining,Shell,USD,pending
4874,5075,"Mar 26, 2024",5332.25,CR,payroll,CVS Pharmacy,CVS Pharmacy,USD,COMPLETED
4875,5261,09/17/2023,3014.04,DR,MEDICAL,null,United Airlines,USD,FAILED
4876,5365,10/18/2023,5814.82,debit,CASH,ATM Withdrawal,Amazon,USD,completed
4877,5055,2023-04-14,2850.98,CR,Travel,Starbucks,Starbucks,USD,COMPLETED
4878,5061,04/19/2024,442.64,CR,DINING,Food & Dining,United Airlines,USD,pending
4879,5067,"Nov 20, 2023",7890.94,credit,Transfer,unknown,CVS Pharmacy,USD,Declined
4880,5383,20-Sep-2023,3655.6,DR,Wire,Apple,Apple,USD,C
4881,5341,20-May-2023,554.2,DR,DD,United Airlines,United Airlines,USD,completed
4882,5089,02-Mar-2024,4688.42,CR,shopping,shopping,Shell,USD,Pending
4883,5139,05-Apr-2023,-8642.42,DR,airline,Travel,Netflix,EUR,Declined
4884,5201,"Aug 08, 2023",9159.18,CREDIT,DD,unknown,Spotify,USD,completed
4885,5001,10/23/2023,-9223.21,Debit,Purchase,Purchase,Starbucks,USD,Pending
4886,5316,07/09/2023,8655.14,CREDIT,Travel,,United Airlines,USD,declined
4887,5091,"Dec 02, 2023",-4814.61,debit,Healthcare,Google,Google,GBP,COMPLETED
4888,5212,27-Apr-2023,7440.62,Debit,Purchase,unknown,CVS Pharmacy,USD,failed
4889,5099,09/04/2023,234.0,Credit,ATM,unknown,Shell,CAD,F
4890,5146,11-Jan-2023,6824.47,CREDIT,ATM Cash,Netflix,Netflix,USD,Failed
4891,5222,2023-08-30,-6224.35,debit,utility,Spotify,Spotify,USD,Pending
4892,5166,2024-03-22,-7521.95,debit,Xfer,Transfer,Shell,USD,C
4893,5095,"Oct 03, 2023",9131.26,CREDIT,ATM Withdrawal,ATM Withdrawal,Shell,USD,PENDING
4894,5222,01/04/2024,7828.0,DEBIT,bills,null,CVS Pharmacy,USD,Failed
4895,5232,2023-06-07,4726.91,credit,DINING,null,null,USD,F
4896,5193,20-Sep-2023,5714.82,Credit,dining,unknown,Netflix,MXN,FAILED
4897,5176,2023-06-02,-1533.43,Debit,DD,DD,Netflix,GBP,F
4898,5352,30-Nov-2023,1270.18,credit,DD,Google,Google,USD,F
4899,5217,2023-09-09,5339.86,CR,utilities,Utilities,United Airlines,USD,PENDING
4900,5240,2023-01-27,6112.61,CREDIT,MEDICAL,Healthcare,CVS Pharmacy,USD,Failed
4901,5325,08/30/2023,-5731.11,DR,healthcare,,Apple,USD,C
4902,5221,07/08/2023,6641.64,CREDIT,Health,N/A,Amazon,GBP,PENDING
4903,5064,07/11/2023,7444.2,debit,retail,Shopping,Amazon,USD,PENDING
4904,5127,"Dec 04, 2023",456.07,CR,Salary,null,null,USD,P
4905,5180,01/27/2024,-7948.76,Debit,direct deposit,Whole Foods,Whole Foods,USD,P
4906,5258,26-Jan-2024,-3862.71,Debit,SHOPPING,SHOPPING,United Airlines,EUR,completed
4907,5363,05/24/2024,8446.65,DR,Purchase,Whole Foods,Whole Foods,USD,failed
4908,5063,06/06/2023,7804.25,CR,UTIL,,Shell,USD,Declined
4909,5314,03/02/2024,3385.47,credit,Retail,Walmart,Walmart,USD,pending
4910,5283,25-Aug-2023,4601.54,credit,utilities,Utilities,Spotify,USD,F
4911,5062,14-Apr-2024,-7407.09,Debit,ATM Cash,ATM Cash,Walmart,USD,COMPLETED
4912,5158,19-Mar-2024,8128.92,credit,F&D,F&D,Shell,USD,Completed
4913,5397,05-Feb-2024,5797.6,DR,restaurants,restaurants,Google,USD,Pending
4914,5394,07-Jan-2023,8407.63,Credit,Healthcare,Healthcare,N/A,USD,completed
4915,5123,11/04/2023,9315.57,credit,Medical,Medical,Amazon,USD,C
4916,5002,04/12/2023,6450.28,CREDIT,airline,Travel,Starbucks,USD,COMPLETED
4917,5134,2024-02-22,90.68,DEBIT,Airline,Netflix,Netflix,CAD,completed
4918,5060,2024-01-19,3984.61,Credit,airline,airline,null,MXN,Completed
4919,5024,12/24/2023,-2214.32,Debit,TRAVEL,Travel,Whole Foods,USD,pending
4920,5249,2023-05-02,5679.36,credit,healthcare,Starbucks,Starbucks,USD,C
4921,5067,09/10/2023,7731.32,credit,UTIL,UTIL,Target,USD,C
4922,5254,2023-11-10,-8969.67,Debit,MEDICAL,MEDICAL,Shell,USD,PENDING
4923,5028,02-Aug-2023,7670.09,CR,Purchase,Shopping,Netflix,USD,PENDING
4924,5263,04-Mar-2024,-5851.05,DR,airline,null,Spotify,USD,COMPLETED
4925,5016,"May 15, 2023",-8497.07,debit,restaurants,Food & Dining,Starbucks,USD,Complete
4926,5274,08/21/2023,-2011.49,DEBIT,Utilities,Google,Google,USD,Failed
4927,5101,2024-05-14,-8640.0,Debit,Transfer,Transfer,Walmart,MXN,failed
4928,5004,"Mar 14, 2023",7971.4,debit,Medical,Medical,Apple,USD,completed
4929,5057,06/24/2024,5824.81,credit,F&D,Food & Dining,Netflix,USD,Failed
4930,5296,2023-04-25,-3570.34,DEBIT,ATM,,Amazon,USD,F
4931,5215,"Oct 26, 2023",7807.33,CREDIT,wire transfer,Transfer,Shell,CAD,completed
4932,5332,08/23/2023,-731.78,Debit,Direct Deposit,Direct Deposit,Whole Foods,USD,F
4933,5081,"Aug 01, 2023",-5791.89,DEBIT,Purchase,Purchase,Target,USD,FAILED
4934,5139,2024-03-31,-5432.12,Debit,Xfer,unknown,Whole Foods,USD,FAILED
4935,5070,16-Sep-2023,3762.62,debit,restaurants,Food & Dining,Shell,USD,pending
4936,5364,"Oct 03, 2023",8782.4,credit,Health,Google,Google,USD,F
4937,5113,10-Jun-2023,1930.97,CREDIT,transfer,transfer,Walmart,USD,Completed
4938,5016,03/16/2023,11.98,Debit,retail,retail,Spotify,USD,failed
4939,5260,2023-08-18,3669.33,CREDIT,Direct Deposit,unknown,Amazon,USD,pending
4940,5293,2023-11-17,-7346.76,DR,Restaurants,Shell,Shell,USD,PENDING
4941,5049,05/12/2024,2203.29,Credit,CASH,Apple,Apple,EUR,F
4942,5152,12/06/2023,-9455.93,Debit,purchase,N/A,Amazon,GBP,Failed
4943,5351,"Oct 08, 2023",9418.43,CREDIT,Payroll,unknown,Spotify,USD,Failed
4944,5026,2023-08-18,-2446.34,DR,health,N/A,Target,USD,Failed
4945,5209,19-Jun-2024,4750.87,CR,CASH,N/A,Netflix,USD,declined
4946,5097,"Jan 05, 2024",1222.22,Credit,TRAVEL,Travel,Apple,USD,Pending
4947,5353,13-Apr-2024,2974.11,credit,payroll,,,USD,C
4948,5236,04-Jan-2024,2481.37,Credit,transfer,Transfer,Google,USD,FAILED
4949,5030,"May 31, 2023",1597.6,CR,restaurants,Food & Dining,Netflix,USD,PENDING
4950,5270,"Aug 29, 2023",8391.32,credit,CASH,CASH,Shell,USD,COMPLETED
4951,5092,05/29/2023,6675.65,debit,atm,atm,United Airlines,USD,Completed
4952,5315,23-Mar-2023,1417.28,Credit,ATM Withdrawal,Walmart,Walmart,USD,pending
4953,5357,10-May-2024,4855.11,debit,Cash,Spotify,Spotify,USD,PENDING
4954,5358,2024-03-28,-3743.26,debit,xfer,Transfer,CVS Pharmacy,USD,P
4955,5109,"Jun 10, 2023",106.74,Credit,Airline,Starbucks,Starbucks,USD,Complete
4956,5134,2023-03-29,-8250.15,DR,wire transfer,wire transfer,Shell,USD,completed
4957,5262,"Feb 15, 2024",5778.09,DEBIT,DD,Payroll,Whole Foods,CAD,P
4958,5335,01/28/2023,8738.23,Credit,SHOPPING,Shell,Shell,USD,Pending
4959,5169,01/05/2024,4266.94,DR,bills,Utilities,Starbucks,GBP,Failed
4960,5089,2023-05-26,-4672.7,DR,retail,,Walmart,USD,FAILED
4961,5012,13-Apr-2023,5995.95,Debit,Xfer,Xfer,Google,EUR,Complete
4962,5353,05/20/2024,1974.54,CREDIT,DD,unknown,unknown,USD,PENDING
4963,5361,11/16/2023,768.44,Debit,transfer,unknown,Target,USD,COMPLETED
4964,5143,09/26/2023,-4063.22,debit,bills,Utilities,CVS Pharmacy,USD,Completed
4965,5180,04/08/2023,-294.03,debit,Purchase,Shell,Shell,USD,Failed
4966,5362,06/29/2024,6275.67,Credit,Purchase,Purchase,N/A,USD,failed
4967,5191,09/01/2023,6180.19,CREDIT,PAYROLL,Payroll,Shell,USD,Completed
4968,5373,03/02/2024,1161.41,CR,Salary,Salary,Spotify,USD,C
4969,5207,02/14/2024,9018.36,DR,PAYROLL,unknown,Walmart,USD,pending
4970,5292,17-Jul-2023,-3042.79,DEBIT,Food & Dining,Spotify,Spotify,USD,COMPLETED
4971,5380,07/02/2023,-1469.35,Debit,Xfer,,Netflix,USD,COMPLETED
4972,5311,04/14/2024,-2272.6,debit,ATM,unknown,unknown,USD,Complete
4973,5038,02/25/2024,-456.89,DEBIT,purchase,Amazon,Amazon,USD,declined
4974,5050,"May 06, 2024",6316.31,credit,Healthcare,Healthcare,CVS Pharmacy,USD,P
4975,5194,01-Nov-2023,-4424.64,debit,Restaurants,unknown,Google,EUR,FAILED
4976,5272,03/04/2024,6638.69,Credit,UTIL,UTIL,Walmart,USD,pending
4977,5310,05-Nov-2023,2318.83,Credit,wire transfer,Transfer,Amazon,USD,Failed
4978,5282,16-Jun-2023,7163.84,CREDIT,ATM,ATM Withdrawal,Target,USD,FAILED
4979,5400,"Jun 17, 2024",8450.14,Credit,Payroll,Payroll,Walmart,USD,declined
4980,5125,05/30/2023,-7164.68,DEBIT,Purchase,Purchase,Walmart,USD,COMPLETED
4981,5078,05-May-2024,-195.4,Debit,health,Healthcare,United Airlines,USD,pending
4982,5133,2023-08-07,-3151.49,DR,purchase,Netflix,Netflix,CAD,P
4983,5126,"Jan 09, 2023",-5553.65,DEBIT,Hotel,N/A,Amazon,USD,Complete
4984,5384,22-Apr-2023,2242.05,CREDIT,retail,Shopping,Spotify,USD,Failed
4985,5162,2023-09-07,6127.54,Credit,utilities,N/A,Shell,USD,Failed
4986,5385,06/22/2024,2311.53,debit,direct deposit,null,Walmart,USD,P
4987,5003,"Feb 08, 2024",-7161.88,DR,Medical,Target,Target,USD,FAILED
4988,5162,04/23/2023,7283.19,credit,Cash,N/A,United Airlines,USD,Completed
4989,5358,25-Nov-2023,3394.4,credit,SHOPPING,SHOPPING,Walmart,USD,declined
4990,5113,03/04/2024,2993.64,credit,xfer,xfer,Netflix,USD,F
4991,5182,2024-06-11,6755.6,credit,xfer,Shell,Shell,USD,FAILED
4992,5158,"Jun 24, 2023",-2898.65,debit,Wire,Wire,,USD,declined
4993,5170,01/01/2024,-7429.67,DEBIT,WIRE,Shell,Shell,USD,PENDING
4994,5214,2023-05-20,8138.8,CR,retail,Shopping,Shell,USD,failed
4995,5044,"Jan 28, 2024",-9475.58,DEBIT,Food & Dining,Food & Dining,CVS Pharmacy,USD,Failed
4996,5091,"Feb 18, 2023",7757.26,CR,cash,Shell,Shell,USD,FAILED
4997,5119,04/17/2023,3638.59,credit,UTILITIES,Shell,Shell,USD,COMPLETED
4998,5070,"Aug 21, 2023",8192.36,credit,healthcare,Whole Foods,Whole Foods,USD,Failed
4999,5396,"Sep 13, 2023",4543.55,Credit,TRAVEL,TRAVEL,Shell,USD,Declined
5000,5012,28-Apr-2024,-8112.08,DEBIT,Xfer,Netflix,Netflix,USD,failed
